stamp_sec,stamp_nanosec,frame_id,child_frame_id,x_m,y_m,yaw_rad,vx_mps,vy_mps,yaw_rate_rps
2,469000000,odom_imu_lidar_fused,base_link,-0.006799155,-0.000759082,-0.000558862,-0.052695697,0.012604053,0.001287566
2,789000000,odom_imu_lidar_fused,base_link,-0.006286168,-0.003351116,-0.000090920,0.002060187,-0.010409777,0.000636980
3,84000000,odom_imu_lidar_fused,base_link,-0.008834055,-0.001050173,-0.000101528,-0.010232480,0.009240738,-0.001087706
3,371000000,odom_imu_lidar_fused,base_link,-0.008565943,-0.002953943,-0.000691730,0.000807568,-0.005734248,0.001562183
3,646000000,odom_imu_lidar_fused,base_link,-0.009444267,-0.001957753,-0.000984743,-0.003527406,0.004000763,0.006296501
3,928000000,odom_imu_lidar_fused,base_link,-0.011027125,-0.003838091,0.001537305,-0.004767645,-0.005663669,0.003493261
4,239000000,odom_imu_lidar_fused,base_link,-0.009725024,-0.001074037,-0.000023841,0.005229323,0.011100620,-0.002087330
4,521000000,odom_imu_lidar_fused,base_link,-0.012187787,-0.003657602,0.000466913,-0.007417962,-0.007781824,-0.003092112
4,784000000,odom_imu_lidar_fused,base_link,-0.008977722,-0.000809004,0.000578849,0.012891828,0.011440154,-0.003394341
5,64000000,odom_imu_lidar_fused,base_link,-0.008511454,-0.002312387,-0.000019833,0.001872561,-0.006037683,-0.003572201
5,293000000,odom_imu_lidar_fused,base_link,-0.015195535,-0.001838130,0.000546841,-0.026843697,0.001904645,-0.003095655
5,573000000,odom_imu_lidar_fused,base_link,-0.010698336,-0.000857106,-0.001762076,0.018061041,0.003939856,-0.001565337
5,811000000,odom_imu_lidar_fused,base_link,-0.007414414,-0.001020148,-0.001719967,0.013188440,-0.000654788,0.003659018
6,60000000,odom_imu_lidar_fused,base_link,-0.008107079,-0.000331441,-0.001406691,-0.002781784,0.002765894,-0.001405711
6,329000000,odom_imu_lidar_fused,base_link,-0.004880825,-0.001828011,-0.001188584,0.012956840,-0.006010322,-0.000879680
6,583000000,odom_imu_lidar_fused,base_link,-0.003531348,-0.005761871,-0.000270281,0.004064690,-0.011848976,-0.008353511
6,837000000,odom_imu_lidar_fused,base_link,-0.002047490,0.000325448,-0.000399091,0.005959269,0.024447064,-0.001992072
7,93000000,odom_imu_lidar_fused,base_link,-0.002917676,-0.003741981,-0.000157964,-0.003494723,-0.016335055,0.003645153
7,347000000,odom_imu_lidar_fused,base_link,-0.000146565,-0.000376180,-0.000267902,0.011128963,0.013517274,0.006190466
7,624000000,odom_imu_lidar_fused,base_link,-0.003754595,-0.002964556,-0.000469152,-0.014490082,-0.010395087,0.001095706
7,891000000,odom_imu_lidar_fused,base_link,-0.003580263,-0.002760193,-0.000441503,0.000700128,0.000820737,-0.002127083
8,141000000,odom_imu_lidar_fused,base_link,-0.004692499,-0.003877990,-0.000791453,-0.004466812,-0.004489147,-0.002175971
8,388000000,odom_imu_lidar_fused,base_link,-0.004665244,-0.002204286,-0.000126065,0.000109459,0.006721705,-0.000974023
8,631000000,odom_imu_lidar_fused,base_link,-0.006556350,-0.001793561,-0.000535383,-0.007594803,0.001649498,0.000737597
8,858000000,odom_imu_lidar_fused,base_link,-0.005369675,0.000796195,-0.001234923,0.004765763,0.010400625,-0.001009630
9,96000000,odom_imu_lidar_fused,base_link,-0.008404395,-0.002219880,-0.000631139,-0.012187633,-0.012112752,-0.002201782
9,352000000,odom_imu_lidar_fused,base_link,-0.005794386,0.000413937,-0.001821373,0.010481967,0.010577580,-0.000639427
9,589000000,odom_imu_lidar_fused,base_link,-0.006677209,-0.000015309,-0.000050119,-0.003545476,-0.001723879,-0.000054161
9,852000000,odom_imu_lidar_fused,base_link,-0.007965113,0.000296536,0.000255224,-0.005172306,0.001252389,0.003162957
10,109000000,odom_imu_lidar_fused,base_link,-0.008421346,0.000157081,0.000124021,-0.001832260,-0.000560062,0.002760301
10,342000000,odom_imu_lidar_fused,base_link,-0.001729825,0.004172474,-0.001032676,0.026873579,0.016126076,0.005427559
10,566000000,odom_imu_lidar_fused,base_link,0.041214983,0.000775943,-0.000771031,0.172469109,-0.013640686,0.005049021
10,825000000,odom_imu_lidar_fused,base_link,0.034453625,0.001379386,-0.014519862,-0.027154051,0.002423468,0.002693872
11,94000000,odom_imu_lidar_fused,base_link,0.085495720,0.000233882,-0.024121079,0.204988334,-0.004600418,-0.001633209
11,327000000,odom_imu_lidar_fused,base_link,0.130972090,-0.001010666,-0.036470398,0.182636027,-0.004998186,0.002163612
11,577000000,odom_imu_lidar_fused,base_link,0.183419155,-0.011831954,-0.050021673,0.210630780,-0.043458988,0.006449820
11,850000000,odom_imu_lidar_fused,base_link,0.258212562,-0.022336526,-0.066418405,0.300375131,-0.042187038,0.003234008
12,122000000,odom_imu_lidar_fused,base_link,0.330748860,-0.037664075,-0.085294464,0.291310434,-0.061556419,-0.002162524
12,380000000,odom_imu_lidar_fused,base_link,0.430933887,-0.063022815,-0.103832388,0.402349506,-0.101842333,0.000582751
12,665000000,odom_imu_lidar_fused,base_link,0.529588979,-0.091157728,-0.134671790,0.297153891,-0.084743713,-0.000245582
12,973000000,odom_imu_lidar_fused,base_link,0.564459780,-0.114068255,-0.147396709,0.140043377,-0.092010150,-0.001650479
13,369000000,odom_imu_lidar_fused,base_link,0.620050314,-0.140650246,-0.164218858,0.133953095,-0.064052989,0.000763124
13,642000000,odom_imu_lidar_fused,base_link,0.683347328,-0.171974116,-0.183433487,0.190653656,-0.094349006,0.000709974
13,899000000,odom_imu_lidar_fused,base_link,0.716594390,-0.193150290,-0.187411356,0.133522337,-0.085044873,0.003521247
14,196000000,odom_imu_lidar_fused,base_link,0.775609408,-0.214900471,-0.189714919,0.237008103,-0.087350128,0.000103399
14,492000000,odom_imu_lidar_fused,base_link,0.847378920,-0.249021414,-0.204959332,0.216173230,-0.102773923,0.000604329
14,737000000,odom_imu_lidar_fused,base_link,0.860093416,-0.288153549,-0.230957530,0.051062232,-0.157157169,-0.000442873
14,974000000,odom_imu_lidar_fused,base_link,0.886756184,-0.336736948,-0.250403127,0.107079388,-0.195114052,0.138725268
15,243000000,odom_imu_lidar_fused,base_link,0.937913342,-0.367455879,-0.232777076,0.205450436,-0.123369200,0.108807350
15,536000000,odom_imu_lidar_fused,base_link,1.018589815,-0.378249574,-0.125600040,0.324001898,-0.043348173,0.076044933
15,796000000,odom_imu_lidar_fused,base_link,1.063696105,-0.384164458,-0.122231223,0.135862320,-0.017815917,0.096117811
16,60000000,odom_imu_lidar_fused,base_link,1.152259272,-0.409060899,-0.126492146,0.355675368,-0.099985704,0.074886813
16,380000000,odom_imu_lidar_fused,base_link,1.452264577,-0.469131739,-0.087092153,0.903630437,-0.180936267,0.134842527
16,649000000,odom_imu_lidar_fused,base_link,1.494372247,-0.477292163,-0.049670161,0.169107109,-0.032772787,0.108603830
16,979000000,odom_imu_lidar_fused,base_link,1.745990052,-0.499954592,0.004323913,0.757884955,-0.068260327,0.137995611
17,385000000,odom_imu_lidar_fused,base_link,1.806502707,-0.505209433,0.024187816,0.145813626,-0.012662269,0.121462058
17,737000000,odom_imu_lidar_fused,base_link,1.873786928,-0.489720214,0.155164217,0.202663318,0.046654275,0.088176604
17,993000000,odom_imu_lidar_fused,base_link,1.952166934,-0.494860039,0.149520346,0.314779140,-0.020641867,0.209961521
18,232000000,odom_imu_lidar_fused,base_link,2.017437151,-0.506544011,0.149551584,0.262129382,-0.046923582,0.266410476
18,514000000,odom_imu_lidar_fused,base_link,2.096962361,-0.504484815,0.256943665,0.319378356,0.008269862,0.199269179
18,815000000,odom_imu_lidar_fused,base_link,2.083625769,-0.510995228,0.243728596,-0.040170457,-0.019609678,0.168338727
19,166000000,odom_imu_lidar_fused,base_link,2.161566544,-0.517634795,0.199921108,0.234761370,-0.019998696,0.144113775
19,428000000,odom_imu_lidar_fused,base_link,2.148629094,-0.544215112,0.229199888,-0.051957631,-0.106748260,0.107146742
19,679000000,odom_imu_lidar_fused,base_link,2.174233080,-0.547997809,0.211912413,0.102827251,-0.015191555,0.081897699
19,889000000,odom_imu_lidar_fused,base_link,2.189390611,-0.547154181,0.209360418,0.060873620,0.003388067,0.066654638
20,189000000,odom_imu_lidar_fused,base_link,2.196354106,-0.544503729,0.210399161,0.020974382,0.007983289,0.047203781
20,489000000,odom_imu_lidar_fused,base_link,2.186223180,-0.537768150,0.208395272,-0.040686451,0.027050517,0.039653460
20,757000000,odom_imu_lidar_fused,base_link,2.180730859,-0.531049803,0.199520584,-0.022057513,0.026981312,0.145671100
21,5000000,odom_imu_lidar_fused,base_link,2.171211801,-0.531237293,0.198332673,-0.038229149,-0.000752969,0.273711167
21,223000000,odom_imu_lidar_fused,base_link,1.912585153,-0.594604775,0.175806329,-1.038661237,-0.254487879,0.398429958
21,491000000,odom_imu_lidar_fused,base_link,1.769017573,-0.538704445,0.202742658,-0.576576627,0.224499317,0.396695076
21,798000000,odom_imu_lidar_fused,base_link,1.891613221,-0.554525778,0.447302286,0.369264001,-0.047654617,0.293820974
22,41000000,odom_imu_lidar_fused,base_link,2.106629706,-0.483778149,0.525390339,0.863520022,0.284127023,0.219965733
22,300000000,odom_imu_lidar_fused,base_link,2.100625099,-0.472414659,0.519290884,-0.024114891,0.045636508,0.167570971
22,527000000,odom_imu_lidar_fused,base_link,2.066997341,-0.461947874,0.463812347,-0.135051238,0.042035280,0.131530869
22,773000000,odom_imu_lidar_fused,base_link,2.110869170,-0.439362130,0.420237864,0.176192088,0.090705800,0.097587937
23,20000000,odom_imu_lidar_fused,base_link,2.116820348,-0.418268238,0.369700243,0.035850468,0.127071636,0.070065213
23,302000000,odom_imu_lidar_fused,base_link,2.112149563,-0.415841625,0.247801213,-0.014068629,0.007309077,0.047100077
23,638000000,odom_imu_lidar_fused,base_link,2.167772053,-0.507367901,0.109389363,0.167537621,-0.275681556,0.146062137
23,944000000,odom_imu_lidar_fused,base_link,2.191524584,-0.536398961,0.096765557,0.071543766,-0.087442952,0.277528136
24,151000000,odom_imu_lidar_fused,base_link,2.187883829,-0.538275875,0.128559313,-0.021932257,-0.011306707,0.404121597
24,403000000,odom_imu_lidar_fused,base_link,2.149524162,-0.538038214,0.215477288,-0.154054889,0.000954463,0.539257387
24,673000000,odom_imu_lidar_fused,base_link,2.129965505,-0.543777285,0.339856968,-0.078548822,-0.023048481,0.406323666
24,968000000,odom_imu_lidar_fused,base_link,2.068694442,-0.509576040,0.462112922,-0.184551394,0.103015799,0.302656117
25,219000000,odom_imu_lidar_fused,base_link,2.058335349,-0.514605846,0.448605608,-0.041602784,-0.020200025,0.229511955
25,524000000,odom_imu_lidar_fused,base_link,2.155136913,-0.506489414,0.474939910,0.291570977,0.024447084,0.172644062
25,948000000,odom_imu_lidar_fused,base_link,2.114654581,-0.495469396,0.437589711,-0.097547789,0.026554262,0.129377721
26,285000000,odom_imu_lidar_fused,base_link,1.957150807,-0.534550278,0.311626857,-0.474408958,-0.117713499,0.101224327
26,570000000,odom_imu_lidar_fused,base_link,1.911121606,-0.563197512,0.230135974,-0.184856228,-0.115049134,0.073671000
26,867000000,odom_imu_lidar_fused,base_link,2.109896102,-0.543358625,0.206824906,0.598718362,0.059755685,0.160098462
27,149000000,odom_imu_lidar_fused,base_link,2.213635953,-0.466480699,0.211603380,0.416625907,0.308746688,0.280617449
27,502000000,odom_imu_lidar_fused,base_link,2.253868885,-0.492473594,0.395653879,0.096946824,-0.062633482,0.422623292
27,801000000,odom_imu_lidar_fused,base_link,2.301764486,-0.450007129,0.561045243,0.192351809,0.170548054,0.316428491
28,81000000,odom_imu_lidar_fused,base_link,2.362610128,-0.361376632,0.738445494,0.183270006,0.266959328,0.237858633
28,324000000,odom_imu_lidar_fused,base_link,2.409441603,-0.329270973,0.741181308,0.188078213,0.128938388,0.176576023
28,594000000,odom_imu_lidar_fused,base_link,2.450672932,-0.285912262,0.729020954,0.165587669,0.174131373,0.133870144
28,919000000,odom_imu_lidar_fused,base_link,2.528935908,-0.226719336,0.713721151,0.235731854,0.178291945,0.099294558
29,207000000,odom_imu_lidar_fused,base_link,2.606972169,-0.175139134,0.700545813,0.313398641,0.207149404,0.075199254
29,460000000,odom_imu_lidar_fused,base_link,2.969728043,0.297005457,0.725364771,1.456850896,1.896163016,0.052018738
29,734000000,odom_imu_lidar_fused,base_link,3.138707489,0.185130640,0.719039568,0.678632316,-0.449296453,0.175352087
30,33000000,odom_imu_lidar_fused,base_link,3.151087262,0.219096477,0.746257255,0.037288471,0.102306739,0.132900357
30,322000000,odom_imu_lidar_fused,base_link,3.119494362,0.225984352,0.863549725,-0.095159336,0.020746612,0.101920026
30,601000000,odom_imu_lidar_fused,base_link,3.114160371,0.233726763,0.861391156,-0.021421649,0.031094021,0.108194908
30,847000000,odom_imu_lidar_fused,base_link,3.103331905,0.217269613,0.873253165,-0.043487816,-0.066092972,0.231869253
31,136000000,odom_imu_lidar_fused,base_link,3.110518002,0.253557201,0.927855455,0.028859825,0.145733285,0.348705854
31,472000000,odom_imu_lidar_fused,base_link,3.207271129,0.392852347,1.134688389,0.291425083,0.419563691,0.263091114
31,760000000,odom_imu_lidar_fused,base_link,3.203451259,0.463294750,1.244647664,-0.011505633,0.212175915,0.200896977
32,10000000,odom_imu_lidar_fused,base_link,3.191351585,0.486244253,1.241221968,-0.048593068,0.092166677,0.149590154
32,335000000,odom_imu_lidar_fused,base_link,3.174553011,0.536583190,1.228215615,-0.050598116,0.151623303,0.113881586
32,643000000,odom_imu_lidar_fused,base_link,3.173736323,0.591854916,1.217888650,-0.003279868,0.221974803,0.083137948
32,916000000,odom_imu_lidar_fused,base_link,3.173270017,0.672901265,1.203904671,-0.001404536,0.244115511,0.064896445
33,195000000,odom_imu_lidar_fused,base_link,3.172359666,0.740348992,1.190768786,-0.003656029,0.270874405,0.040861157
33,469000000,odom_imu_lidar_fused,base_link,3.169483630,0.812554127,1.173989080,-0.011550347,0.289980463,0.028843275
33,710000000,odom_imu_lidar_fused,base_link,3.165894764,0.923819235,1.146252300,-0.010809836,0.335135867,0.017239108
33,957000000,odom_imu_lidar_fused,base_link,3.162670797,0.987360840,1.130373814,-0.019421491,0.382780750,0.010527695
34,207000000,odom_imu_lidar_fused,base_link,3.156446100,1.069603365,1.106967045,-0.024998782,0.330291265,0.004229401
34,518000000,odom_imu_lidar_fused,base_link,3.160839914,1.163955972,1.077577628,0.013234379,0.284194601,0.004265806
34,776000000,odom_imu_lidar_fused,base_link,3.155607050,1.232070767,1.051427156,-0.021015518,0.273553394,0.006107974
35,19000000,odom_imu_lidar_fused,base_link,3.163940103,1.300815641,1.028337428,0.033466077,0.276083831,0.008806352
35,283000000,odom_imu_lidar_fused,base_link,3.171688555,1.348757290,1.004647468,0.031118283,0.192536742,0.010424743
35,565000000,odom_imu_lidar_fused,base_link,3.183062975,1.411890164,0.973932646,0.034260301,0.190159260,0.015676164
35,850000000,odom_imu_lidar_fused,base_link,3.195168668,1.447581609,0.949097839,0.048617240,0.143339137,0.016805152
36,87000000,odom_imu_lidar_fused,base_link,3.226697789,1.505055263,0.923957402,0.126622973,0.230817888,0.007267641
36,333000000,odom_imu_lidar_fused,base_link,3.250371508,1.542384327,0.900685015,0.095075180,0.149915920,0.008929901
36,617000000,odom_imu_lidar_fused,base_link,3.290633926,1.585555069,0.874399380,0.161696455,0.173376471,0.003210020
36,897000000,odom_imu_lidar_fused,base_link,4.143135433,2.551561452,0.933368224,2.567775623,2.909657780,0.001494401
37,175000000,odom_imu_lidar_fused,base_link,4.378405394,2.824624196,0.932505949,0.944859281,1.096637527,0.003803689
37,430000000,odom_imu_lidar_fused,base_link,4.580647930,3.079046614,0.917743671,0.812219024,1.021776779,0.004715813
37,685000000,odom_imu_lidar_fused,base_link,4.773461215,3.332483435,0.925330803,0.774350540,1.017818557,0.004147332
37,916000000,odom_imu_lidar_fused,base_link,4.775334350,3.358781897,0.923259198,0.007522631,0.105616315,0.001474378
38,198000000,odom_imu_lidar_fused,base_link,4.820728059,3.377131123,0.913081903,0.182304053,0.073691669,0.005733831
38,478000000,odom_imu_lidar_fused,base_link,4.948595923,3.511625618,0.900011600,0.385144167,0.405103900,0.002534694
38,743000000,odom_imu_lidar_fused,base_link,5.049714850,3.603112034,0.891243182,0.406100111,0.367415328,-0.002139895
38,974000000,odom_imu_lidar_fused,base_link,5.094592781,3.618454404,0.885266008,0.180232655,0.061615943,0.021235679
39,161000000,odom_imu_lidar_fused,base_link,5.129438538,3.630271316,0.878668896,0.209914195,0.071186219,0.163032467
39,568000000,odom_imu_lidar_fused,base_link,5.193403003,3.762488721,0.975829723,0.154131241,0.318596155,0.280758445
39,875000000,odom_imu_lidar_fused,base_link,5.235561304,3.819325445,1.169466382,0.126982834,0.171194954,0.211650625
40,108000000,odom_imu_lidar_fused,base_link,5.221749145,3.871356501,1.208517753,-0.083205775,0.313440093,0.157117610
40,352000000,odom_imu_lidar_fused,base_link,5.303902752,4.002137787,1.212065391,0.329934165,0.525226050,0.119189730
40,633000000,odom_imu_lidar_fused,base_link,5.382872663,4.144240000,1.230100307,0.237861178,0.428018713,0.091792287
40,966000000,odom_imu_lidar_fused,base_link,5.404075356,4.192935080,1.205236136,0.063863533,0.146671926,0.068191519
41,328000000,odom_imu_lidar_fused,base_link,5.546207414,4.437946467,1.212310367,0.428108608,0.737986108,0.178079360
41,692000000,odom_imu_lidar_fused,base_link,5.576970944,4.478968668,1.254342875,0.074128988,0.098848676,0.275297922
41,984000000,odom_imu_lidar_fused,base_link,5.595166745,4.552540116,1.402074943,0.073075503,0.295467662,0.203849402
42,224000000,odom_imu_lidar_fused,base_link,5.587769120,4.617438335,1.480563025,-0.029709338,0.260635417,0.146820458
42,522000000,odom_imu_lidar_fused,base_link,5.604044733,4.682042872,1.479885007,0.049022933,0.194591979,0.106712900
42,803000000,odom_imu_lidar_fused,base_link,5.649273371,4.813011021,1.465597592,0.181641114,0.525976502,0.113976263
43,56000000,odom_imu_lidar_fused,base_link,5.669240234,4.797863483,1.406426832,0.080188207,-0.060833485,0.157173596
43,356000000,odom_imu_lidar_fused,base_link,5.670330415,4.829617010,1.455699594,0.004378237,0.127524205,0.303865500
43,607000000,odom_imu_lidar_fused,base_link,5.665549203,4.865767526,1.569087141,-0.014401243,0.108887096,0.284487915
43,845000000,odom_imu_lidar_fused,base_link,5.648306259,4.863644178,1.701941988,-0.069248770,-0.008527501,0.219522006
44,226000000,odom_imu_lidar_fused,base_link,5.613962304,4.873105834,1.705002235,-0.103445646,0.028498963,0.186519643
44,521000000,odom_imu_lidar_fused,base_link,5.625543432,4.922124012,1.657355275,0.034882916,0.147645115,0.290702946
44,800000000,odom_imu_lidar_fused,base_link,5.621363700,4.946433614,1.680786812,-0.016786074,0.097628924,0.216807301
45,98000000,odom_imu_lidar_fused,base_link,5.606067105,4.926736676,1.750098872,-0.061432106,-0.079104169,0.164159363
45,351000000,odom_imu_lidar_fused,base_link,5.594342546,4.978741648,1.719676336,-0.035314937,0.156641482,0.118688241
45,674000000,odom_imu_lidar_fused,base_link,5.585973001,5.011489691,1.668273470,-0.025209474,0.098638683,0.089980342
45,945000000,odom_imu_lidar_fused,base_link,5.587218213,4.889106382,1.577601243,0.005000853,-0.491499231,0.085526399
46,171000000,odom_imu_lidar_fused,base_link,5.593609319,4.918723482,1.563038577,0.025667093,0.118944175,0.184545647
46,458000000,odom_imu_lidar_fused,base_link,5.616611963,4.934151375,1.573226279,0.092380094,0.061959410,0.170217377
46,703000000,odom_imu_lidar_fused,base_link,5.592178572,4.901383847,1.623753696,-0.098126068,-0.131596496,0.146191278
47,45000000,odom_imu_lidar_fused,base_link,5.576643532,4.953419745,1.608986602,-0.046792288,0.156734631,0.107178370
47,338000000,odom_imu_lidar_fused,base_link,5.628342715,4.843284531,1.484449847,0.155720431,-0.331732574,0.136121645
47,680000000,odom_imu_lidar_fused,base_link,5.636290083,4.844942552,1.466297131,0.023937856,0.004994042,0.268275207
47,937000000,odom_imu_lidar_fused,base_link,5.660907285,4.850801612,1.534581604,0.098864265,0.023530359,0.399071606
48,303000000,odom_imu_lidar_fused,base_link,5.626951166,4.736402551,1.650526301,-0.102277468,-0.344575483,0.421564716
48,569000000,odom_imu_lidar_fused,base_link,5.574834334,4.639557566,1.761963773,-0.209304544,-0.388935685,0.318788343
48,857000000,odom_imu_lidar_fused,base_link,5.530195906,4.708827376,1.856285596,-0.134453099,0.208644008,0.238183245
49,163000000,odom_imu_lidar_fused,base_link,5.514383838,4.648546932,1.805362938,-0.047626711,-0.181567604,0.180968211
49,469000000,odom_imu_lidar_fused,base_link,5.493448287,4.616672414,1.746832535,-0.084078515,-0.128010110,0.145614352
49,802000000,odom_imu_lidar_fused,base_link,5.471625857,4.634047212,1.675477040,-0.065730213,0.052333729,0.109674767
50,54000000,odom_imu_lidar_fused,base_link,5.456147818,4.703047343,1.632434349,-0.062160797,0.277108958,0.083753933
50,366000000,odom_imu_lidar_fused,base_link,5.478151586,5.003195282,1.617724482,0.066276409,0.904060058,0.063359516
50,700000000,odom_imu_lidar_fused,base_link,5.466831244,5.042763931,1.608238908,-0.034097416,0.119182676,0.040137907
50,942000000,odom_imu_lidar_fused,base_link,5.466757835,5.039580961,1.610916376,-0.000294813,-0.012783010,0.031087757
51,199000000,odom_imu_lidar_fused,base_link,5.461915939,5.053478171,1.611235460,-0.019445368,0.055812089,0.130633080
51,432000000,odom_imu_lidar_fused,base_link,5.456393651,5.062501071,1.617996977,-0.022177865,0.036236547,0.251809800
51,787000000,odom_imu_lidar_fused,base_link,5.452552227,5.093947790,1.751977283,-0.011570553,0.094719031,0.393939931
52,40000000,odom_imu_lidar_fused,base_link,5.416322218,5.165467846,1.916862511,-0.145502043,0.287229144,0.383843291
52,338000000,odom_imu_lidar_fused,base_link,5.341409667,5.232905189,2.177467350,-0.225640216,0.203124525,0.284683391
52,617000000,odom_imu_lidar_fused,base_link,5.104018019,5.495088452,2.237688192,-0.953380111,1.052944833,0.208615272
52,912000000,odom_imu_lidar_fused,base_link,5.212741987,5.358096749,2.210520970,0.327481833,-0.412625613,0.158505598
53,159000000,odom_imu_lidar_fused,base_link,4.870027285,5.715315629,2.232341511,-1.376364266,1.434613976,0.118213116
53,446000000,odom_imu_lidar_fused,base_link,4.868698575,5.757859241,2.221540264,-0.005336187,0.170857881,0.082173104
53,717000000,odom_imu_lidar_fused,base_link,4.851325241,5.825262459,2.214256800,-0.069772424,0.270695652,0.135591123
54,6000000,odom_imu_lidar_fused,base_link,4.823113267,5.847226254,2.215852203,-0.084975825,0.066156011,0.259780714
54,297000000,odom_imu_lidar_fused,base_link,4.788678910,5.857799283,2.306615126,-0.138290592,0.042461965,0.199346094
54,557000000,odom_imu_lidar_fused,base_link,4.732530057,5.880594150,2.445084084,-0.225497401,0.091545648,0.153002797
54,857000000,odom_imu_lidar_fused,base_link,4.673481371,5.883081307,2.448841077,-0.177857488,0.007491436,0.115199653
55,181000000,odom_imu_lidar_fused,base_link,4.594047889,5.913036181,2.435992879,-0.239257475,0.090225524,0.079640504
55,429000000,odom_imu_lidar_fused,base_link,4.522510027,5.933845639,2.425413682,-0.287300654,0.083572124,0.061492250
55,655000000,odom_imu_lidar_fused,base_link,4.448900796,5.967411307,2.413119161,-0.295619400,0.134801880,0.046640612
55,939000000,odom_imu_lidar_fused,base_link,4.354186726,5.993532467,2.399390990,-0.380377791,0.104904255,0.034218060
56,210000000,odom_imu_lidar_fused,base_link,4.233390093,6.057104778,2.387904062,-0.485127042,0.255310486,-0.213580577
56,446000000,odom_imu_lidar_fused,base_link,4.120394822,6.107506691,2.370943025,-0.453796267,0.202417321,-0.368822519
56,730000000,odom_imu_lidar_fused,base_link,3.892816329,6.399221907,2.083578201,-0.685477387,0.878660290,-0.160313939
57,112000000,odom_imu_lidar_fused,base_link,3.872519481,6.504661589,2.012690130,-0.061135085,0.317589403,0.047411511
57,392000000,odom_imu_lidar_fused,base_link,3.862426065,6.527322122,2.199115223,-0.030401856,0.068254618,0.037809464
57,701000000,odom_imu_lidar_fused,base_link,3.826839911,6.526603468,2.287947346,-0.142916281,-0.002886162,0.029204940
57,957000000,odom_imu_lidar_fused,base_link,3.801980869,6.537665644,2.280233454,-0.074876633,0.033319810,0.015936082
58,211000000,odom_imu_lidar_fused,base_link,3.771864283,6.565850559,2.270047372,-0.120950145,0.113192430,0.007519130
58,496000000,odom_imu_lidar_fused,base_link,3.754356437,6.585301749,2.259617276,-0.070312631,0.078117227,0.008623563
58,761000000,odom_imu_lidar_fused,base_link,3.712280501,6.612300030,2.245029175,-0.168979665,0.108426831,0.003041304
59,44000000,odom_imu_lidar_fused,base_link,3.666309128,6.659950903,2.223864537,-0.138467991,0.143526727,-0.000415075
59,281000000,odom_imu_lidar_fused,base_link,3.636501629,6.689216129,2.214299821,-0.179563243,0.176296539,-0.000560288
59,538000000,odom_imu_lidar_fused,base_link,3.587063546,6.731585121,2.187659073,-0.148909889,0.127617446,0.005786456
59,788000000,odom_imu_lidar_fused,base_link,3.556117714,6.765494684,2.166223553,-0.124280449,0.136182987,0.004951516
60,94000000,odom_imu_lidar_fused,base_link,3.528032916,6.810764102,2.142540294,-0.112790355,0.181804888,0.001484692
60,514000000,odom_imu_lidar_fused,base_link,3.503724106,6.869033285,2.115416352,-0.058575446,0.140407671,0.004603159
60,781000000,odom_imu_lidar_fused,base_link,3.486227146,6.926994423,2.090891746,-0.070268916,0.232775656,0.000078230
61,43000000,odom_imu_lidar_fused,base_link,3.465751035,7.001828082,2.064754653,-0.061675031,0.225402586,-0.002264330
61,343000000,odom_imu_lidar_fused,base_link,3.454314012,7.071699960,2.045234080,-0.045931821,0.280609953,-0.002368028
61,630000000,odom_imu_lidar_fused,base_link,3.463335716,7.176875539,2.012483024,0.027173808,0.316793911,0.001320459
61,909000000,odom_imu_lidar_fused,base_link,3.469683322,7.268200468,1.987415514,0.025492391,0.366766786,0.001970013
62,193000000,odom_imu_lidar_fused,base_link,3.464853486,7.291775592,1.985785645,-0.014547696,0.071009409,0.004470259
62,455000000,odom_imu_lidar_fused,base_link,3.475189781,7.293943184,1.987477775,0.041511222,0.008705189,0.006282691
62,693000000,odom_imu_lidar_fused,base_link,3.464046811,7.288961992,1.985023185,-0.044750883,-0.020004789,0.004592411
62,958000000,odom_imu_lidar_fused,base_link,3.464066825,7.279029248,1.984860587,0.000080376,-0.039890539,0.005344794
63,226000000,odom_imu_lidar_fused,base_link,3.453967550,7.282486617,1.986514982,-0.040559335,0.013885015,0.002399476
63,474000000,odom_imu_lidar_fused,base_link,3.459922977,7.287563560,1.990394099,0.023917376,0.020389333,-0.001540676
63,736000000,odom_imu_lidar_fused,base_link,3.456433467,7.293112594,1.989768566,-0.014014098,0.022285276,0.000264247
64,22000000,odom_imu_lidar_fused,base_link,3.463944738,7.289582204,1.985215902,0.022624311,-0.010633704,-0.008147105
64,384000000,odom_imu_lidar_fused,base_link,3.472089752,7.284950430,1.986339516,0.024533175,-0.013951126,-0.003251842
64,644000000,odom_imu_lidar_fused,base_link,3.467053402,7.289666557,1.985753636,-0.020226306,0.018940268,-0.005811313
64,910000000,odom_imu_lidar_fused,base_link,3.459766706,7.296669857,1.986155222,-0.029263839,0.028125704,-0.004300495
65,199000000,odom_imu_lidar_fused,base_link,3.466511460,7.288803015,1.986084535,0.020315526,-0.023695310,-0.005652894
65,509000000,odom_imu_lidar_fused,base_link,3.464560596,7.302404943,1.988326904,-0.007834795,0.054626219,-0.001833928
65,837000000,odom_imu_lidar_fused,base_link,3.472750472,7.292446461,1.986296299,0.024668299,-0.029995428,-0.006478180
66,192000000,odom_imu_lidar_fused,base_link,3.456696726,7.296919247,1.987610524,-0.038683724,0.010777797,-0.006895556
66,463000000,odom_imu_lidar_fused,base_link,3.464952395,7.288973265,1.985143728,0.033155296,-0.031911572,-0.002951537
66,687000000,odom_imu_lidar_fused,base_link,3.465404813,7.283354755,1.985157702,0.001816939,-0.022564296,-0.003057333
66,952000000,odom_imu_lidar_fused,base_link,3.459955945,7.287405806,1.986851534,-0.021883004,0.016269281,-0.000007972
67,187000000,odom_imu_lidar_fused,base_link,3.466269686,7.284313023,1.986372094,0.025356389,-0.012420818,-0.003200346
67,394000000,odom_imu_lidar_fused,base_link,3.459714869,7.288317966,1.986163723,-0.039486849,0.024126166,-0.001269058
67,654000000,odom_imu_lidar_fused,base_link,3.458785937,7.289970776,1.985656165,-0.003730651,0.006637789,0.004077125
67,923000000,odom_imu_lidar_fused,base_link,3.461303191,7.284588409,1.986671331,0.007582091,-0.016211947,0.004165056
68,143000000,odom_imu_lidar_fused,base_link,3.473492475,7.278239636,1.987669226,0.073429422,-0.038245625,0.001419075
68,387000000,odom_imu_lidar_fused,base_link,3.457560495,7.290471894,1.986704227,-0.063983856,0.049125535,-0.003550386
68,664000000,odom_imu_lidar_fused,base_link,3.460706851,7.299464404,1.985058030,0.009476976,0.027085873,-0.007495470
68,890000000,odom_imu_lidar_fused,base_link,3.474347173,7.283707880,1.983765358,0.082170616,-0.094918816,0.003731910
69,107000000,odom_imu_lidar_fused,base_link,3.461088966,7.282346701,1.985924332,-0.053245813,-0.005466584,0.003739991
69,390000000,odom_imu_lidar_fused,base_link,3.463969497,7.277536889,1.984694477,0.011568397,-0.019316515,0.011487738
69,668000000,odom_imu_lidar_fused,base_link,3.473829600,7.277837994,1.984771319,0.029699106,0.000906944,0.007095115
69,937000000,odom_imu_lidar_fused,base_link,3.455529434,7.289814337,1.987602380,-0.073494641,0.048097763,0.010302767
70,204000000,odom_imu_lidar_fused,base_link,3.464388477,7.285584001,1.984841736,0.035578484,-0.016989299,0.005573468
70,457000000,odom_imu_lidar_fused,base_link,3.466797985,7.284935860,1.984112592,0.009676738,-0.002602978,-0.002600157
70,711000000,odom_imu_lidar_fused,base_link,3.461822890,7.283251501,1.984837118,-0.019980301,-0.006764492,0.004653710
70,964000000,odom_imu_lidar_fused,base_link,3.458807968,7.279692921,1.985027445,-0.012108119,-0.014291489,0.002680836
71,143000000,odom_imu_lidar_fused,base_link,3.457734326,7.287826200,1.984907419,-0.006467721,0.048995660,0.003553077
71,399000000,odom_imu_lidar_fused,base_link,3.460751877,7.285695622,1.985804086,0.012118677,-0.008556539,0.003501124
71,648000000,odom_imu_lidar_fused,base_link,3.462558988,7.293363809,1.987188859,0.007257473,0.030795931,0.001763189
71,913000000,odom_imu_lidar_fused,base_link,3.461206903,7.288023559,1.986808520,-0.004072543,-0.016085089,0.002119279
72,161000000,odom_imu_lidar_fused,base_link,3.454318255,7.293672113,1.987616696,-0.027665253,0.022684953,0.000009931
72,400000000,odom_imu_lidar_fused,base_link,3.462235572,7.288533002,1.985368286,0.031796453,-0.020638999,0.001643951
72,676000000,odom_imu_lidar_fused,base_link,3.461611844,7.287453240,1.985823095,-0.002504932,-0.004336393,0.001413030
72,987000000,odom_imu_lidar_fused,base_link,3.465978085,7.282168102,1.984187979,0.013151327,-0.015919090,0.000758394
73,259000000,odom_imu_lidar_fused,base_link,3.456690554,7.285962337,1.984173945,-0.037299320,0.015237889,0.000720672
73,481000000,odom_imu_lidar_fused,base_link,3.460527219,7.292391163,1.986770393,0.015408292,0.025818580,0.000027137
73,713000000,odom_imu_lidar_fused,base_link,3.455223198,7.285652283,1.986220428,-0.031951934,-0.040595664,-0.003572786
73,964000000,odom_imu_lidar_fused,base_link,3.456973481,7.288653456,1.987362428,0.007029250,0.012052904,-0.003823433
74,223000000,odom_imu_lidar_fused,base_link,3.460795754,7.290993568,1.986645722,0.015350494,0.009398040,0.000599044
74,483000000,odom_imu_lidar_fused,base_link,3.454240223,7.287997908,1.985715956,-0.019745576,-0.009023073,0.002260247
74,712000000,odom_imu_lidar_fused,base_link,3.458590027,7.291974978,1.984544036,0.026203640,0.023958257,-0.001559013
74,973000000,odom_imu_lidar_fused,base_link,3.470302542,7.289702703,1.984797098,0.047038214,-0.009125605,-0.006828403
75,233000000,odom_imu_lidar_fused,base_link,3.451386507,7.286190501,1.986261857,-0.056976011,-0.010578922,-0.010596535
75,515000000,odom_imu_lidar_fused,base_link,3.480415669,7.286381226,1.985457134,0.116582982,0.000765966,-0.010073559
75,804000000,odom_imu_lidar_fused,base_link,3.465300565,7.284088348,1.985378990,-0.060703228,-0.009208347,-0.011464206
76,77000000,odom_imu_lidar_fused,base_link,3.471273942,7.287171079,1.983370018,0.017992099,0.009285335,-0.007164866
