scan_index,stamp_sec,stamp_nanosec,frame_id,angle_min_rad,angle_max_rad,angle_increment_rad,time_increment_s,scan_time_s,range_min_m,range_max_m,beam_count,valid_point_count
0,2,76000000,laser,-3.141592741,3.141592741,0.017501909,0.000000000,0.000000000,0.050000001,12.000000000,360,360
1,2,159000000,laser,-3.141592741,3.141592741,0.017501909,0.000000000,0.000000000,0.050000001,12.000000000,360,360
2,2,242000000,laser,-3.141592741,3.141592741,0.017501909,0.000000000,0.000000000,0.050000001,12.000000000,360,360
3,2,325000000,laser,-3.141592741,3.141592741,0.017501909,0.000000000,0.000000000,0.050000001,12.000000000,360,360
4,2,408000000,laser,-3.141592741,3.141592741,0.017501909,0.000000000,0.000000000,0.050000001,12.000000000,360,360
5,2,491000000,laser,-3.141592741,3.141592741,0.017501909,0.000000000,0.000000000,0.050000001,12.000000000,360,360
6,2,574000000,laser,-3.141592741,3.141592741,0.017501909,0.000000000,0.000000000,0.050000001,12.000000000,360,360
7,2,657000000,laser,-3.141592741,3.141592741,0.017501909,0.000000000,0.000000000,0.050000001,12.000000000,360,360
8,2,740000000,laser,-3.141592741,3.141592741,0.017501909,0.000000000,0.000000000,0.050000001,12.000000000,360,360
9,2,823000000,laser,-3.141592741,3.141592741,0.017501909,0.000000000,0.000000000,0.050000001,12.000000000,360,360
10,2,906000000,laser,-3.141592741,3.141592741,0.017501909,0.000000000,0.000000000,0.050000001,12.000000000,360,360
11,2,989000000,laser,-3.141592741,3.141592741,0.017501909,0.000000000,0.000000000,0.050000001,12.000000000,360,360
12,3,72000000,laser,-3.141592741,3.141592741,0.017501909,0.000000000,0.000000000,0.050000001,12.000000000,360,360
13,3,155000000,laser,-3.141592741,3.141592741,0.017501909,0.000000000,0.000000000,0.050000001,12.000000000,360,360
14,3,238000000,laser,-3.141592741,3.141592741,0.017501909,0.000000000,0.000000000,0.050000001,12.000000000,360,360
15,3,321000000,laser,-3.141592741,3.141592741,0.017501909,0.000000000,0.000000000,0.050000001,12.000000000,360,360
16,3,404000000,laser,-3.141592741,3.141592741,0.017501909,0.000000000,0.000000000,0.050000001,12.000000000,360,360
17,3,487000000,laser,-3.141592741,3.141592741,0.017501909,0.000000000,0.000000000,0.050000001,12.000000000,360,360
18,3,570000000,laser,-3.141592741,3.141592741,0.017501909,0.000000000,0.000000000,0.050000001,12.000000000,360,360
19,3,653000000,laser,-3.141592741,3.141592741,0.017501909,0.000000000,0.000000000,0.050000001,12.000000000,360,360
20,3,736000000,laser,-3.141592741,3.141592741,0.017501909,0.000000000,0.000000000,0.050000001,12.000000000,360,360
21,3,819000000,laser,-3.141592741,3.141592741,0.017501909,0.000000000,0.000000000,0.050000001,12.000000000,360,360
22,3,902000000,laser,-3.141592741,3.141592741,0.017501909,0.000000000,0.000000000,0.050000001,12.000000000,360,360
23,3,985000000,laser,-3.141592741,3.141592741,0.017501909,0.000000000,0.000000000,0.050000001,12.000000000,360,360
24,4,68000000,laser,-3.141592741,3.141592741,0.017501909,0.000000000,0.000000000,0.050000001,12.000000000,360,360
25,4,151000000,laser,-3.141592741,3.141592741,0.017501909,0.000000000,0.000000000,0.050000001,12.000000000,360,360
26,4,234000000,laser,-3.141592741,3.141592741,0.017501909,0.000000000,0.000000000,0.050000001,12.000000000,360,360
27,4,317000000,laser,-3.141592741,3.141592741,0.017501909,0.000000000,0.000000000,0.050000001,12.000000000,360,360
28,4,400000000,laser,-3.141592741,3.141592741,0.017501909,0.000000000,0.000000000,0.050000001,12.000000000,360,360
29,4,483000000,laser,-3.141592741,3.141592741,0.017501909,0.000000000,0.000000000,0.050000001,12.000000000,360,360
30,4,566000000,laser,-3.141592741,3.141592741,0.017501909,0.000000000,0.000000000,0.050000001,12.000000000,360,360
31,4,649000000,laser,-3.141592741,3.141592741,0.017501909,0.000000000,0.000000000,0.050000001,12.000000000,360,360
32,4,732000000,laser,-3.141592741,3.141592741,0.017501909,0.000000000,0.000000000,0.050000001,12.000000000,360,360
33,4,815000000,laser,-3.141592741,3.141592741,0.017501909,0.000000000,0.000000000,0.050000001,12.000000000,360,360
34,4,898000000,laser,-3.141592741,3.141592741,0.017501909,0.000000000,0.000000000,0.050000001,12.000000000,360,360
35,4,981000000,laser,-3.141592741,3.141592741,0.017501909,0.000000000,0.000000000,0.050000001,12.000000000,360,360
36,5,64000000,laser,-3.141592741,3.141592741,0.017501909,0.000000000,0.000000000,0.050000001,12.000000000,360,360
37,5,147000000,laser,-3.141592741,3.141592741,0.017501909,0.000000000,0.000000000,0.050000001,12.000000000,360,360
38,5,230000000,laser,-3.141592741,3.141592741,0.017501909,0.000000000,0.000000000,0.050000001,12.000000000,360,360
39,5,313000000,laser,-3.141592741,3.141592741,0.017501909,0.000000000,0.000000000,0.050000001,12.000000000,360,360
40,5,396000000,laser,-3.141592741,3.141592741,0.017501909,0.000000000,0.000000000,0.050000001,12.000000000,360,360
41,5,479000000,laser,-3.141592741,3.141592741,0.017501909,0.000000000,0.000000000,0.050000001,12.000000000,360,360
42,5,562000000,laser,-3.141592741,3.141592741,0.017501909,0.000000000,0.000000000,0.050000001,12.000000000,360,360
43,5,645000000,laser,-3.141592741,3.141592741,0.017501909,0.000000000,0.000000000,0.050000001,12.000000000,360,360
44,5,728000000,laser,-3.141592741,3.141592741,0.017501909,0.000000000,0.000000000,0.050000001,12.000000000,360,360
45,5,811000000,laser,-3.141592741,3.141592741,0.017501909,0.000000000,0.000000000,0.050000001,12.000000000,360,360
46,5,894000000,laser,-3.141592741,3.141592741,0.017501909,0.000000000,0.000000000,0.050000001,12.000000000,360,360
47,5,977000000,laser,-3.141592741,3.141592741,0.017501909,0.000000000,0.000000000,0.050000001,12.000000000,360,360
48,6,60000000,laser,-3.141592741,3.141592741,0.017501909,0.000000000,0.000000000,0.050000001,12.000000000,360,360
49,6,143000000,laser,-3.141592741,3.141592741,0.017501909,0.000000000,0.000000000,0.050000001,12.000000000,360,360
50,6,226000000,laser,-3.141592741,3.141592741,0.017501909,0.000000000,0.000000000,0.050000001,12.000000000,360,360
51,6,309000000,laser,-3.141592741,3.141592741,0.017501909,0.000000000,0.000000000,0.050000001,12.000000000,360,360
52,6,392000000,laser,-3.141592741,3.141592741,0.017501909,0.000000000,0.000000000,0.050000001,12.000000000,360,360
53,6,475000000,laser,-3.141592741,3.141592741,0.017501909,0.000000000,0.000000000,0.050000001,12.000000000,360,360
54,6,558000000,laser,-3.141592741,3.141592741,0.017501909,0.000000000,0.000000000,0.050000001,12.000000000,360,360
55,6,641000000,laser,-3.141592741,3.141592741,0.017501909,0.000000000,0.000000000,0.050000001,12.000000000,360,360
56,6,724000000,laser,-3.141592741,3.141592741,0.017501909,0.000000000,0.000000000,0.050000001,12.000000000,360,360
57,6,807000000,laser,-3.141592741,3.141592741,0.017501909,0.000000000,0.000000000,0.050000001,12.000000000,360,360
58,6,890000000,laser,-3.141592741,3.141592741,0.017501909,0.000000000,0.000000000,0.050000001,12.000000000,360,360
59,6,973000000,laser,-3.141592741,3.141592741,0.017501909,0.000000000,0.000000000,0.050000001,12.000000000,360,360
60,7,56000000,laser,-3.141592741,3.141592741,0.017501909,0.000000000,0.000000000,0.050000001,12.000000000,360,360
61,7,139000000,laser,-3.141592741,3.141592741,0.017501909,0.000000000,0.000000000,0.050000001,12.000000000,360,360
62,7,222000000,laser,-3.141592741,3.141592741,0.017501909,0.000000000,0.000000000,0.050000001,12.000000000,360,360
63,7,305000000,laser,-3.141592741,3.141592741,0.017501909,0.000000000,0.000000000,0.050000001,12.000000000,360,360
64,7,388000000,laser,-3.141592741,3.141592741,0.017501909,0.000000000,0.000000000,0.050000001,12.000000000,360,360
65,7,471000000,laser,-3.141592741,3.141592741,0.017501909,0.000000000,0.000000000,0.050000001,12.000000000,360,360
66,7,554000000,laser,-3.141592741,3.141592741,0.017501909,0.000000000,0.000000000,0.050000001,12.000000000,360,360
67,7,637000000,laser,-3.141592741,3.141592741,0.017501909,0.000000000,0.000000000,0.050000001,12.000000000,360,360
68,7,720000000,laser,-3.141592741,3.141592741,0.017501909,0.000000000,0.000000000,0.050000001,12.000000000,360,360
69,7,803000000,laser,-3.141592741,3.141592741,0.017501909,0.000000000,0.000000000,0.050000001,12.000000000,360,360
70,7,886000000,laser,-3.141592741,3.141592741,0.017501909,0.000000000,0.000000000,0.050000001,12.000000000,360,360
71,7,969000000,laser,-3.141592741,3.141592741,0.017501909,0.000000000,0.000000000,0.050000001,12.000000000,360,360
72,8,52000000,laser,-3.141592741,3.141592741,0.017501909,0.000000000,0.000000000,0.050000001,12.000000000,360,360
73,8,135000000,laser,-3.141592741,3.141592741,0.017501909,0.000000000,0.000000000,0.050000001,12.000000000,360,360
74,8,218000000,laser,-3.141592741,3.141592741,0.017501909,0.000000000,0.000000000,0.050000001,12.000000000,360,360
75,8,301000000,laser,-3.141592741,3.141592741,0.017501909,0.000000000,0.000000000,0.050000001,12.000000000,360,360
76,8,384000000,laser,-3.141592741,3.141592741,0.017501909,0.000000000,0.000000000,0.050000001,12.000000000,360,360
77,8,467000000,laser,-3.141592741,3.141592741,0.017501909,0.000000000,0.000000000,0.050000001,12.000000000,360,360
78,8,550000000,laser,-3.141592741,3.141592741,0.017501909,0.000000000,0.000000000,0.050000001,12.000000000,360,360
79,8,633000000,laser,-3.141592741,3.141592741,0.017501909,0.000000000,0.000000000,0.050000001,12.000000000,360,360
80,8,716000000,laser,-3.141592741,3.141592741,0.017501909,0.000000000,0.000000000,0.050000001,12.000000000,360,360
81,8,799000000,laser,-3.141592741,3.141592741,0.017501909,0.000000000,0.000000000,0.050000001,12.000000000,360,360
82,8,882000000,laser,-3.141592741,3.141592741,0.017501909,0.000000000,0.000000000,0.050000001,12.000000000,360,360
83,8,965000000,laser,-3.141592741,3.141592741,0.017501909,0.000000000,0.000000000,0.050000001,12.000000000,360,360
84,9,48000000,laser,-3.141592741,3.141592741,0.017501909,0.000000000,0.000000000,0.050000001,12.000000000,360,360
85,9,131000000,laser,-3.141592741,3.141592741,0.017501909,0.000000000,0.000000000,0.050000001,12.000000000,360,360
86,9,214000000,laser,-3.141592741,3.141592741,0.017501909,0.000000000,0.000000000,0.050000001,12.000000000,360,360
87,9,297000000,laser,-3.141592741,3.141592741,0.017501909,0.000000000,0.000000000,0.050000001,12.000000000,360,360
88,9,380000000,laser,-3.141592741,3.141592741,0.017501909,0.000000000,0.000000000,0.050000001,12.000000000,360,360
89,9,463000000,laser,-3.141592741,3.141592741,0.017501909,0.000000000,0.000000000,0.050000001,12.000000000,360,360
90,9,546000000,laser,-3.141592741,3.141592741,0.017501909,0.000000000,0.000000000,0.050000001,12.000000000,360,360
91,9,629000000,laser,-3.141592741,3.141592741,0.017501909,0.000000000,0.000000000,0.050000001,12.000000000,360,360
92,9,712000000,laser,-3.141592741,3.141592741,0.017501909,0.000000000,0.000000000,0.050000001,12.000000000,360,360
93,9,795000000,laser,-3.141592741,3.141592741,0.017501909,0.000000000,0.000000000,0.050000001,12.000000000,360,360
94,9,878000000,laser,-3.141592741,3.141592741,0.017501909,0.000000000,0.000000000,0.050000001,12.000000000,360,360
95,9,961000000,laser,-3.141592741,3.141592741,0.017501909,0.000000000,0.000000000,0.050000001,12.000000000,360,360
96,10,44000000,laser,-3.141592741,3.141592741,0.017501909,0.000000000,0.000000000,0.050000001,12.000000000,360,360
97,10,127000000,laser,-3.141592741,3.141592741,0.017501909,0.000000000,0.000000000,0.050000001,12.000000000,360,360
98,10,210000000,laser,-3.141592741,3.141592741,0.017501909,0.000000000,0.000000000,0.050000001,12.000000000,360,360
99,10,293000000,laser,-3.141592741,3.141592741,0.017501909,0.000000000,0.000000000,0.050000001,12.000000000,360,360
100,10,376000000,laser,-3.141592741,3.141592741,0.017501909,0.000000000,0.000000000,0.050000001,12.000000000,360,360
101,10,459000000,laser,-3.141592741,3.141592741,0.017501909,0.000000000,0.000000000,0.050000001,12.000000000,360,360
102,10,542000000,laser,-3.141592741,3.141592741,0.017501909,0.000000000,0.000000000,0.050000001,12.000000000,360,360
103,10,625000000,laser,-3.141592741,3.141592741,0.017501909,0.000000000,0.000000000,0.050000001,12.000000000,360,360
104,10,708000000,laser,-3.141592741,3.141592741,0.017501909,0.000000000,0.000000000,0.050000001,12.000000000,360,360
105,10,791000000,laser,-3.141592741,3.141592741,0.017501909,0.000000000,0.000000000,0.050000001,12.000000000,360,360
106,10,874000000,laser,-3.141592741,3.141592741,0.017501909,0.000000000,0.000000000,0.050000001,12.000000000,360,360
107,10,957000000,laser,-3.141592741,3.141592741,0.017501909,0.000000000,0.000000000,0.050000001,12.000000000,360,360
108,11,40000000,laser,-3.141592741,3.141592741,0.017501909,0.000000000,0.000000000,0.050000001,12.000000000,360,360
109,11,123000000,laser,-3.141592741,3.141592741,0.017501909,0.000000000,0.000000000,0.050000001,12.000000000,360,360
110,11,206000000,laser,-3.141592741,3.141592741,0.017501909,0.000000000,0.000000000,0.050000001,12.000000000,360,360
111,11,289000000,laser,-3.141592741,3.141592741,0.017501909,0.000000000,0.000000000,0.050000001,12.000000000,360,360
112,11,372000000,laser,-3.141592741,3.141592741,0.017501909,0.000000000,0.000000000,0.050000001,12.000000000,360,360
113,11,455000000,laser,-3.141592741,3.141592741,0.017501909,0.000000000,0.000000000,0.050000001,12.000000000,360,360
114,11,538000000,laser,-3.141592741,3.141592741,0.017501909,0.000000000,0.000000000,0.050000001,12.000000000,360,360
115,11,621000000,laser,-3.141592741,3.141592741,0.017501909,0.000000000,0.000000000,0.050000001,12.000000000,360,360
116,11,704000000,laser,-3.141592741,3.141592741,0.017501909,0.000000000,0.000000000,0.050000001,12.000000000,360,360
117,11,787000000,laser,-3.141592741,3.141592741,0.017501909,0.000000000,0.000000000,0.050000001,12.000000000,360,360
118,11,870000000,laser,-3.141592741,3.141592741,0.017501909,0.000000000,0.000000000,0.050000001,12.000000000,360,360
119,11,953000000,laser,-3.141592741,3.141592741,0.017501909,0.000000000,0.000000000,0.050000001,12.000000000,360,360
120,12,36000000,laser,-3.141592741,3.141592741,0.017501909,0.000000000,0.000000000,0.050000001,12.000000000,360,360
121,12,119000000,laser,-3.141592741,3.141592741,0.017501909,0.000000000,0.000000000,0.050000001,12.000000000,360,360
122,12,202000000,laser,-3.141592741,3.141592741,0.017501909,0.000000000,0.000000000,0.050000001,12.000000000,360,360
123,12,285000000,laser,-3.141592741,3.141592741,0.017501909,0.000000000,0.000000000,0.050000001,12.000000000,360,360
124,12,368000000,laser,-3.141592741,3.141592741,0.017501909,0.000000000,0.000000000,0.050000001,12.000000000,360,360
125,12,451000000,laser,-3.141592741,3.141592741,0.017501909,0.000000000,0.000000000,0.050000001,12.000000000,360,360
126,12,534000000,laser,-3.141592741,3.141592741,0.017501909,0.000000000,0.000000000,0.050000001,12.000000000,360,360
127,12,617000000,laser,-3.141592741,3.141592741,0.017501909,0.000000000,0.000000000,0.050000001,12.000000000,360,360
128,12,700000000,laser,-3.141592741,3.141592741,0.017501909,0.000000000,0.000000000,0.050000001,12.000000000,360,360
129,12,783000000,laser,-3.141592741,3.141592741,0.017501909,0.000000000,0.000000000,0.050000001,12.000000000,360,360
130,12,866000000,laser,-3.141592741,3.141592741,0.017501909,0.000000000,0.000000000,0.050000001,12.000000000,360,360
131,12,949000000,laser,-3.141592741,3.141592741,0.017501909,0.000000000,0.000000000,0.050000001,12.000000000,360,360
132,13,32000000,laser,-3.141592741,3.141592741,0.017501909,0.000000000,0.000000000,0.050000001,12.000000000,360,360
133,13,115000000,laser,-3.141592741,3.141592741,0.017501909,0.000000000,0.000000000,0.050000001,12.000000000,360,360
134,13,198000000,laser,-3.141592741,3.141592741,0.017501909,0.000000000,0.000000000,0.050000001,12.000000000,360,360
135,13,281000000,laser,-3.141592741,3.141592741,0.017501909,0.000000000,0.000000000,0.050000001,12.000000000,360,360
136,13,364000000,laser,-3.141592741,3.141592741,0.017501909,0.000000000,0.000000000,0.050000001,12.000000000,360,360
137,13,447000000,laser,-3.141592741,3.141592741,0.017501909,0.000000000,0.000000000,0.050000001,12.000000000,360,360
138,13,530000000,laser,-3.141592741,3.141592741,0.017501909,0.000000000,0.000000000,0.050000001,12.000000000,360,360
139,13,613000000,laser,-3.141592741,3.141592741,0.017501909,0.000000000,0.000000000,0.050000001,12.000000000,360,360
140,13,696000000,laser,-3.141592741,3.141592741,0.017501909,0.000000000,0.000000000,0.050000001,12.000000000,360,360
141,13,779000000,laser,-3.141592741,3.141592741,0.017501909,0.000000000,0.000000000,0.050000001,12.000000000,360,360
142,13,862000000,laser,-3.141592741,3.141592741,0.017501909,0.000000000,0.000000000,0.050000001,12.000000000,360,360
143,13,945000000,laser,-3.141592741,3.141592741,0.017501909,0.000000000,0.000000000,0.050000001,12.000000000,360,360
144,14,28000000,laser,-3.141592741,3.141592741,0.017501909,0.000000000,0.000000000,0.050000001,12.000000000,360,360
145,14,111000000,laser,-3.141592741,3.141592741,0.017501909,0.000000000,0.000000000,0.050000001,12.000000000,360,360
146,14,194000000,laser,-3.141592741,3.141592741,0.017501909,0.000000000,0.000000000,0.050000001,12.000000000,360,360
147,14,277000000,laser,-3.141592741,3.141592741,0.017501909,0.000000000,0.000000000,0.050000001,12.000000000,360,360
148,14,360000000,laser,-3.141592741,3.141592741,0.017501909,0.000000000,0.000000000,0.050000001,12.000000000,360,360
149,14,443000000,laser,-3.141592741,3.141592741,0.017501909,0.000000000,0.000000000,0.050000001,12.000000000,360,360
150,14,526000000,laser,-3.141592741,3.141592741,0.017501909,0.000000000,0.000000000,0.050000001,12.000000000,360,360
151,14,609000000,laser,-3.141592741,3.141592741,0.017501909,0.000000000,0.000000000,0.050000001,12.000000000,360,360
152,14,692000000,laser,-3.141592741,3.141592741,0.017501909,0.000000000,0.000000000,0.050000001,12.000000000,360,360
153,14,775000000,laser,-3.141592741,3.141592741,0.017501909,0.000000000,0.000000000,0.050000001,12.000000000,360,360
154,14,858000000,laser,-3.141592741,3.141592741,0.017501909,0.000000000,0.000000000,0.050000001,12.000000000,360,360
155,14,941000000,laser,-3.141592741,3.141592741,0.017501909,0.000000000,0.000000000,0.050000001,12.000000000,360,360
156,15,24000000,laser,-3.141592741,3.141592741,0.017501909,0.000000000,0.000000000,0.050000001,12.000000000,360,360
157,15,107000000,laser,-3.141592741,3.141592741,0.017501909,0.000000000,0.000000000,0.050000001,12.000000000,360,360
158,15,190000000,laser,-3.141592741,3.141592741,0.017501909,0.000000000,0.000000000,0.050000001,12.000000000,360,360
159,15,273000000,laser,-3.141592741,3.141592741,0.017501909,0.000000000,0.000000000,0.050000001,12.000000000,360,360
160,15,356000000,laser,-3.141592741,3.141592741,0.017501909,0.000000000,0.000000000,0.050000001,12.000000000,360,360
161,15,439000000,laser,-3.141592741,3.141592741,0.017501909,0.000000000,0.000000000,0.050000001,12.000000000,360,360
162,15,522000000,laser,-3.141592741,3.141592741,0.017501909,0.000000000,0.000000000,0.050000001,12.000000000,360,360
163,15,605000000,laser,-3.141592741,3.141592741,0.017501909,0.000000000,0.000000000,0.050000001,12.000000000,360,360
164,15,688000000,laser,-3.141592741,3.141592741,0.017501909,0.000000000,0.000000000,0.050000001,12.000000000,360,360
165,15,771000000,laser,-3.141592741,3.141592741,0.017501909,0.000000000,0.000000000,0.050000001,12.000000000,360,360
166,15,854000000,laser,-3.141592741,3.141592741,0.017501909,0.000000000,0.000000000,0.050000001,12.000000000,360,360
167,15,937000000,laser,-3.141592741,3.141592741,0.017501909,0.000000000,0.000000000,0.050000001,12.000000000,360,360
168,16,20000000,laser,-3.141592741,3.141592741,0.017501909,0.000000000,0.000000000,0.050000001,12.000000000,360,360
169,16,103000000,laser,-3.141592741,3.141592741,0.017501909,0.000000000,0.000000000,0.050000001,12.000000000,360,360
170,16,186000000,laser,-3.141592741,3.141592741,0.017501909,0.000000000,0.000000000,0.050000001,12.000000000,360,360
171,16,269000000,laser,-3.141592741,3.141592741,0.017501909,0.000000000,0.000000000,0.050000001,12.000000000,360,360
172,16,352000000,laser,-3.141592741,3.141592741,0.017501909,0.000000000,0.000000000,0.050000001,12.000000000,360,360
173,16,435000000,laser,-3.141592741,3.141592741,0.017501909,0.000000000,0.000000000,0.050000001,12.000000000,360,360
174,16,518000000,laser,-3.141592741,3.141592741,0.017501909,0.000000000,0.000000000,0.050000001,12.000000000,360,360
175,16,601000000,laser,-3.141592741,3.141592741,0.017501909,0.000000000,0.000000000,0.050000001,12.000000000,360,360
176,16,684000000,laser,-3.141592741,3.141592741,0.017501909,0.000000000,0.000000000,0.050000001,12.000000000,360,360
177,16,767000000,laser,-3.141592741,3.141592741,0.017501909,0.000000000,0.000000000,0.050000001,12.000000000,360,360
178,16,850000000,laser,-3.141592741,3.141592741,0.017501909,0.000000000,0.000000000,0.050000001,12.000000000,360,360
179,16,933000000,laser,-3.141592741,3.141592741,0.017501909,0.000000000,0.000000000,0.050000001,12.000000000,360,360
180,17,16000000,laser,-3.141592741,3.141592741,0.017501909,0.000000000,0.000000000,0.050000001,12.000000000,360,360
181,17,99000000,laser,-3.141592741,3.141592741,0.017501909,0.000000000,0.000000000,0.050000001,12.000000000,360,360
182,17,182000000,laser,-3.141592741,3.141592741,0.017501909,0.000000000,0.000000000,0.050000001,12.000000000,360,360
183,17,265000000,laser,-3.141592741,3.141592741,0.017501909,0.000000000,0.000000000,0.050000001,12.000000000,360,360
184,17,348000000,laser,-3.141592741,3.141592741,0.017501909,0.000000000,0.000000000,0.050000001,12.000000000,360,360
185,17,431000000,laser,-3.141592741,3.141592741,0.017501909,0.000000000,0.000000000,0.050000001,12.000000000,360,360
186,17,514000000,laser,-3.141592741,3.141592741,0.017501909,0.000000000,0.000000000,0.050000001,12.000000000,360,360
187,17,597000000,laser,-3.141592741,3.141592741,0.017501909,0.000000000,0.000000000,0.050000001,12.000000000,360,360
188,17,680000000,laser,-3.141592741,3.141592741,0.017501909,0.000000000,0.000000000,0.050000001,12.000000000,360,360
189,17,763000000,laser,-3.141592741,3.141592741,0.017501909,0.000000000,0.000000000,0.050000001,12.000000000,360,360
190,17,846000000,laser,-3.141592741,3.141592741,0.017501909,0.000000000,0.000000000,0.050000001,12.000000000,360,360
191,17,929000000,laser,-3.141592741,3.141592741,0.017501909,0.000000000,0.000000000,0.050000001,12.000000000,360,360
192,18,12000000,laser,-3.141592741,3.141592741,0.017501909,0.000000000,0.000000000,0.050000001,12.000000000,360,360
193,18,95000000,laser,-3.141592741,3.141592741,0.017501909,0.000000000,0.000000000,0.050000001,12.000000000,360,360
194,18,178000000,laser,-3.141592741,3.141592741,0.017501909,0.000000000,0.000000000,0.050000001,12.000000000,360,360
195,18,261000000,laser,-3.141592741,3.141592741,0.017501909,0.000000000,0.000000000,0.050000001,12.000000000,360,360
196,18,344000000,laser,-3.141592741,3.141592741,0.017501909,0.000000000,0.000000000,0.050000001,12.000000000,360,360
197,18,427000000,laser,-3.141592741,3.141592741,0.017501909,0.000000000,0.000000000,0.050000001,12.000000000,360,360
198,18,510000000,laser,-3.141592741,3.141592741,0.017501909,0.000000000,0.000000000,0.050000001,12.000000000,360,360
199,18,593000000,laser,-3.141592741,3.141592741,0.017501909,0.000000000,0.000000000,0.050000001,12.000000000,360,360
200,18,676000000,laser,-3.141592741,3.141592741,0.017501909,0.000000000,0.000000000,0.050000001,12.000000000,360,360
201,18,759000000,laser,-3.141592741,3.141592741,0.017501909,0.000000000,0.000000000,0.050000001,12.000000000,360,360
202,18,842000000,laser,-3.141592741,3.141592741,0.017501909,0.000000000,0.000000000,0.050000001,12.000000000,360,360
203,18,925000000,laser,-3.141592741,3.141592741,0.017501909,0.000000000,0.000000000,0.050000001,12.000000000,360,360
204,19,8000000,laser,-3.141592741,3.141592741,0.017501909,0.000000000,0.000000000,0.050000001,12.000000000,360,360
205,19,91000000,laser,-3.141592741,3.141592741,0.017501909,0.000000000,0.000000000,0.050000001,12.000000000,360,360
206,19,174000000,laser,-3.141592741,3.141592741,0.017501909,0.000000000,0.000000000,0.050000001,12.000000000,360,360
207,19,257000000,laser,-3.141592741,3.141592741,0.017501909,0.000000000,0.000000000,0.050000001,12.000000000,360,360
208,19,340000000,laser,-3.141592741,3.141592741,0.017501909,0.000000000,0.000000000,0.050000001,12.000000000,360,360
209,19,423000000,laser,-3.141592741,3.141592741,0.017501909,0.000000000,0.000000000,0.050000001,12.000000000,360,360
210,19,506000000,laser,-3.141592741,3.141592741,0.017501909,0.000000000,0.000000000,0.050000001,12.000000000,360,360
211,19,589000000,laser,-3.141592741,3.141592741,0.017501909,0.000000000,0.000000000,0.050000001,12.000000000,360,360
212,19,672000000,laser,-3.141592741,3.141592741,0.017501909,0.000000000,0.000000000,0.050000001,12.000000000,360,360
213,19,755000000,laser,-3.141592741,3.141592741,0.017501909,0.000000000,0.000000000,0.050000001,12.000000000,360,360
214,19,838000000,laser,-3.141592741,3.141592741,0.017501909,0.000000000,0.000000000,0.050000001,12.000000000,360,360
215,19,921000000,laser,-3.141592741,3.141592741,0.017501909,0.000000000,0.000000000,0.050000001,12.000000000,360,360
216,20,4000000,laser,-3.141592741,3.141592741,0.017501909,0.000000000,0.000000000,0.050000001,12.000000000,360,360
217,20,87000000,laser,-3.141592741,3.141592741,0.017501909,0.000000000,0.000000000,0.050000001,12.000000000,360,360
218,20,170000000,laser,-3.141592741,3.141592741,0.017501909,0.000000000,0.000000000,0.050000001,12.000000000,360,360
219,20,253000000,laser,-3.141592741,3.141592741,0.017501909,0.000000000,0.000000000,0.050000001,12.000000000,360,360
220,20,336000000,laser,-3.141592741,3.141592741,0.017501909,0.000000000,0.000000000,0.050000001,12.000000000,360,360
221,20,419000000,laser,-3.141592741,3.141592741,0.017501909,0.000000000,0.000000000,0.050000001,12.000000000,360,360
222,20,502000000,laser,-3.141592741,3.141592741,0.017501909,0.000000000,0.000000000,0.050000001,12.000000000,360,360
223,20,585000000,laser,-3.141592741,3.141592741,0.017501909,0.000000000,0.000000000,0.050000001,12.000000000,360,360
224,20,668000000,laser,-3.141592741,3.141592741,0.017501909,0.000000000,0.000000000,0.050000001,12.000000000,360,360
225,20,751000000,laser,-3.141592741,3.141592741,0.017501909,0.000000000,0.000000000,0.050000001,12.000000000,360,360
226,20,834000000,laser,-3.141592741,3.141592741,0.017501909,0.000000000,0.000000000,0.050000001,12.000000000,360,360
227,20,917000000,laser,-3.141592741,3.141592741,0.017501909,0.000000000,0.000000000,0.050000001,12.000000000,360,360
228,21,0,laser,-3.141592741,3.141592741,0.017501909,0.000000000,0.000000000,0.050000001,12.000000000,360,360
229,21,83000000,laser,-3.141592741,3.141592741,0.017501909,0.000000000,0.000000000,0.050000001,12.000000000,360,360
230,21,166000000,laser,-3.141592741,3.141592741,0.017501909,0.000000000,0.000000000,0.050000001,12.000000000,360,360
231,21,249000000,laser,-3.141592741,3.141592741,0.017501909,0.000000000,0.000000000,0.050000001,12.000000000,360,360
232,21,332000000,laser,-3.141592741,3.141592741,0.017501909,0.000000000,0.000000000,0.050000001,12.000000000,360,360
233,21,415000000,laser,-3.141592741,3.141592741,0.017501909,0.000000000,0.000000000,0.050000001,12.000000000,360,360
234,21,498000000,laser,-3.141592741,3.141592741,0.017501909,0.000000000,0.000000000,0.050000001,12.000000000,360,360
235,21,581000000,laser,-3.141592741,3.141592741,0.017501909,0.000000000,0.000000000,0.050000001,12.000000000,360,360
236,21,664000000,laser,-3.141592741,3.141592741,0.017501909,0.000000000,0.000000000,0.050000001,12.000000000,360,360
237,21,747000000,laser,-3.141592741,3.141592741,0.017501909,0.000000000,0.000000000,0.050000001,12.000000000,360,360
238,21,830000000,laser,-3.141592741,3.141592741,0.017501909,0.000000000,0.000000000,0.050000001,12.000000000,360,360
239,21,913000000,laser,-3.141592741,3.141592741,0.017501909,0.000000000,0.000000000,0.050000001,12.000000000,360,360
240,21,996000000,laser,-3.141592741,3.141592741,0.017501909,0.000000000,0.000000000,0.050000001,12.000000000,360,360
241,22,79000000,laser,-3.141592741,3.141592741,0.017501909,0.000000000,0.000000000,0.050000001,12.000000000,360,360
242,22,162000000,laser,-3.141592741,3.141592741,0.017501909,0.000000000,0.000000000,0.050000001,12.000000000,360,360
243,22,245000000,laser,-3.141592741,3.141592741,0.017501909,0.000000000,0.000000000,0.050000001,12.000000000,360,360
244,22,328000000,laser,-3.141592741,3.141592741,0.017501909,0.000000000,0.000000000,0.050000001,12.000000000,360,360
245,22,411000000,laser,-3.141592741,3.141592741,0.017501909,0.000000000,0.000000000,0.050000001,12.000000000,360,360
246,22,494000000,laser,-3.141592741,3.141592741,0.017501909,0.000000000,0.000000000,0.050000001,12.000000000,360,360
247,22,577000000,laser,-3.141592741,3.141592741,0.017501909,0.000000000,0.000000000,0.050000001,12.000000000,360,360
248,22,660000000,laser,-3.141592741,3.141592741,0.017501909,0.000000000,0.000000000,0.050000001,12.000000000,360,360
249,22,743000000,laser,-3.141592741,3.141592741,0.017501909,0.000000000,0.000000000,0.050000001,12.000000000,360,360
250,22,826000000,laser,-3.141592741,3.141592741,0.017501909,0.000000000,0.000000000,0.050000001,12.000000000,360,360
251,22,909000000,laser,-3.141592741,3.141592741,0.017501909,0.000000000,0.000000000,0.050000001,12.000000000,360,360
252,22,992000000,laser,-3.141592741,3.141592741,0.017501909,0.000000000,0.000000000,0.050000001,12.000000000,360,360
253,23,75000000,laser,-3.141592741,3.141592741,0.017501909,0.000000000,0.000000000,0.050000001,12.000000000,360,360
254,23,158000000,laser,-3.141592741,3.141592741,0.017501909,0.000000000,0.000000000,0.050000001,12.000000000,360,360
255,23,241000000,laser,-3.141592741,3.141592741,0.017501909,0.000000000,0.000000000,0.050000001,12.000000000,360,360
256,23,324000000,laser,-3.141592741,3.141592741,0.017501909,0.000000000,0.000000000,0.050000001,12.000000000,360,360
257,23,407000000,laser,-3.141592741,3.141592741,0.017501909,0.000000000,0.000000000,0.050000001,12.000000000,360,360
258,23,490000000,laser,-3.141592741,3.141592741,0.017501909,0.000000000,0.000000000,0.050000001,12.000000000,360,360
259,23,573000000,laser,-3.141592741,3.141592741,0.017501909,0.000000000,0.000000000,0.050000001,12.000000000,360,360
260,23,656000000,laser,-3.141592741,3.141592741,0.017501909,0.000000000,0.000000000,0.050000001,12.000000000,360,360
261,23,739000000,laser,-3.141592741,3.141592741,0.017501909,0.000000000,0.000000000,0.050000001,12.000000000,360,360
262,23,822000000,laser,-3.141592741,3.141592741,0.017501909,0.000000000,0.000000000,0.050000001,12.000000000,360,360
263,23,905000000,laser,-3.141592741,3.141592741,0.017501909,0.000000000,0.000000000,0.050000001,12.000000000,360,360
264,23,988000000,laser,-3.141592741,3.141592741,0.017501909,0.000000000,0.000000000,0.050000001,12.000000000,360,360
265,24,71000000,laser,-3.141592741,3.141592741,0.017501909,0.000000000,0.000000000,0.050000001,12.000000000,360,360
266,24,154000000,laser,-3.141592741,3.141592741,0.017501909,0.000000000,0.000000000,0.050000001,12.000000000,360,360
267,24,237000000,laser,-3.141592741,3.141592741,0.017501909,0.000000000,0.000000000,0.050000001,12.000000000,360,360
268,24,320000000,laser,-3.141592741,3.141592741,0.017501909,0.000000000,0.000000000,0.050000001,12.000000000,360,360
269,24,403000000,laser,-3.141592741,3.141592741,0.017501909,0.000000000,0.000000000,0.050000001,12.000000000,360,360
270,24,486000000,laser,-3.141592741,3.141592741,0.017501909,0.000000000,0.000000000,0.050000001,12.000000000,360,360
271,24,569000000,laser,-3.141592741,3.141592741,0.017501909,0.000000000,0.000000000,0.050000001,12.000000000,360,360
272,24,652000000,laser,-3.141592741,3.141592741,0.017501909,0.000000000,0.000000000,0.050000001,12.000000000,360,360
273,24,735000000,laser,-3.141592741,3.141592741,0.017501909,0.000000000,0.000000000,0.050000001,12.000000000,360,360
274,24,818000000,laser,-3.141592741,3.141592741,0.017501909,0.000000000,0.000000000,0.050000001,12.000000000,360,360
275,24,901000000,laser,-3.141592741,3.141592741,0.017501909,0.000000000,0.000000000,0.050000001,12.000000000,360,360
276,24,984000000,laser,-3.141592741,3.141592741,0.017501909,0.000000000,0.000000000,0.050000001,12.000000000,360,360
277,25,67000000,laser,-3.141592741,3.141592741,0.017501909,0.000000000,0.000000000,0.050000001,12.000000000,360,360
278,25,150000000,laser,-3.141592741,3.141592741,0.017501909,0.000000000,0.000000000,0.050000001,12.000000000,360,360
279,25,233000000,laser,-3.141592741,3.141592741,0.017501909,0.000000000,0.000000000,0.050000001,12.000000000,360,360
280,25,316000000,laser,-3.141592741,3.141592741,0.017501909,0.000000000,0.000000000,0.050000001,12.000000000,360,360
281,25,399000000,laser,-3.141592741,3.141592741,0.017501909,0.000000000,0.000000000,0.050000001,12.000000000,360,360
282,25,482000000,laser,-3.141592741,3.141592741,0.017501909,0.000000000,0.000000000,0.050000001,12.000000000,360,360
283,25,565000000,laser,-3.141592741,3.141592741,0.017501909,0.000000000,0.000000000,0.050000001,12.000000000,360,360
284,25,648000000,laser,-3.141592741,3.141592741,0.017501909,0.000000000,0.000000000,0.050000001,12.000000000,360,360
285,25,731000000,laser,-3.141592741,3.141592741,0.017501909,0.000000000,0.000000000,0.050000001,12.000000000,360,360
286,25,814000000,laser,-3.141592741,3.141592741,0.017501909,0.000000000,0.000000000,0.050000001,12.000000000,360,360
287,25,897000000,laser,-3.141592741,3.141592741,0.017501909,0.000000000,0.000000000,0.050000001,12.000000000,360,360
288,25,980000000,laser,-3.141592741,3.141592741,0.017501909,0.000000000,0.000000000,0.050000001,12.000000000,360,360
289,26,63000000,laser,-3.141592741,3.141592741,0.017501909,0.000000000,0.000000000,0.050000001,12.000000000,360,360
290,26,146000000,laser,-3.141592741,3.141592741,0.017501909,0.000000000,0.000000000,0.050000001,12.000000000,360,360
291,26,229000000,laser,-3.141592741,3.141592741,0.017501909,0.000000000,0.000000000,0.050000001,12.000000000,360,360
292,26,312000000,laser,-3.141592741,3.141592741,0.017501909,0.000000000,0.000000000,0.050000001,12.000000000,360,360
293,26,395000000,laser,-3.141592741,3.141592741,0.017501909,0.000000000,0.000000000,0.050000001,12.000000000,360,360
294,26,478000000,laser,-3.141592741,3.141592741,0.017501909,0.000000000,0.000000000,0.050000001,12.000000000,360,360
295,26,561000000,laser,-3.141592741,3.141592741,0.017501909,0.000000000,0.000000000,0.050000001,12.000000000,360,360
296,26,644000000,laser,-3.141592741,3.141592741,0.017501909,0.000000000,0.000000000,0.050000001,12.000000000,360,360
297,26,727000000,laser,-3.141592741,3.141592741,0.017501909,0.000000000,0.000000000,0.050000001,12.000000000,360,360
298,26,810000000,laser,-3.141592741,3.141592741,0.017501909,0.000000000,0.000000000,0.050000001,12.000000000,360,360
299,26,893000000,laser,-3.141592741,3.141592741,0.017501909,0.000000000,0.000000000,0.050000001,12.000000000,360,360
300,26,976000000,laser,-3.141592741,3.141592741,0.017501909,0.000000000,0.000000000,0.050000001,12.000000000,360,360
301,27,59000000,laser,-3.141592741,3.141592741,0.017501909,0.000000000,0.000000000,0.050000001,12.000000000,360,360
302,27,142000000,laser,-3.141592741,3.141592741,0.017501909,0.000000000,0.000000000,0.050000001,12.000000000,360,360
303,27,225000000,laser,-3.141592741,3.141592741,0.017501909,0.000000000,0.000000000,0.050000001,12.000000000,360,360
304,27,308000000,laser,-3.141592741,3.141592741,0.017501909,0.000000000,0.000000000,0.050000001,12.000000000,360,360
305,27,391000000,laser,-3.141592741,3.141592741,0.017501909,0.000000000,0.000000000,0.050000001,12.000000000,360,360
306,27,474000000,laser,-3.141592741,3.141592741,0.017501909,0.000000000,0.000000000,0.050000001,12.000000000,360,360
307,27,557000000,laser,-3.141592741,3.141592741,0.017501909,0.000000000,0.000000000,0.050000001,12.000000000,360,360
308,27,640000000,laser,-3.141592741,3.141592741,0.017501909,0.000000000,0.000000000,0.050000001,12.000000000,360,360
309,27,723000000,laser,-3.141592741,3.141592741,0.017501909,0.000000000,0.000000000,0.050000001,12.000000000,360,360
310,27,806000000,laser,-3.141592741,3.141592741,0.017501909,0.000000000,0.000000000,0.050000001,12.000000000,360,360
311,27,889000000,laser,-3.141592741,3.141592741,0.017501909,0.000000000,0.000000000,0.050000001,12.000000000,360,360
312,27,972000000,laser,-3.141592741,3.141592741,0.017501909,0.000000000,0.000000000,0.050000001,12.000000000,360,360
313,28,55000000,laser,-3.141592741,3.141592741,0.017501909,0.000000000,0.000000000,0.050000001,12.000000000,360,360
314,28,138000000,laser,-3.141592741,3.141592741,0.017501909,0.000000000,0.000000000,0.050000001,12.000000000,360,360
315,28,221000000,laser,-3.141592741,3.141592741,0.017501909,0.000000000,0.000000000,0.050000001,12.000000000,360,360
316,28,304000000,laser,-3.141592741,3.141592741,0.017501909,0.000000000,0.000000000,0.050000001,12.000000000,360,360
317,28,387000000,laser,-3.141592741,3.141592741,0.017501909,0.000000000,0.000000000,0.050000001,12.000000000,360,360
318,28,470000000,laser,-3.141592741,3.141592741,0.017501909,0.000000000,0.000000000,0.050000001,12.000000000,360,360
319,28,553000000,laser,-3.141592741,3.141592741,0.017501909,0.000000000,0.000000000,0.050000001,12.000000000,360,360
320,28,636000000,laser,-3.141592741,3.141592741,0.017501909,0.000000000,0.000000000,0.050000001,12.000000000,360,360
321,28,719000000,laser,-3.141592741,3.141592741,0.017501909,0.000000000,0.000000000,0.050000001,12.000000000,360,360
322,28,802000000,laser,-3.141592741,3.141592741,0.017501909,0.000000000,0.000000000,0.050000001,12.000000000,360,360
323,28,885000000,laser,-3.141592741,3.141592741,0.017501909,0.000000000,0.000000000,0.050000001,12.000000000,360,360
324,28,968000000,laser,-3.141592741,3.141592741,0.017501909,0.000000000,0.000000000,0.050000001,12.000000000,360,360
325,29,51000000,laser,-3.141592741,3.141592741,0.017501909,0.000000000,0.000000000,0.050000001,12.000000000,360,360
326,29,134000000,laser,-3.141592741,3.141592741,0.017501909,0.000000000,0.000000000,0.050000001,12.000000000,360,360
327,29,217000000,laser,-3.141592741,3.141592741,0.017501909,0.000000000,0.000000000,0.050000001,12.000000000,360,360
328,29,300000000,laser,-3.141592741,3.141592741,0.017501909,0.000000000,0.000000000,0.050000001,12.000000000,360,360
329,29,383000000,laser,-3.141592741,3.141592741,0.017501909,0.000000000,0.000000000,0.050000001,12.000000000,360,360
330,29,466000000,laser,-3.141592741,3.141592741,0.017501909,0.000000000,0.000000000,0.050000001,12.000000000,360,360
331,29,549000000,laser,-3.141592741,3.141592741,0.017501909,0.000000000,0.000000000,0.050000001,12.000000000,360,360
332,29,632000000,laser,-3.141592741,3.141592741,0.017501909,0.000000000,0.000000000,0.050000001,12.000000000,360,360
333,29,715000000,laser,-3.141592741,3.141592741,0.017501909,0.000000000,0.000000000,0.050000001,12.000000000,360,360
334,29,798000000,laser,-3.141592741,3.141592741,0.017501909,0.000000000,0.000000000,0.050000001,12.000000000,360,360
335,29,881000000,laser,-3.141592741,3.141592741,0.017501909,0.000000000,0.000000000,0.050000001,12.000000000,360,360
336,29,964000000,laser,-3.141592741,3.141592741,0.017501909,0.000000000,0.000000000,0.050000001,12.000000000,360,360
337,30,47000000,laser,-3.141592741,3.141592741,0.017501909,0.000000000,0.000000000,0.050000001,12.000000000,360,360
338,30,130000000,laser,-3.141592741,3.141592741,0.017501909,0.000000000,0.000000000,0.050000001,12.000000000,360,360
339,30,213000000,laser,-3.141592741,3.141592741,0.017501909,0.000000000,0.000000000,0.050000001,12.000000000,360,360
340,30,296000000,laser,-3.141592741,3.141592741,0.017501909,0.000000000,0.000000000,0.050000001,12.000000000,360,360
341,30,379000000,laser,-3.141592741,3.141592741,0.017501909,0.000000000,0.000000000,0.050000001,12.000000000,360,360
342,30,462000000,laser,-3.141592741,3.141592741,0.017501909,0.000000000,0.000000000,0.050000001,12.000000000,360,360
343,30,545000000,laser,-3.141592741,3.141592741,0.017501909,0.000000000,0.000000000,0.050000001,12.000000000,360,360
344,30,628000000,laser,-3.141592741,3.141592741,0.017501909,0.000000000,0.000000000,0.050000001,12.000000000,360,360
345,30,711000000,laser,-3.141592741,3.141592741,0.017501909,0.000000000,0.000000000,0.050000001,12.000000000,360,360
346,30,794000000,laser,-3.141592741,3.141592741,0.017501909,0.000000000,0.000000000,0.050000001,12.000000000,360,360
347,30,877000000,laser,-3.141592741,3.141592741,0.017501909,0.000000000,0.000000000,0.050000001,12.000000000,360,360
348,30,960000000,laser,-3.141592741,3.141592741,0.017501909,0.000000000,0.000000000,0.050000001,12.000000000,360,360
349,31,43000000,laser,-3.141592741,3.141592741,0.017501909,0.000000000,0.000000000,0.050000001,12.000000000,360,360
350,31,126000000,laser,-3.141592741,3.141592741,0.017501909,0.000000000,0.000000000,0.050000001,12.000000000,360,360
351,31,209000000,laser,-3.141592741,3.141592741,0.017501909,0.000000000,0.000000000,0.050000001,12.000000000,360,360
352,31,292000000,laser,-3.141592741,3.141592741,0.017501909,0.000000000,0.000000000,0.050000001,12.000000000,360,360
353,31,375000000,laser,-3.141592741,3.141592741,0.017501909,0.000000000,0.000000000,0.050000001,12.000000000,360,360
354,31,458000000,laser,-3.141592741,3.141592741,0.017501909,0.000000000,0.000000000,0.050000001,12.000000000,360,360
355,31,541000000,laser,-3.141592741,3.141592741,0.017501909,0.000000000,0.000000000,0.050000001,12.000000000,360,360
356,31,624000000,laser,-3.141592741,3.141592741,0.017501909,0.000000000,0.000000000,0.050000001,12.000000000,360,360
357,31,707000000,laser,-3.141592741,3.141592741,0.017501909,0.000000000,0.000000000,0.050000001,12.000000000,360,360
358,31,790000000,laser,-3.141592741,3.141592741,0.017501909,0.000000000,0.000000000,0.050000001,12.000000000,360,360
359,31,873000000,laser,-3.141592741,3.141592741,0.017501909,0.000000000,0.000000000,0.050000001,12.000000000,360,360
360,31,956000000,laser,-3.141592741,3.141592741,0.017501909,0.000000000,0.000000000,0.050000001,12.000000000,360,360
361,32,39000000,laser,-3.141592741,3.141592741,0.017501909,0.000000000,0.000000000,0.050000001,12.000000000,360,360
362,32,122000000,laser,-3.141592741,3.141592741,0.017501909,0.000000000,0.000000000,0.050000001,12.000000000,360,360
363,32,205000000,laser,-3.141592741,3.141592741,0.017501909,0.000000000,0.000000000,0.050000001,12.000000000,360,360
364,32,288000000,laser,-3.141592741,3.141592741,0.017501909,0.000000000,0.000000000,0.050000001,12.000000000,360,360
365,32,371000000,laser,-3.141592741,3.141592741,0.017501909,0.000000000,0.000000000,0.050000001,12.000000000,360,360
366,32,454000000,laser,-3.141592741,3.141592741,0.017501909,0.000000000,0.000000000,0.050000001,12.000000000,360,360
367,32,537000000,laser,-3.141592741,3.141592741,0.017501909,0.000000000,0.000000000,0.050000001,12.000000000,360,360
368,32,620000000,laser,-3.141592741,3.141592741,0.017501909,0.000000000,0.000000000,0.050000001,12.000000000,360,360
369,32,703000000,laser,-3.141592741,3.141592741,0.017501909,0.000000000,0.000000000,0.050000001,12.000000000,360,360
370,32,786000000,laser,-3.141592741,3.141592741,0.017501909,0.000000000,0.000000000,0.050000001,12.000000000,360,360
371,32,869000000,laser,-3.141592741,3.141592741,0.017501909,0.000000000,0.000000000,0.050000001,12.000000000,360,360
372,32,952000000,laser,-3.141592741,3.141592741,0.017501909,0.000000000,0.000000000,0.050000001,12.000000000,360,360
373,33,35000000,laser,-3.141592741,3.141592741,0.017501909,0.000000000,0.000000000,0.050000001,12.000000000,360,360
374,33,118000000,laser,-3.141592741,3.141592741,0.017501909,0.000000000,0.000000000,0.050000001,12.000000000,360,360
375,33,201000000,laser,-3.141592741,3.141592741,0.017501909,0.000000000,0.000000000,0.050000001,12.000000000,360,360
376,33,284000000,laser,-3.141592741,3.141592741,0.017501909,0.000000000,0.000000000,0.050000001,12.000000000,360,360
377,33,367000000,laser,-3.141592741,3.141592741,0.017501909,0.000000000,0.000000000,0.050000001,12.000000000,360,360
378,33,450000000,laser,-3.141592741,3.141592741,0.017501909,0.000000000,0.000000000,0.050000001,12.000000000,360,360
379,33,533000000,laser,-3.141592741,3.141592741,0.017501909,0.000000000,0.000000000,0.050000001,12.000000000,360,360
380,33,616000000,laser,-3.141592741,3.141592741,0.017501909,0.000000000,0.000000000,0.050000001,12.000000000,360,360
381,33,699000000,laser,-3.141592741,3.141592741,0.017501909,0.000000000,0.000000000,0.050000001,12.000000000,360,360
382,33,782000000,laser,-3.141592741,3.141592741,0.017501909,0.000000000,0.000000000,0.050000001,12.000000000,360,360
383,33,865000000,laser,-3.141592741,3.141592741,0.017501909,0.000000000,0.000000000,0.050000001,12.000000000,360,360
384,33,948000000,laser,-3.141592741,3.141592741,0.017501909,0.000000000,0.000000000,0.050000001,12.000000000,360,360
385,34,31000000,laser,-3.141592741,3.141592741,0.017501909,0.000000000,0.000000000,0.050000001,12.000000000,360,360
386,34,114000000,laser,-3.141592741,3.141592741,0.017501909,0.000000000,0.000000000,0.050000001,12.000000000,360,360
387,34,197000000,laser,-3.141592741,3.141592741,0.017501909,0.000000000,0.000000000,0.050000001,12.000000000,360,360
388,34,280000000,laser,-3.141592741,3.141592741,0.017501909,0.000000000,0.000000000,0.050000001,12.000000000,360,360
389,34,363000000,laser,-3.141592741,3.141592741,0.017501909,0.000000000,0.000000000,0.050000001,12.000000000,360,360
390,34,446000000,laser,-3.141592741,3.141592741,0.017501909,0.000000000,0.000000000,0.050000001,12.000000000,360,360
391,34,529000000,laser,-3.141592741,3.141592741,0.017501909,0.000000000,0.000000000,0.050000001,12.000000000,360,360
392,34,612000000,laser,-3.141592741,3.141592741,0.017501909,0.000000000,0.000000000,0.050000001,12.000000000,360,360
393,34,695000000,laser,-3.141592741,3.141592741,0.017501909,0.000000000,0.000000000,0.050000001,12.000000000,360,360
394,34,778000000,laser,-3.141592741,3.141592741,0.017501909,0.000000000,0.000000000,0.050000001,12.000000000,360,360
395,34,861000000,laser,-3.141592741,3.141592741,0.017501909,0.000000000,0.000000000,0.050000001,12.000000000,360,360
396,34,944000000,laser,-3.141592741,3.141592741,0.017501909,0.000000000,0.000000000,0.050000001,12.000000000,360,360
397,35,27000000,laser,-3.141592741,3.141592741,0.017501909,0.000000000,0.000000000,0.050000001,12.000000000,360,360
398,35,110000000,laser,-3.141592741,3.141592741,0.017501909,0.000000000,0.000000000,0.050000001,12.000000000,360,360
399,35,193000000,laser,-3.141592741,3.141592741,0.017501909,0.000000000,0.000000000,0.050000001,12.000000000,360,360
400,35,276000000,laser,-3.141592741,3.141592741,0.017501909,0.000000000,0.000000000,0.050000001,12.000000000,360,360
401,35,359000000,laser,-3.141592741,3.141592741,0.017501909,0.000000000,0.000000000,0.050000001,12.000000000,360,360
402,35,442000000,laser,-3.141592741,3.141592741,0.017501909,0.000000000,0.000000000,0.050000001,12.000000000,360,360
403,35,525000000,laser,-3.141592741,3.141592741,0.017501909,0.000000000,0.000000000,0.050000001,12.000000000,360,360
404,35,608000000,laser,-3.141592741,3.141592741,0.017501909,0.000000000,0.000000000,0.050000001,12.000000000,360,360
405,35,691000000,laser,-3.141592741,3.141592741,0.017501909,0.000000000,0.000000000,0.050000001,12.000000000,360,360
406,35,774000000,laser,-3.141592741,3.141592741,0.017501909,0.000000000,0.000000000,0.050000001,12.000000000,360,360
407,35,857000000,laser,-3.141592741,3.141592741,0.017501909,0.000000000,0.000000000,0.050000001,12.000000000,360,360
408,35,940000000,laser,-3.141592741,3.141592741,0.017501909,0.000000000,0.000000000,0.050000001,12.000000000,360,360
409,36,23000000,laser,-3.141592741,3.141592741,0.017501909,0.000000000,0.000000000,0.050000001,12.000000000,360,360
410,36,106000000,laser,-3.141592741,3.141592741,0.017501909,0.000000000,0.000000000,0.050000001,12.000000000,360,360
411,36,189000000,laser,-3.141592741,3.141592741,0.017501909,0.000000000,0.000000000,0.050000001,12.000000000,360,360
412,36,272000000,laser,-3.141592741,3.141592741,0.017501909,0.000000000,0.000000000,0.050000001,12.000000000,360,360
413,36,355000000,laser,-3.141592741,3.141592741,0.017501909,0.000000000,0.000000000,0.050000001,12.000000000,360,360
414,36,438000000,laser,-3.141592741,3.141592741,0.017501909,0.000000000,0.000000000,0.050000001,12.000000000,360,360
415,36,521000000,laser,-3.141592741,3.141592741,0.017501909,0.000000000,0.000000000,0.050000001,12.000000000,360,360
416,36,604000000,laser,-3.141592741,3.141592741,0.017501909,0.000000000,0.000000000,0.050000001,12.000000000,360,360
417,36,687000000,laser,-3.141592741,3.141592741,0.017501909,0.000000000,0.000000000,0.050000001,12.000000000,360,360
418,36,770000000,laser,-3.141592741,3.141592741,0.017501909,0.000000000,0.000000000,0.050000001,12.000000000,360,360
419,36,853000000,laser,-3.141592741,3.141592741,0.017501909,0.000000000,0.000000000,0.050000001,12.000000000,360,360
420,36,936000000,laser,-3.141592741,3.141592741,0.017501909,0.000000000,0.000000000,0.050000001,12.000000000,360,360
421,37,19000000,laser,-3.141592741,3.141592741,0.017501909,0.000000000,0.000000000,0.050000001,12.000000000,360,360
422,37,102000000,laser,-3.141592741,3.141592741,0.017501909,0.000000000,0.000000000,0.050000001,12.000000000,360,360
423,37,185000000,laser,-3.141592741,3.141592741,0.017501909,0.000000000,0.000000000,0.050000001,12.000000000,360,360
424,37,268000000,laser,-3.141592741,3.141592741,0.017501909,0.000000000,0.000000000,0.050000001,12.000000000,360,360
425,37,351000000,laser,-3.141592741,3.141592741,0.017501909,0.000000000,0.000000000,0.050000001,12.000000000,360,360
426,37,434000000,laser,-3.141592741,3.141592741,0.017501909,0.000000000,0.000000000,0.050000001,12.000000000,360,360
427,37,517000000,laser,-3.141592741,3.141592741,0.017501909,0.000000000,0.000000000,0.050000001,12.000000000,360,360
428,37,600000000,laser,-3.141592741,3.141592741,0.017501909,0.000000000,0.000000000,0.050000001,12.000000000,360,360
429,37,683000000,laser,-3.141592741,3.141592741,0.017501909,0.000000000,0.000000000,0.050000001,12.000000000,360,360
430,37,766000000,laser,-3.141592741,3.141592741,0.017501909,0.000000000,0.000000000,0.050000001,12.000000000,360,360
431,37,849000000,laser,-3.141592741,3.141592741,0.017501909,0.000000000,0.000000000,0.050000001,12.000000000,360,360
432,37,932000000,laser,-3.141592741,3.141592741,0.017501909,0.000000000,0.000000000,0.050000001,12.000000000,360,360
433,38,15000000,laser,-3.141592741,3.141592741,0.017501909,0.000000000,0.000000000,0.050000001,12.000000000,360,360
434,38,98000000,laser,-3.141592741,3.141592741,0.017501909,0.000000000,0.000000000,0.050000001,12.000000000,360,360
435,38,181000000,laser,-3.141592741,3.141592741,0.017501909,0.000000000,0.000000000,0.050000001,12.000000000,360,360
436,38,264000000,laser,-3.141592741,3.141592741,0.017501909,0.000000000,0.000000000,0.050000001,12.000000000,360,360
437,38,347000000,laser,-3.141592741,3.141592741,0.017501909,0.000000000,0.000000000,0.050000001,12.000000000,360,360
438,38,430000000,laser,-3.141592741,3.141592741,0.017501909,0.000000000,0.000000000,0.050000001,12.000000000,360,360
439,38,513000000,laser,-3.141592741,3.141592741,0.017501909,0.000000000,0.000000000,0.050000001,12.000000000,360,360
440,38,596000000,laser,-3.141592741,3.141592741,0.017501909,0.000000000,0.000000000,0.050000001,12.000000000,360,360
441,38,679000000,laser,-3.141592741,3.141592741,0.017501909,0.000000000,0.000000000,0.050000001,12.000000000,360,360
442,38,762000000,laser,-3.141592741,3.141592741,0.017501909,0.000000000,0.000000000,0.050000001,12.000000000,360,360
443,38,845000000,laser,-3.141592741,3.141592741,0.017501909,0.000000000,0.000000000,0.050000001,12.000000000,360,360
444,38,928000000,laser,-3.141592741,3.141592741,0.017501909,0.000000000,0.000000000,0.050000001,12.000000000,360,360
445,39,11000000,laser,-3.141592741,3.141592741,0.017501909,0.000000000,0.000000000,0.050000001,12.000000000,360,360
446,39,94000000,laser,-3.141592741,3.141592741,0.017501909,0.000000000,0.000000000,0.050000001,12.000000000,360,360
447,39,177000000,laser,-3.141592741,3.141592741,0.017501909,0.000000000,0.000000000,0.050000001,12.000000000,360,360
448,39,260000000,laser,-3.141592741,3.141592741,0.017501909,0.000000000,0.000000000,0.050000001,12.000000000,360,360
449,39,343000000,laser,-3.141592741,3.141592741,0.017501909,0.000000000,0.000000000,0.050000001,12.000000000,360,360
450,39,426000000,laser,-3.141592741,3.141592741,0.017501909,0.000000000,0.000000000,0.050000001,12.000000000,360,360
451,39,509000000,laser,-3.141592741,3.141592741,0.017501909,0.000000000,0.000000000,0.050000001,12.000000000,360,360
452,39,592000000,laser,-3.141592741,3.141592741,0.017501909,0.000000000,0.000000000,0.050000001,12.000000000,360,360
453,39,675000000,laser,-3.141592741,3.141592741,0.017501909,0.000000000,0.000000000,0.050000001,12.000000000,360,360
454,39,758000000,laser,-3.141592741,3.141592741,0.017501909,0.000000000,0.000000000,0.050000001,12.000000000,360,360
455,39,841000000,laser,-3.141592741,3.141592741,0.017501909,0.000000000,0.000000000,0.050000001,12.000000000,360,360
456,39,924000000,laser,-3.141592741,3.141592741,0.017501909,0.000000000,0.000000000,0.050000001,12.000000000,360,360
457,40,7000000,laser,-3.141592741,3.141592741,0.017501909,0.000000000,0.000000000,0.050000001,12.000000000,360,360
458,40,90000000,laser,-3.141592741,3.141592741,0.017501909,0.000000000,0.000000000,0.050000001,12.000000000,360,360
459,40,173000000,laser,-3.141592741,3.141592741,0.017501909,0.000000000,0.000000000,0.050000001,12.000000000,360,360
460,40,256000000,laser,-3.141592741,3.141592741,0.017501909,0.000000000,0.000000000,0.050000001,12.000000000,360,360
461,40,339000000,laser,-3.141592741,3.141592741,0.017501909,0.000000000,0.000000000,0.050000001,12.000000000,360,360
462,40,422000000,laser,-3.141592741,3.141592741,0.017501909,0.000000000,0.000000000,0.050000001,12.000000000,360,360
463,40,505000000,laser,-3.141592741,3.141592741,0.017501909,0.000000000,0.000000000,0.050000001,12.000000000,360,360
464,40,588000000,laser,-3.141592741,3.141592741,0.017501909,0.000000000,0.000000000,0.050000001,12.000000000,360,360
465,40,671000000,laser,-3.141592741,3.141592741,0.017501909,0.000000000,0.000000000,0.050000001,12.000000000,360,360
466,40,754000000,laser,-3.141592741,3.141592741,0.017501909,0.000000000,0.000000000,0.050000001,12.000000000,360,360
467,40,837000000,laser,-3.141592741,3.141592741,0.017501909,0.000000000,0.000000000,0.050000001,12.000000000,360,360
468,40,920000000,laser,-3.141592741,3.141592741,0.017501909,0.000000000,0.000000000,0.050000001,12.000000000,360,360
469,41,3000000,laser,-3.141592741,3.141592741,0.017501909,0.000000000,0.000000000,0.050000001,12.000000000,360,360
470,41,86000000,laser,-3.141592741,3.141592741,0.017501909,0.000000000,0.000000000,0.050000001,12.000000000,360,360
471,41,169000000,laser,-3.141592741,3.141592741,0.017501909,0.000000000,0.000000000,0.050000001,12.000000000,360,360
472,41,252000000,laser,-3.141592741,3.141592741,0.017501909,0.000000000,0.000000000,0.050000001,12.000000000,360,360
473,41,335000000,laser,-3.141592741,3.141592741,0.017501909,0.000000000,0.000000000,0.050000001,12.000000000,360,360
474,41,418000000,laser,-3.141592741,3.141592741,0.017501909,0.000000000,0.000000000,0.050000001,12.000000000,360,360
475,41,501000000,laser,-3.141592741,3.141592741,0.017501909,0.000000000,0.000000000,0.050000001,12.000000000,360,360
476,41,584000000,laser,-3.141592741,3.141592741,0.017501909,0.000000000,0.000000000,0.050000001,12.000000000,360,360
477,41,667000000,laser,-3.141592741,3.141592741,0.017501909,0.000000000,0.000000000,0.050000001,12.000000000,360,360
478,41,750000000,laser,-3.141592741,3.141592741,0.017501909,0.000000000,0.000000000,0.050000001,12.000000000,360,360
479,41,833000000,laser,-3.141592741,3.141592741,0.017501909,0.000000000,0.000000000,0.050000001,12.000000000,360,360
480,41,916000000,laser,-3.141592741,3.141592741,0.017501909,0.000000000,0.000000000,0.050000001,12.000000000,360,360
481,41,999000000,laser,-3.141592741,3.141592741,0.017501909,0.000000000,0.000000000,0.050000001,12.000000000,360,360
482,42,82000000,laser,-3.141592741,3.141592741,0.017501909,0.000000000,0.000000000,0.050000001,12.000000000,360,360
483,42,165000000,laser,-3.141592741,3.141592741,0.017501909,0.000000000,0.000000000,0.050000001,12.000000000,360,360
484,42,248000000,laser,-3.141592741,3.141592741,0.017501909,0.000000000,0.000000000,0.050000001,12.000000000,360,360
485,42,331000000,laser,-3.141592741,3.141592741,0.017501909,0.000000000,0.000000000,0.050000001,12.000000000,360,360
486,42,414000000,laser,-3.141592741,3.141592741,0.017501909,0.000000000,0.000000000,0.050000001,12.000000000,360,360
487,42,497000000,laser,-3.141592741,3.141592741,0.017501909,0.000000000,0.000000000,0.050000001,12.000000000,360,360
488,42,580000000,laser,-3.141592741,3.141592741,0.017501909,0.000000000,0.000000000,0.050000001,12.000000000,360,360
489,42,663000000,laser,-3.141592741,3.141592741,0.017501909,0.000000000,0.000000000,0.050000001,12.000000000,360,360
490,42,746000000,laser,-3.141592741,3.141592741,0.017501909,0.000000000,0.000000000,0.050000001,12.000000000,360,360
491,42,829000000,laser,-3.141592741,3.141592741,0.017501909,0.000000000,0.000000000,0.050000001,12.000000000,360,360
492,42,912000000,laser,-3.141592741,3.141592741,0.017501909,0.000000000,0.000000000,0.050000001,12.000000000,360,360
493,42,995000000,laser,-3.141592741,3.141592741,0.017501909,0.000000000,0.000000000,0.050000001,12.000000000,360,360
494,43,78000000,laser,-3.141592741,3.141592741,0.017501909,0.000000000,0.000000000,0.050000001,12.000000000,360,360
495,43,161000000,laser,-3.141592741,3.141592741,0.017501909,0.000000000,0.000000000,0.050000001,12.000000000,360,360
496,43,244000000,laser,-3.141592741,3.141592741,0.017501909,0.000000000,0.000000000,0.050000001,12.000000000,360,360
497,43,327000000,laser,-3.141592741,3.141592741,0.017501909,0.000000000,0.000000000,0.050000001,12.000000000,360,360
498,43,410000000,laser,-3.141592741,3.141592741,0.017501909,0.000000000,0.000000000,0.050000001,12.000000000,360,360
499,43,493000000,laser,-3.141592741,3.141592741,0.017501909,0.000000000,0.000000000,0.050000001,12.000000000,360,360
500,43,576000000,laser,-3.141592741,3.141592741,0.017501909,0.000000000,0.000000000,0.050000001,12.000000000,360,360
501,43,659000000,laser,-3.141592741,3.141592741,0.017501909,0.000000000,0.000000000,0.050000001,12.000000000,360,360
502,43,742000000,laser,-3.141592741,3.141592741,0.017501909,0.000000000,0.000000000,0.050000001,12.000000000,360,360
503,43,825000000,laser,-3.141592741,3.141592741,0.017501909,0.000000000,0.000000000,0.050000001,12.000000000,360,360
504,43,908000000,laser,-3.141592741,3.141592741,0.017501909,0.000000000,0.000000000,0.050000001,12.000000000,360,360
505,43,991000000,laser,-3.141592741,3.141592741,0.017501909,0.000000000,0.000000000,0.050000001,12.000000000,360,360
506,44,74000000,laser,-3.141592741,3.141592741,0.017501909,0.000000000,0.000000000,0.050000001,12.000000000,360,360
507,44,157000000,laser,-3.141592741,3.141592741,0.017501909,0.000000000,0.000000000,0.050000001,12.000000000,360,360
508,44,240000000,laser,-3.141592741,3.141592741,0.017501909,0.000000000,0.000000000,0.050000001,12.000000000,360,360
509,44,323000000,laser,-3.141592741,3.141592741,0.017501909,0.000000000,0.000000000,0.050000001,12.000000000,360,360
510,44,406000000,laser,-3.141592741,3.141592741,0.017501909,0.000000000,0.000000000,0.050000001,12.000000000,360,360
511,44,489000000,laser,-3.141592741,3.141592741,0.017501909,0.000000000,0.000000000,0.050000001,12.000000000,360,360
512,44,572000000,laser,-3.141592741,3.141592741,0.017501909,0.000000000,0.000000000,0.050000001,12.000000000,360,360
513,44,655000000,laser,-3.141592741,3.141592741,0.017501909,0.000000000,0.000000000,0.050000001,12.000000000,360,360
514,44,738000000,laser,-3.141592741,3.141592741,0.017501909,0.000000000,0.000000000,0.050000001,12.000000000,360,360
515,44,821000000,laser,-3.141592741,3.141592741,0.017501909,0.000000000,0.000000000,0.050000001,12.000000000,360,360
516,44,904000000,laser,-3.141592741,3.141592741,0.017501909,0.000000000,0.000000000,0.050000001,12.000000000,360,360
517,44,987000000,laser,-3.141592741,3.141592741,0.017501909,0.000000000,0.000000000,0.050000001,12.000000000,360,359
518,45,70000000,laser,-3.141592741,3.141592741,0.017501909,0.000000000,0.000000000,0.050000001,12.000000000,360,358
519,45,153000000,laser,-3.141592741,3.141592741,0.017501909,0.000000000,0.000000000,0.050000001,12.000000000,360,358
520,45,236000000,laser,-3.141592741,3.141592741,0.017501909,0.000000000,0.000000000,0.050000001,12.000000000,360,359
521,45,319000000,laser,-3.141592741,3.141592741,0.017501909,0.000000000,0.000000000,0.050000001,12.000000000,360,358
522,45,402000000,laser,-3.141592741,3.141592741,0.017501909,0.000000000,0.000000000,0.050000001,12.000000000,360,359
523,45,485000000,laser,-3.141592741,3.141592741,0.017501909,0.000000000,0.000000000,0.050000001,12.000000000,360,358
524,45,568000000,laser,-3.141592741,3.141592741,0.017501909,0.000000000,0.000000000,0.050000001,12.000000000,360,358
525,45,651000000,laser,-3.141592741,3.141592741,0.017501909,0.000000000,0.000000000,0.050000001,12.000000000,360,358
526,45,734000000,laser,-3.141592741,3.141592741,0.017501909,0.000000000,0.000000000,0.050000001,12.000000000,360,359
527,45,817000000,laser,-3.141592741,3.141592741,0.017501909,0.000000000,0.000000000,0.050000001,12.000000000,360,359
528,45,900000000,laser,-3.141592741,3.141592741,0.017501909,0.000000000,0.000000000,0.050000001,12.000000000,360,358
529,45,983000000,laser,-3.141592741,3.141592741,0.017501909,0.000000000,0.000000000,0.050000001,12.000000000,360,358
530,46,66000000,laser,-3.141592741,3.141592741,0.017501909,0.000000000,0.000000000,0.050000001,12.000000000,360,358
531,46,149000000,laser,-3.141592741,3.141592741,0.017501909,0.000000000,0.000000000,0.050000001,12.000000000,360,358
532,46,232000000,laser,-3.141592741,3.141592741,0.017501909,0.000000000,0.000000000,0.050000001,12.000000000,360,358
533,46,315000000,laser,-3.141592741,3.141592741,0.017501909,0.000000000,0.000000000,0.050000001,12.000000000,360,358
534,46,398000000,laser,-3.141592741,3.141592741,0.017501909,0.000000000,0.000000000,0.050000001,12.000000000,360,358
535,46,481000000,laser,-3.141592741,3.141592741,0.017501909,0.000000000,0.000000000,0.050000001,12.000000000,360,358
536,46,564000000,laser,-3.141592741,3.141592741,0.017501909,0.000000000,0.000000000,0.050000001,12.000000000,360,358
537,46,647000000,laser,-3.141592741,3.141592741,0.017501909,0.000000000,0.000000000,0.050000001,12.000000000,360,358
538,46,730000000,laser,-3.141592741,3.141592741,0.017501909,0.000000000,0.000000000,0.050000001,12.000000000,360,358
539,46,813000000,laser,-3.141592741,3.141592741,0.017501909,0.000000000,0.000000000,0.050000001,12.000000000,360,358
540,46,896000000,laser,-3.141592741,3.141592741,0.017501909,0.000000000,0.000000000,0.050000001,12.000000000,360,358
541,46,979000000,laser,-3.141592741,3.141592741,0.017501909,0.000000000,0.000000000,0.050000001,12.000000000,360,358
542,47,62000000,laser,-3.141592741,3.141592741,0.017501909,0.000000000,0.000000000,0.050000001,12.000000000,360,358
543,47,145000000,laser,-3.141592741,3.141592741,0.017501909,0.000000000,0.000000000,0.050000001,12.000000000,360,358
544,47,228000000,laser,-3.141592741,3.141592741,0.017501909,0.000000000,0.000000000,0.050000001,12.000000000,360,358
545,47,311000000,laser,-3.141592741,3.141592741,0.017501909,0.000000000,0.000000000,0.050000001,12.000000000,360,358
546,47,394000000,laser,-3.141592741,3.141592741,0.017501909,0.000000000,0.000000000,0.050000001,12.000000000,360,358
547,47,477000000,laser,-3.141592741,3.141592741,0.017501909,0.000000000,0.000000000,0.050000001,12.000000000,360,358
548,47,560000000,laser,-3.141592741,3.141592741,0.017501909,0.000000000,0.000000000,0.050000001,12.000000000,360,358
549,47,643000000,laser,-3.141592741,3.141592741,0.017501909,0.000000000,0.000000000,0.050000001,12.000000000,360,358
550,47,726000000,laser,-3.141592741,3.141592741,0.017501909,0.000000000,0.000000000,0.050000001,12.000000000,360,358
551,47,809000000,laser,-3.141592741,3.141592741,0.017501909,0.000000000,0.000000000,0.050000001,12.000000000,360,358
552,47,892000000,laser,-3.141592741,3.141592741,0.017501909,0.000000000,0.000000000,0.050000001,12.000000000,360,358
553,47,975000000,laser,-3.141592741,3.141592741,0.017501909,0.000000000,0.000000000,0.050000001,12.000000000,360,358
554,48,58000000,laser,-3.141592741,3.141592741,0.017501909,0.000000000,0.000000000,0.050000001,12.000000000,360,358
555,48,141000000,laser,-3.141592741,3.141592741,0.017501909,0.000000000,0.000000000,0.050000001,12.000000000,360,358
556,48,224000000,laser,-3.141592741,3.141592741,0.017501909,0.000000000,0.000000000,0.050000001,12.000000000,360,358
557,48,307000000,laser,-3.141592741,3.141592741,0.017501909,0.000000000,0.000000000,0.050000001,12.000000000,360,358
558,48,390000000,laser,-3.141592741,3.141592741,0.017501909,0.000000000,0.000000000,0.050000001,12.000000000,360,358
559,48,473000000,laser,-3.141592741,3.141592741,0.017501909,0.000000000,0.000000000,0.050000001,12.000000000,360,358
560,48,556000000,laser,-3.141592741,3.141592741,0.017501909,0.000000000,0.000000000,0.050000001,12.000000000,360,358
561,48,639000000,laser,-3.141592741,3.141592741,0.017501909,0.000000000,0.000000000,0.050000001,12.000000000,360,358
562,48,722000000,laser,-3.141592741,3.141592741,0.017501909,0.000000000,0.000000000,0.050000001,12.000000000,360,358
563,48,805000000,laser,-3.141592741,3.141592741,0.017501909,0.000000000,0.000000000,0.050000001,12.000000000,360,358
564,48,888000000,laser,-3.141592741,3.141592741,0.017501909,0.000000000,0.000000000,0.050000001,12.000000000,360,358
565,48,971000000,laser,-3.141592741,3.141592741,0.017501909,0.000000000,0.000000000,0.050000001,12.000000000,360,358
566,49,54000000,laser,-3.141592741,3.141592741,0.017501909,0.000000000,0.000000000,0.050000001,12.000000000,360,358
567,49,137000000,laser,-3.141592741,3.141592741,0.017501909,0.000000000,0.000000000,0.050000001,12.000000000,360,358
568,49,220000000,laser,-3.141592741,3.141592741,0.017501909,0.000000000,0.000000000,0.050000001,12.000000000,360,358
569,49,303000000,laser,-3.141592741,3.141592741,0.017501909,0.000000000,0.000000000,0.050000001,12.000000000,360,358
570,49,386000000,laser,-3.141592741,3.141592741,0.017501909,0.000000000,0.000000000,0.050000001,12.000000000,360,358
571,49,469000000,laser,-3.141592741,3.141592741,0.017501909,0.000000000,0.000000000,0.050000001,12.000000000,360,358
572,49,552000000,laser,-3.141592741,3.141592741,0.017501909,0.000000000,0.000000000,0.050000001,12.000000000,360,358
573,49,635000000,laser,-3.141592741,3.141592741,0.017501909,0.000000000,0.000000000,0.050000001,12.000000000,360,358
574,49,718000000,laser,-3.141592741,3.141592741,0.017501909,0.000000000,0.000000000,0.050000001,12.000000000,360,358
575,49,801000000,laser,-3.141592741,3.141592741,0.017501909,0.000000000,0.000000000,0.050000001,12.000000000,360,358
576,49,884000000,laser,-3.141592741,3.141592741,0.017501909,0.000000000,0.000000000,0.050000001,12.000000000,360,358
577,49,967000000,laser,-3.141592741,3.141592741,0.017501909,0.000000000,0.000000000,0.050000001,12.000000000,360,358
578,50,50000000,laser,-3.141592741,3.141592741,0.017501909,0.000000000,0.000000000,0.050000001,12.000000000,360,358
579,50,133000000,laser,-3.141592741,3.141592741,0.017501909,0.000000000,0.000000000,0.050000001,12.000000000,360,358
580,50,216000000,laser,-3.141592741,3.141592741,0.017501909,0.000000000,0.000000000,0.050000001,12.000000000,360,358
581,50,299000000,laser,-3.141592741,3.141592741,0.017501909,0.000000000,0.000000000,0.050000001,12.000000000,360,358
582,50,382000000,laser,-3.141592741,3.141592741,0.017501909,0.000000000,0.000000000,0.050000001,12.000000000,360,358
583,50,465000000,laser,-3.141592741,3.141592741,0.017501909,0.000000000,0.000000000,0.050000001,12.000000000,360,358
584,50,548000000,laser,-3.141592741,3.141592741,0.017501909,0.000000000,0.000000000,0.050000001,12.000000000,360,358
585,50,631000000,laser,-3.141592741,3.141592741,0.017501909,0.000000000,0.000000000,0.050000001,12.000000000,360,358
586,50,714000000,laser,-3.141592741,3.141592741,0.017501909,0.000000000,0.000000000,0.050000001,12.000000000,360,358
587,50,797000000,laser,-3.141592741,3.141592741,0.017501909,0.000000000,0.000000000,0.050000001,12.000000000,360,358
588,50,880000000,laser,-3.141592741,3.141592741,0.017501909,0.000000000,0.000000000,0.050000001,12.000000000,360,358
589,50,963000000,laser,-3.141592741,3.141592741,0.017501909,0.000000000,0.000000000,0.050000001,12.000000000,360,358
590,51,46000000,laser,-3.141592741,3.141592741,0.017501909,0.000000000,0.000000000,0.050000001,12.000000000,360,358
591,51,129000000,laser,-3.141592741,3.141592741,0.017501909,0.000000000,0.000000000,0.050000001,12.000000000,360,358
592,51,212000000,laser,-3.141592741,3.141592741,0.017501909,0.000000000,0.000000000,0.050000001,12.000000000,360,358
593,51,295000000,laser,-3.141592741,3.141592741,0.017501909,0.000000000,0.000000000,0.050000001,12.000000000,360,358
594,51,378000000,laser,-3.141592741,3.141592741,0.017501909,0.000000000,0.000000000,0.050000001,12.000000000,360,358
595,51,461000000,laser,-3.141592741,3.141592741,0.017501909,0.000000000,0.000000000,0.050000001,12.000000000,360,358
596,51,544000000,laser,-3.141592741,3.141592741,0.017501909,0.000000000,0.000000000,0.050000001,12.000000000,360,358
597,51,627000000,laser,-3.141592741,3.141592741,0.017501909,0.000000000,0.000000000,0.050000001,12.000000000,360,358
598,51,710000000,laser,-3.141592741,3.141592741,0.017501909,0.000000000,0.000000000,0.050000001,12.000000000,360,358
599,51,793000000,laser,-3.141592741,3.141592741,0.017501909,0.000000000,0.000000000,0.050000001,12.000000000,360,358
600,51,876000000,laser,-3.141592741,3.141592741,0.017501909,0.000000000,0.000000000,0.050000001,12.000000000,360,358
601,51,959000000,laser,-3.141592741,3.141592741,0.017501909,0.000000000,0.000000000,0.050000001,12.000000000,360,358
602,52,42000000,laser,-3.141592741,3.141592741,0.017501909,0.000000000,0.000000000,0.050000001,12.000000000,360,358
603,52,125000000,laser,-3.141592741,3.141592741,0.017501909,0.000000000,0.000000000,0.050000001,12.000000000,360,358
604,52,208000000,laser,-3.141592741,3.141592741,0.017501909,0.000000000,0.000000000,0.050000001,12.000000000,360,358
605,52,291000000,laser,-3.141592741,3.141592741,0.017501909,0.000000000,0.000000000,0.050000001,12.000000000,360,358
606,52,374000000,laser,-3.141592741,3.141592741,0.017501909,0.000000000,0.000000000,0.050000001,12.000000000,360,358
607,52,457000000,laser,-3.141592741,3.141592741,0.017501909,0.000000000,0.000000000,0.050000001,12.000000000,360,358
608,52,540000000,laser,-3.141592741,3.141592741,0.017501909,0.000000000,0.000000000,0.050000001,12.000000000,360,358
609,52,623000000,laser,-3.141592741,3.141592741,0.017501909,0.000000000,0.000000000,0.050000001,12.000000000,360,358
610,52,706000000,laser,-3.141592741,3.141592741,0.017501909,0.000000000,0.000000000,0.050000001,12.000000000,360,358
611,52,789000000,laser,-3.141592741,3.141592741,0.017501909,0.000000000,0.000000000,0.050000001,12.000000000,360,358
612,52,872000000,laser,-3.141592741,3.141592741,0.017501909,0.000000000,0.000000000,0.050000001,12.000000000,360,358
613,52,955000000,laser,-3.141592741,3.141592741,0.017501909,0.000000000,0.000000000,0.050000001,12.000000000,360,358
614,53,38000000,laser,-3.141592741,3.141592741,0.017501909,0.000000000,0.000000000,0.050000001,12.000000000,360,358
615,53,121000000,laser,-3.141592741,3.141592741,0.017501909,0.000000000,0.000000000,0.050000001,12.000000000,360,358
616,53,204000000,laser,-3.141592741,3.141592741,0.017501909,0.000000000,0.000000000,0.050000001,12.000000000,360,358
617,53,287000000,laser,-3.141592741,3.141592741,0.017501909,0.000000000,0.000000000,0.050000001,12.000000000,360,358
618,53,370000000,laser,-3.141592741,3.141592741,0.017501909,0.000000000,0.000000000,0.050000001,12.000000000,360,358
619,53,453000000,laser,-3.141592741,3.141592741,0.017501909,0.000000000,0.000000000,0.050000001,12.000000000,360,358
620,53,536000000,laser,-3.141592741,3.141592741,0.017501909,0.000000000,0.000000000,0.050000001,12.000000000,360,358
621,53,619000000,laser,-3.141592741,3.141592741,0.017501909,0.000000000,0.000000000,0.050000001,12.000000000,360,358
622,53,702000000,laser,-3.141592741,3.141592741,0.017501909,0.000000000,0.000000000,0.050000001,12.000000000,360,358
623,53,785000000,laser,-3.141592741,3.141592741,0.017501909,0.000000000,0.000000000,0.050000001,12.000000000,360,358
624,53,868000000,laser,-3.141592741,3.141592741,0.017501909,0.000000000,0.000000000,0.050000001,12.000000000,360,358
625,53,951000000,laser,-3.141592741,3.141592741,0.017501909,0.000000000,0.000000000,0.050000001,12.000000000,360,358
626,54,34000000,laser,-3.141592741,3.141592741,0.017501909,0.000000000,0.000000000,0.050000001,12.000000000,360,358
627,54,117000000,laser,-3.141592741,3.141592741,0.017501909,0.000000000,0.000000000,0.050000001,12.000000000,360,358
