scan_index,stamp_sec,stamp_nanosec,x_m,y_m,yaw_rad,window_id,confidence,inlier_count,median_submap_residual_m,source
0,2,823000000,0.000000000,0.000000000,0.000000000,0,low,0,,window_init
1,2,906000000,-0.000506878,0.000941259,-0.000007832,0,high,180,0.010189192,window_0
2,2,989000000,-0.001757360,0.000662097,-0.000047701,0,high,180,0.007986306,window_0
3,3,72000000,0.000844973,0.001389782,0.000009447,0,high,180,0.006625023,window_0
4,3,155000000,-0.000019995,0.000640392,-0.000058756,0,high,180,0.007084470,window_0
5,3,238000000,0.002512958,-0.000777582,0.000009934,0,high,180,0.008105728,window_0
6,3,321000000,-0.000040480,0.000967272,-0.000006941,0,high,180,0.006661625,window_0
7,3,404000000,-0.002258782,0.000957282,0.000006683,0,high,180,0.005268901,window_0
8,3,487000000,0.002533488,0.000500537,-0.000002637,0,high,180,0.006564715,window_0
9,3,570000000,0.002409377,0.000872300,-0.000023741,0,high,180,0.007231000,window_0
10,3,653000000,0.001169482,0.000192592,0.000065097,0,high,180,0.006746324,window_0
11,3,736000000,0.001536488,0.001729698,0.000008157,0,high,180,0.007773441,window_0
12,3,819000000,0.000067047,0.000727037,0.000020521,0,high,180,0.006876240,window_0
13,3,902000000,0.000151662,0.000083308,0.000052318,0,high,180,0.006801650,window_0
14,3,985000000,-0.000817985,0.000833701,-0.000073619,0,high,180,0.006376367,window_0
15,4,68000000,0.001010164,0.001338363,0.000064521,0,high,180,0.007205426,window_0
16,4,151000000,0.001250859,0.000232111,-0.000040181,0,high,180,0.005911832,window_0
17,4,234000000,0.000216250,-0.000367218,-0.000039866,0,high,180,0.007322831,window_0
18,4,317000000,0.000344980,0.000930623,0.000067325,0,high,180,0.006264346,window_0
19,4,400000000,0.001233607,-0.000328644,0.000062663,0,high,180,0.006480475,window_0
20,4,483000000,0.002532028,0.001712223,0.000022472,0,high,180,0.007152995,window_0
21,4,566000000,0.000933857,0.001878303,0.000084953,0,high,180,0.006655207,window_0
22,4,649000000,0.001619553,0.001579494,-0.000037720,0,high,180,0.007368792,window_0
23,4,732000000,0.000921590,0.000888246,0.000116802,0,high,180,0.006664839,window_0
24,4,815000000,-0.000121200,0.001256224,-0.000000554,0,high,180,0.006516430,window_0
25,4,898000000,0.000617097,0.001573865,0.000034012,0,high,180,0.006205014,window_0
26,4,981000000,0.001838131,0.000505048,-0.000012152,0,high,180,0.006593975,window_0
27,5,64000000,0.000611345,0.001386695,0.000113144,0,high,180,0.007479554,window_0
28,5,147000000,0.002067186,0.000347536,-0.000027951,0,high,180,0.006047931,window_0
29,5,230000000,0.001990578,0.000466678,-0.000025670,0,high,180,0.006948036,window_0
30,5,313000000,0.001376611,0.002469091,0.000008352,0,high,180,0.007176978,window_0
31,5,396000000,-0.000373669,0.003091115,0.000098836,0,high,180,0.005700357,window_0
32,5,479000000,-0.000395654,0.001716076,0.000029853,1,low,0,,window_init
33,5,562000000,0.002379158,0.000030288,-0.000022014,1,high,180,0.007161511,window_1
34,5,645000000,0.000905027,-0.000050790,-0.000092824,1,high,180,0.005843328,window_1
35,5,728000000,0.000705805,0.000426332,-0.000018571,1,high,180,0.005675001,window_1
36,5,811000000,0.001563133,0.000253717,-0.000086190,1,high,180,0.006211802,window_1
37,5,894000000,0.000214286,-0.000224467,-0.000091602,1,high,180,0.006140698,window_1
38,5,977000000,-0.000987616,0.000459561,-0.000037160,1,high,180,0.006350200,window_1
39,6,60000000,0.000479812,-0.001111189,-0.000057010,1,high,180,0.005755951,window_1
40,6,143000000,0.003082128,-0.000475243,0.000016114,1,high,180,0.005990811,window_1
41,6,226000000,0.001940497,0.000022096,-0.000068409,1,high,180,0.006179589,window_1
42,6,309000000,0.001102510,-0.001027389,-0.000009537,1,high,180,0.006240272,window_1
43,6,392000000,0.002072884,-0.000486434,-0.000132738,1,high,180,0.005895554,window_1
44,6,475000000,-0.000105163,-0.000637674,-0.000068811,1,high,180,0.006046463,window_1
45,6,558000000,-0.000286015,0.000580712,-0.000018576,1,high,180,0.006853174,window_1
46,6,641000000,-0.000695463,0.000090250,-0.000063227,1,high,180,0.006583002,window_1
47,6,724000000,-0.000371839,0.000419005,-0.000146197,1,high,180,0.006437773,window_1
48,6,807000000,0.002317635,0.000426213,-0.000032955,1,high,180,0.006595586,window_1
49,6,890000000,0.000415710,0.000355691,-0.000080873,1,high,180,0.005900191,window_1
50,6,973000000,0.002112910,-0.000206166,-0.000036834,1,high,180,0.006240010,window_1
51,7,56000000,0.000905017,-0.000142836,-0.000014204,1,high,180,0.007131337,window_1
52,7,139000000,-0.000870483,0.000310687,-0.000061317,1,high,180,0.006628236,window_1
53,7,222000000,0.000675593,0.000093010,-0.000112558,1,high,180,0.006057679,window_1
54,7,305000000,0.001993487,0.001244855,0.000008950,1,high,180,0.006468133,window_1
55,7,388000000,0.002252967,0.000583069,-0.000065057,1,high,180,0.006782406,window_1
56,7,471000000,-0.000083445,0.000263964,-0.000040039,1,high,180,0.005785890,window_1
57,7,554000000,0.000859913,-0.000764212,-0.000035133,1,high,180,0.006419474,window_1
58,7,637000000,0.003928055,0.000565314,-0.000074786,1,high,180,0.006427085,window_1
59,7,720000000,-0.001781169,0.000167932,-0.000021298,1,high,180,0.006125570,window_1
60,7,803000000,-0.000966465,0.001408850,-0.000063649,1,high,180,0.006067296,window_1
61,7,886000000,0.002473139,0.000022242,-0.000056649,1,high,180,0.006698826,window_1
62,7,969000000,0.003497183,0.000217557,-0.000031870,1,high,180,0.005969734,window_1
63,8,52000000,0.002806072,-0.000921914,0.000055837,1,high,180,0.006395378,window_1
64,8,135000000,0.001572436,0.000406675,-0.000057398,2,low,0,,window_init
65,8,218000000,0.001471544,-0.000774580,-0.000700237,2,high,180,0.006398348,window_2
66,8,301000000,0.001838458,-0.000504521,-0.001355415,2,high,180,0.006061101,window_2
67,8,384000000,-0.000759465,-0.000600665,-0.002022082,2,high,180,0.006235754,window_2
68,8,467000000,-0.002202065,-0.001435073,-0.002676391,2,high,180,0.006585932,window_2
69,8,550000000,-0.001683733,-0.000863187,-0.003361436,2,high,180,0.005567944,window_2
70,8,633000000,-0.003187593,-0.001642790,-0.003981280,2,high,180,0.006396221,window_2
71,8,716000000,-0.001420298,-0.002903851,-0.004628277,2,high,180,0.006432454,window_2
72,8,799000000,-0.003151739,-0.001575133,-0.005264819,2,high,180,0.006221987,window_2
73,8,882000000,-0.004280258,-0.002605242,-0.005958739,2,high,180,0.007146153,window_2
74,8,965000000,-0.002754526,-0.003029281,-0.006585238,2,high,180,0.006615578,window_2
75,9,48000000,-0.000787001,-0.003487384,-0.007207058,2,high,180,0.006362791,window_2
76,9,131000000,-0.002133863,-0.002801536,-0.007897370,2,high,180,0.007796841,window_2
77,9,214000000,-0.004379548,-0.004380499,-0.008534348,2,high,180,0.005849522,window_2
78,9,297000000,-0.002903275,-0.004961806,-0.009182886,2,high,180,0.006369547,window_2
79,9,380000000,-0.003392277,-0.004813620,-0.009917220,2,high,180,0.006542715,window_2
80,9,463000000,-0.003459440,-0.005655625,-0.010585855,2,high,180,0.006859786,window_2
81,9,546000000,-0.004366839,-0.005845324,-0.011103588,2,high,180,0.006026644,window_2
82,9,629000000,-0.005183737,-0.005040698,-0.011852414,2,high,180,0.005777761,window_2
83,9,712000000,-0.007801881,-0.005109586,-0.012569131,2,high,180,0.006184813,window_2
84,9,795000000,-0.005531067,-0.007142831,-0.013160680,2,high,180,0.007034867,window_2
85,9,878000000,-0.005687122,-0.007152502,-0.013838418,2,high,180,0.006337839,window_2
86,9,961000000,-0.004745611,-0.007287666,-0.014487149,2,high,180,0.006726015,window_2
87,10,44000000,-0.003589572,-0.007048643,-0.015075137,2,high,180,0.007654503,window_2
88,10,127000000,0.004221499,-0.007193616,-0.015765241,2,high,180,0.010401818,window_2
89,10,210000000,-0.000529453,-0.008136709,-0.016301407,2,high,180,0.008703969,window_2
90,10,293000000,0.009089757,-0.010385362,-0.017028267,2,high,180,0.012395914,window_2
91,10,376000000,0.009880879,-0.010982618,-0.017770183,2,high,180,0.012502140,window_2
92,10,459000000,0.014481075,-0.010215648,-0.018760257,2,high,180,0.013221557,window_2
93,10,542000000,0.027890960,-0.011064935,-0.020055251,2,high,180,0.012446116,window_2
94,10,625000000,0.035337863,-0.010946834,-0.020464918,2,high,179,0.012890856,window_2
95,10,708000000,0.045133505,-0.012483696,-0.021317011,2,high,180,0.012424581,window_2
96,10,791000000,0.057424452,-0.013291302,-0.021976021,3,low,0,,window_init
97,10,874000000,0.069329087,-0.012476593,-0.022326078,3,high,180,0.012202652,window_3
98,10,957000000,0.077584644,-0.012804576,-0.022994987,3,high,180,0.012774472,window_3
99,11,40000000,0.098653201,-0.012316965,-0.023704072,3,high,180,0.013451060,window_3
100,11,123000000,0.113399139,-0.013848604,-0.024404609,3,high,180,0.013157049,window_3
101,11,206000000,0.134552690,-0.015764707,-0.025122997,3,high,180,0.013439677,window_3
102,11,289000000,0.165284885,-0.015370610,-0.026329673,3,high,180,0.014235266,window_3
103,11,372000000,0.186429884,-0.016928040,-0.026808453,3,high,180,0.013276590,window_3
104,11,455000000,0.211028806,-0.020395268,-0.027520078,3,high,180,0.012831249,window_3
105,11,538000000,0.253265972,-0.023568785,-0.028144421,3,high,180,0.013914242,window_3
106,11,621000000,0.285107798,-0.023094276,-0.028615297,3,high,180,0.012549852,window_3
107,11,704000000,0.326450343,-0.027250319,-0.029513570,3,high,180,0.012559267,window_3
108,11,787000000,0.380868821,-0.030738228,-0.030701032,3,high,180,0.012422227,window_3
109,11,870000000,0.410521578,-0.033996105,-0.032234797,3,low,180,0.013511909,window_3
110,11,953000000,0.472126882,-0.036547658,-0.032699053,3,high,180,0.013056702,window_3
111,12,36000000,0.508668535,-0.039907363,-0.033996824,3,low,180,0.013817996,window_3
112,12,119000000,0.583726443,-0.041234538,-0.033994549,3,high,179,0.012760803,window_3
113,12,202000000,0.657735865,-0.044981632,-0.034502559,3,high,180,0.012780033,window_3
114,12,285000000,0.709040252,-0.050085806,-0.035679018,3,high,180,0.013443374,window_3
115,12,368000000,0.748505007,-0.053941184,-0.036284306,3,high,180,0.012730768,window_3
116,12,451000000,0.773310242,-0.055511629,-0.037089619,3,high,180,0.012646044,window_3
117,12,534000000,0.790119368,-0.059215806,-0.038053421,3,high,180,0.012753150,window_3
118,12,617000000,0.812267891,-0.062692218,-0.039254346,3,high,180,0.011723961,window_3
119,12,700000000,0.837930716,-0.065006101,-0.039569866,3,high,180,0.012806239,window_3
120,12,783000000,0.864771779,-0.066985065,-0.040376379,3,high,180,0.013445298,window_3
121,12,866000000,0.881839870,-0.070820614,-0.041333961,3,high,180,0.012747815,window_3
122,12,949000000,0.905197721,-0.072547489,-0.042225514,3,high,180,0.012690516,window_3
123,13,32000000,0.938378742,-0.074988740,-0.043013665,3,high,180,0.013686933,window_3
124,13,115000000,0.963922472,-0.077867058,-0.044120301,3,high,180,0.013115102,window_3
125,13,198000000,1.006170285,-0.083252494,-0.045387645,3,high,180,0.013877207,window_3
126,13,281000000,1.048131977,-0.088545231,-0.046018161,3,high,180,0.013986130,window_3
127,13,364000000,1.082442063,-0.092896982,-0.047380087,3,high,180,0.012781035,window_3
128,13,447000000,1.097555203,-0.097178935,-0.048110476,4,low,0,,window_init
129,13,530000000,1.113235566,-0.091597393,-0.048041994,4,high,180,0.013448783,window_4
130,13,613000000,1.140230567,-0.092681365,-0.048541817,4,high,180,0.012927960,window_4
131,13,696000000,1.174455870,-0.091493362,-0.049037634,4,high,180,0.013006323,window_4
132,13,779000000,1.204033441,-0.090656766,-0.049456515,4,high,180,0.013031474,window_4
133,13,862000000,1.241737564,-0.096318515,-0.049827806,4,high,180,0.013420377,window_4
134,13,945000000,1.278288036,-0.098527017,-0.050176895,4,high,180,0.013217573,window_4
135,14,28000000,1.311032238,-0.101508551,-0.050471268,4,high,180,0.013636390,window_4
136,14,111000000,1.359566915,-0.105720496,-0.049960563,4,high,180,0.012915899,window_4
137,14,194000000,1.396075945,-0.109373591,-0.051307835,4,high,180,0.013348579,window_4
138,14,277000000,1.446118064,-0.112789885,-0.051276940,4,high,180,0.014204462,window_4
139,14,360000000,1.499855109,-0.117053532,-0.051439192,4,high,180,0.013387272,window_4
140,14,443000000,1.552852738,-0.135952126,-0.056435158,4,high,180,0.015179355,window_4
141,14,526000000,1.596752564,-0.149634721,-0.060268692,4,high,180,0.014867631,window_4
142,14,609000000,1.631660536,-0.148441032,-0.060984917,4,high,180,0.012968452,window_4
143,14,692000000,1.653344650,-0.149415202,-0.061139356,4,high,180,0.013228392,window_4
144,14,775000000,1.682707220,-0.150228425,-0.061596774,4,high,180,0.013512991,window_4
145,14,858000000,1.696889520,-0.156437675,-0.047344798,4,low,179,0.015150985,window_4
146,14,941000000,1.703159528,-0.152392392,-0.008724092,4,low,180,0.014854642,window_4
147,15,24000000,1.708554841,-0.150321259,0.027255497,4,high,179,0.014802384,window_4
148,15,107000000,1.746536931,-0.139641071,0.059113530,4,high,180,0.015078792,window_4
149,15,190000000,1.748306821,-0.143576218,0.060409985,4,high,180,0.013222801,window_4
150,15,273000000,1.758128640,-0.144261252,0.059810076,4,high,180,0.012809133,window_4
151,15,356000000,1.771474793,-0.148175490,0.059234635,4,high,180,0.013790649,window_4
152,15,439000000,1.796663696,-0.147526244,0.057806887,4,high,180,0.015331732,window_4
153,15,522000000,1.833048584,-0.146853078,0.058023356,4,high,180,0.014534649,window_4
154,15,605000000,1.875873284,-0.148193889,0.058000558,4,high,180,0.015364383,window_4
155,15,688000000,1.914668212,-0.146655566,0.057371709,4,high,180,0.014105307,window_4
156,15,771000000,1.943946393,-0.148615705,0.058995345,4,high,180,0.014141769,window_4
157,15,854000000,1.964753539,-0.156715914,0.064148226,4,high,179,0.014363582,window_4
158,15,937000000,1.995626371,-0.156034721,0.066586442,4,high,180,0.016544911,window_4
159,16,20000000,2.017715202,-0.156683229,0.066370537,4,high,180,0.014233227,window_4
160,16,103000000,2.044148282,-0.157330759,0.066359204,5,low,0,,window_init
161,16,186000000,2.054960265,-0.154720125,0.081196664,5,high,180,0.015869176,window_5
162,16,269000000,2.071124624,-0.141667456,0.114584040,5,high,179,0.014647008,window_5
163,16,352000000,2.111118680,-0.126300332,0.153170021,5,high,180,0.015025819,window_5
164,16,435000000,2.126056509,-0.124300131,0.155678217,5,high,180,0.014507134,window_5
165,16,518000000,2.167066941,-0.113331577,0.155568927,5,high,180,0.014989217,window_5
166,16,601000000,2.222266014,-0.103504149,0.158264737,5,high,180,0.014828528,window_5
167,16,684000000,2.262141840,-0.095566041,0.158866080,5,high,180,0.014048970,window_5
168,16,767000000,2.286234164,-0.095996628,0.159270856,5,high,180,0.013518636,window_5
169,16,850000000,2.322732164,-0.091785105,0.159377070,5,high,180,0.013364567,window_5
170,16,933000000,2.349142230,-0.092973753,0.158427948,5,high,180,0.013771239,window_5
171,17,16000000,2.398862610,-0.078507084,0.194970661,5,high,180,0.014320884,window_5
172,17,99000000,2.418753327,-0.063588516,0.232682412,5,high,180,0.012733554,window_5
173,17,182000000,2.443171103,-0.048333262,0.280472504,5,high,180,0.014707281,window_5
174,17,265000000,2.475352899,-0.028062761,0.316379051,5,high,180,0.014490047,window_5
175,17,348000000,2.494626936,-0.021241389,0.319937336,5,high,180,0.012573056,window_5
176,17,431000000,2.545277120,-0.006732012,0.317804347,5,high,180,0.014320685,window_5
177,17,514000000,2.581518575,-0.007854148,0.308449897,5,high,180,0.013914720,window_5
178,17,597000000,2.608560204,0.007413575,0.309349910,5,high,180,0.012612845,window_5
179,17,680000000,2.623696645,0.006782223,0.308270643,5,high,180,0.012968345,window_5
180,17,763000000,2.656331606,0.008615859,0.306461002,5,high,180,0.013907445,window_5
181,17,846000000,2.689969890,0.024600533,0.306802380,5,high,180,0.012610295,window_5
182,17,929000000,2.693456873,0.012395619,0.326451258,5,low,180,0.015289390,window_5
183,18,12000000,2.709364010,0.026624048,0.360171320,5,high,180,0.013147012,window_5
184,18,95000000,2.719897503,0.038704073,0.396835500,5,high,179,0.013746244,window_5
185,18,178000000,2.717916690,0.050092707,0.429832646,5,high,179,0.013185840,window_5
186,18,261000000,2.713626446,0.044849921,0.430055484,5,high,178,0.012934148,window_5
187,18,344000000,2.743571856,0.060760684,0.430623158,5,high,180,0.012491683,window_5
188,18,427000000,2.789906673,0.084223572,0.433094754,5,high,180,0.014884000,window_5
189,18,510000000,2.822380657,0.080913202,0.414274931,5,high,180,0.014398146,window_5
190,18,593000000,2.859193845,0.082754583,0.393038253,5,high,180,0.014132267,window_5
191,18,676000000,2.887262127,0.088330536,0.387040430,5,high,180,0.014789796,window_5
192,18,759000000,2.929674506,0.109034344,0.390061041,6,low,0,,window_init
193,18,842000000,2.928553870,0.115010497,0.392922321,6,high,180,0.012086525,window_6
194,18,925000000,2.945868124,0.132043306,0.427299267,6,high,180,0.012905534,window_6
195,19,8000000,2.942905674,0.127136740,0.429995889,6,high,180,0.011319385,window_6
196,19,91000000,2.956467567,0.133936250,0.426681289,6,high,180,0.011818455,window_6
197,19,174000000,2.984166988,0.149791240,0.429363221,6,high,180,0.012600586,window_6
198,19,257000000,3.003577563,0.158944807,0.432058799,6,high,180,0.011628542,window_6
199,19,340000000,3.010739373,0.159935449,0.430790805,6,high,180,0.012502442,window_6
200,19,423000000,3.017061563,0.163661728,0.430108022,6,high,180,0.012014674,window_6
201,19,506000000,3.017374490,0.161826219,0.429511002,6,high,180,0.010248320,window_6
202,19,589000000,3.018590547,0.162044441,0.428544937,6,high,180,0.010678997,window_6
203,19,672000000,3.016474267,0.158837616,0.428044564,6,high,180,0.010704099,window_6
204,19,755000000,3.018101803,0.160575988,0.427490869,6,high,180,0.010849224,window_6
205,19,838000000,3.021172763,0.161831443,0.427003247,6,high,180,0.010574591,window_6
206,19,921000000,3.019403618,0.159183475,0.426428487,6,high,180,0.010837564,window_6
207,20,4000000,3.018166154,0.157013173,0.425451597,6,high,180,0.010499035,window_6
208,20,87000000,3.017396470,0.158607561,0.424690787,6,high,180,0.010292147,window_6
209,20,170000000,3.018199089,0.156777323,0.424454603,6,high,180,0.009781552,window_6
210,20,253000000,3.018870407,0.157851182,0.423622152,6,high,180,0.009652052,window_6
211,20,336000000,3.018392248,0.158267114,0.422784359,6,high,180,0.009245084,window_6
212,20,419000000,3.018162200,0.155790458,0.421952201,6,high,180,0.009143853,window_6
213,20,502000000,3.019982201,0.155713296,0.421548955,6,high,180,0.009436212,window_6
214,20,585000000,3.017372106,0.152411305,0.420738246,6,high,180,0.010411776,window_6
215,20,668000000,3.046204967,0.179812870,0.457515388,6,high,180,0.014352299,window_6
216,20,751000000,3.064517911,0.195347750,0.493274049,6,high,180,0.013163433,window_6
217,20,834000000,3.077886711,0.208156709,0.529119919,6,high,180,0.012285663,window_6
218,20,917000000,3.088117829,0.222106095,0.565026924,6,high,180,0.012173432,window_6
219,21,0,3.083300608,0.226954310,0.597429354,6,high,180,0.012937978,window_6
220,21,83000000,3.079826826,0.243184373,0.631392294,6,high,180,0.012970243,window_6
221,21,166000000,3.070671727,0.251437607,0.665221829,6,high,180,0.013157043,window_6
222,21,249000000,3.059500571,0.282668851,0.716742104,6,high,180,0.012997301,window_6
223,21,332000000,3.065857971,0.313828855,0.778851393,6,high,180,0.012750344,window_6
224,21,415000000,3.054126125,0.348920708,0.840131446,7,low,0,,window_init
225,21,498000000,3.066947133,0.381253776,0.862628368,7,high,180,0.013436774,window_7
226,21,581000000,3.069909423,0.391528769,0.862074718,7,high,180,0.011830441,window_7
227,21,664000000,3.071675681,0.396989603,0.859575527,7,high,180,0.010178801,window_7
228,21,747000000,3.070136518,0.398017115,0.858440971,7,high,180,0.011245873,window_7
229,21,830000000,3.070305505,0.398428961,0.857238116,7,high,180,0.011315312,window_7
230,21,913000000,3.079742547,0.410477435,0.856288075,7,high,180,0.011510906,window_7
231,21,996000000,3.089465473,0.420873872,0.837825402,7,high,180,0.011847835,window_7
232,22,79000000,3.102581911,0.441633729,0.834780570,7,high,180,0.012130674,window_7
233,22,162000000,3.113485223,0.455155712,0.822250275,7,high,180,0.011772092,window_7
234,22,245000000,3.141587119,0.482351672,0.821652241,7,low,180,0.012990980,window_7
235,22,328000000,3.169979259,0.508971959,0.821154479,7,low,180,0.013942749,window_7
236,22,411000000,3.178155772,0.519852209,0.791327634,7,high,180,0.011479767,window_7
237,22,494000000,3.190404594,0.528268497,0.765945547,7,high,180,0.011266449,window_7
238,22,577000000,3.223490366,0.559671862,0.765496359,7,low,180,0.012698627,window_7
239,22,660000000,3.249128959,0.569268665,0.739607206,7,high,180,0.012114762,window_7
240,22,743000000,3.287834056,0.594682127,0.736538881,7,low,180,0.013567861,window_7
241,22,826000000,3.317491069,0.611973247,0.711270367,7,high,180,0.012623094,window_7
242,22,909000000,3.336478389,0.621300807,0.684081864,7,high,180,0.011754076,window_7
243,22,992000000,3.357274614,0.617041435,0.655427167,7,high,180,0.011307522,window_7
244,23,75000000,3.391668431,0.623944186,0.629439298,7,high,180,0.012003259,window_7
245,23,158000000,3.443281357,0.631568289,0.623577462,7,low,180,0.015566906,window_7
246,23,241000000,3.484630789,0.631390980,0.617609818,7,low,180,0.017907475,window_7
247,23,324000000,3.516505388,0.650326157,0.608612008,7,high,180,0.014615008,window_7
248,23,407000000,3.535390810,0.668942902,0.611594330,7,high,180,0.013798333,window_7
249,23,490000000,3.546375113,0.676642764,0.612170740,7,high,180,0.013112640,window_7
250,23,573000000,3.544640884,0.669071134,0.610696621,7,high,180,0.011696645,window_7
251,23,656000000,3.554665720,0.672425351,0.641965735,7,high,180,0.013866991,window_7
252,23,739000000,3.565006462,0.686332480,0.677882074,7,high,180,0.013095237,window_7
253,23,822000000,3.566304837,0.694087479,0.712515418,7,high,180,0.012684983,window_7
254,23,905000000,3.568850523,0.703857444,0.748083259,7,high,180,0.012069876,window_7
255,23,988000000,3.566900977,0.708217563,0.780492473,7,high,180,0.012606806,window_7
256,24,71000000,3.569278634,0.716674794,0.818300697,8,low,0,,window_init
257,24,154000000,3.553706714,0.725876516,0.860570616,8,high,180,0.011838971,window_8
258,24,237000000,3.544442149,0.747265016,0.908192534,8,high,180,0.012382639,window_8
259,24,320000000,3.543455062,0.772424560,0.962588546,8,high,180,0.011280605,window_8
260,24,403000000,3.529014704,0.803383360,1.031074536,8,low,180,0.014554310,window_8
261,24,486000000,3.535139492,0.824652753,1.061464420,8,high,180,0.011921571,window_8
262,24,569000000,3.526061032,0.825809089,1.058118268,8,high,180,0.010713279,window_8
263,24,652000000,3.529388680,0.832637637,1.057256383,8,high,180,0.011769742,window_8
264,24,735000000,3.530609781,0.834059228,1.054788081,8,high,180,0.011247260,window_8
265,24,818000000,3.534011994,0.841230417,1.055237930,8,high,180,0.011289463,window_8
266,24,901000000,3.533000430,0.838001018,1.054242849,8,high,180,0.011993034,window_8
267,24,984000000,3.529696084,0.833582046,1.051554781,8,high,180,0.010538275,window_8
268,25,67000000,3.532549551,0.832970707,1.051174056,8,high,180,0.010383614,window_8
269,25,150000000,3.532781954,0.829453396,1.051297535,8,high,180,0.010579521,window_8
270,25,233000000,3.532651979,0.830885861,1.049344606,8,high,180,0.009962025,window_8
271,25,316000000,3.533554014,0.829751397,1.048679148,8,high,180,0.010524725,window_8
272,25,399000000,3.537731538,0.837766794,1.048000525,8,high,180,0.009900251,window_8
273,25,482000000,3.551947950,0.859523625,1.043898162,8,high,180,0.011795341,window_8
274,25,565000000,3.568967780,0.897424555,1.040583145,8,high,180,0.014188131,window_8
275,25,648000000,3.590273316,0.928418181,1.039746117,8,low,180,0.013917752,window_8
276,25,731000000,3.607855788,0.948813152,1.026097040,8,high,180,0.012570297,window_8
277,25,814000000,3.629935720,0.983872698,1.025054799,8,low,180,0.013178226,window_8
278,25,897000000,3.645562647,0.999421376,1.006012161,8,high,180,0.011904288,window_8
279,25,980000000,3.669244927,1.032905188,1.001301395,8,high,180,0.012596374,window_8
280,26,63000000,3.687881149,1.043213461,0.981283615,8,high,179,0.011940688,window_8
281,26,146000000,3.706857856,1.062103713,0.968951410,8,high,179,0.013579260,window_8
282,26,229000000,3.742068757,1.098041536,0.962483692,8,high,180,0.014388889,window_8
283,26,312000000,3.773744126,1.128029553,0.948156885,8,high,179,0.014820715,window_8
284,26,395000000,3.809695260,1.163527080,0.938915363,8,high,178,0.015368838,window_8
285,26,478000000,3.843247402,1.221396993,0.946651021,8,high,179,0.014976725,window_8
286,26,561000000,3.859133005,1.245441300,0.946945896,8,high,180,0.014743541,window_8
287,26,644000000,3.870777914,1.272242838,0.949022607,8,high,180,0.012606551,window_8
288,26,727000000,3.880561574,1.282069270,0.949579574,9,low,0,,window_init
289,26,810000000,3.875507906,1.258794374,0.947152440,9,high,178,0.011183576,window_9
290,26,893000000,3.882991468,1.284315519,0.981636530,9,high,178,0.011681111,window_9
291,26,976000000,3.878516982,1.282328528,1.014564490,9,high,179,0.013416768,window_9
292,27,59000000,3.876630316,1.284532163,1.053036083,9,high,179,0.011933747,window_9
293,27,142000000,3.877820730,1.268459390,1.100678142,9,low,180,0.018999516,window_9
294,27,225000000,3.864726249,1.286165254,1.147748691,9,high,180,0.014980560,window_9
295,27,308000000,3.853706545,1.320161612,1.204982566,9,high,180,0.020425953,window_9
296,27,391000000,3.844582946,1.356237742,1.262774684,9,high,179,0.018918567,window_9
297,27,474000000,3.836623202,1.400778522,1.325952610,9,high,179,0.016140176,window_9
298,27,557000000,3.816873166,1.422828587,1.389470770,9,high,179,0.017123775,window_9
299,27,640000000,3.804236248,1.415580354,1.428070921,9,low,179,0.020494181,window_9
300,27,723000000,3.805636732,1.424427306,1.429500131,9,high,180,0.013878062,window_9
301,27,806000000,3.809656735,1.434296757,1.429235248,9,high,180,0.014083370,window_9
302,27,889000000,3.815269790,1.460361419,1.429996792,9,high,180,0.015382980,window_9
303,27,972000000,3.823881943,1.500028230,1.431668497,9,high,179,0.015767549,window_9
304,28,55000000,3.833288983,1.544147996,1.433811549,9,high,179,0.014462726,window_9
305,28,138000000,3.841465123,1.589271014,1.435702758,9,high,178,0.015069473,window_9
306,28,221000000,3.848667964,1.634398288,1.437905828,9,high,178,0.015918332,window_9
307,28,304000000,3.854579739,1.691630592,1.440371548,9,high,179,0.014519242,window_9
308,28,387000000,3.863270985,1.752805039,1.443168057,9,high,179,0.014158065,window_9
309,28,470000000,3.870653102,1.811409449,1.445858340,9,high,180,0.013531480,window_9
310,28,553000000,3.879758134,1.871050352,1.447642534,9,high,180,0.014231607,window_9
311,28,636000000,3.887086787,1.949410424,1.448719412,9,high,180,0.014273416,window_9
312,28,719000000,3.898718849,2.019094130,1.451509943,9,high,180,0.014907933,window_9
313,28,802000000,3.913805172,2.070265656,1.448028592,9,high,180,0.015216685,window_9
314,28,885000000,3.923197788,2.145409107,1.447955194,9,high,180,0.014385491,window_9
315,28,968000000,3.937231906,2.227699255,1.450679280,9,high,179,0.014534543,window_9
316,29,51000000,3.957668201,2.271551876,1.436955846,9,high,180,0.015227764,window_9
317,29,134000000,3.985505035,2.306531584,1.436662863,9,low,180,0.017495269,window_9
318,29,217000000,4.004273877,2.378049228,1.435262266,9,high,180,0.018141632,window_9
319,29,300000000,4.020601375,2.436537060,1.432688774,9,high,180,0.017450065,window_9
320,29,383000000,4.025416383,2.489314063,1.435275930,10,low,0,,window_init
321,29,466000000,4.030658751,2.507702700,1.435195556,10,high,180,0.014017282,window_10
322,29,549000000,4.030570907,2.507909226,1.437684305,10,high,180,0.013064751,window_10
323,29,632000000,4.028835631,2.535407822,1.471960840,10,high,180,0.015821816,window_10
324,29,715000000,4.025518028,2.558437774,1.508967672,10,high,180,0.014309168,window_10
325,29,798000000,4.018300963,2.567406833,1.552472471,10,high,180,0.016081234,window_10
326,29,881000000,4.014372480,2.579297963,1.588504730,10,high,180,0.016437468,window_10
327,29,964000000,4.014976917,2.571893780,1.594293093,10,high,180,0.014839562,window_10
328,30,47000000,4.015227540,2.579641730,1.594505571,10,high,180,0.013195548,window_10
329,30,130000000,4.013332075,2.582188596,1.594558449,10,high,180,0.011620354,window_10
330,30,213000000,4.014330779,2.583749914,1.594679094,10,high,180,0.010956447,window_10
331,30,296000000,4.014562689,2.584881726,1.594938861,10,high,180,0.010835810,window_10
332,30,379000000,4.014770850,2.585993384,1.597022190,10,high,180,0.012051086,window_10
333,30,462000000,4.006149608,2.586734642,1.601074706,10,high,180,0.013012620,window_10
334,30,545000000,4.006125939,2.595431867,1.601684266,10,high,180,0.012300164,window_10
335,30,628000000,4.005958321,2.573956389,1.617350168,10,high,180,0.015072372,window_10
336,30,711000000,3.998004266,2.614699714,1.658815661,10,high,180,0.014979812,window_10
337,30,794000000,3.984709607,2.627688182,1.701676963,10,high,180,0.014314139,window_10
338,30,877000000,3.976675275,2.617891825,1.742861898,10,high,180,0.015129852,window_10
339,30,960000000,3.957644879,2.619827857,1.797664266,10,high,180,0.016480472,window_10
340,31,43000000,3.941574217,2.623584383,1.843968474,10,high,180,0.015145785,window_10
341,31,126000000,3.919292762,2.609348816,1.899942303,10,low,180,0.017612586,window_10
342,31,209000000,3.901445996,2.638466444,1.942225857,10,high,180,0.014974613,window_10
343,31,292000000,3.892912461,2.638413427,1.950415117,10,high,180,0.013838636,window_10
344,31,375000000,3.893675943,2.644863037,1.951033057,10,high,180,0.011898475,window_10
345,31,458000000,3.894703543,2.644561664,1.951023957,10,high,180,0.010418976,window_10
346,31,541000000,3.893386137,2.649741712,1.951524617,10,high,180,0.010181656,window_10
347,31,624000000,3.887253227,2.667154756,1.951589923,10,high,180,0.012683552,window_10
348,31,707000000,3.877309433,2.689005944,1.952630827,10,high,180,0.012587917,window_10
349,31,790000000,3.868964402,2.714397700,1.952931851,10,high,180,0.013073546,window_10
350,31,873000000,3.856680516,2.739969332,1.953577114,10,high,180,0.014206645,window_10
351,31,956000000,3.847368596,2.762150858,1.954424687,10,high,180,0.012307008,window_10
352,32,39000000,3.837145250,2.784843510,1.954429220,11,low,0,,window_init
353,32,122000000,3.828113621,2.811623559,1.954745900,11,high,180,0.013592666,window_11
354,32,205000000,3.814032721,2.844753626,1.954821130,11,high,180,0.012913088,window_11
355,32,288000000,3.803267371,2.876529822,1.955187504,11,high,180,0.012618064,window_11
356,32,371000000,3.788753478,2.910211116,1.955389585,11,high,180,0.013363676,window_11
357,32,454000000,3.779283653,2.941352629,1.955288195,11,high,180,0.014575040,window_11
358,32,537000000,3.764982571,2.969523122,1.955451043,11,high,180,0.013075331,window_11
359,32,620000000,3.752278789,3.004861686,1.955170692,11,high,180,0.014440219,window_11
360,32,703000000,3.736182571,3.048687265,1.955594422,11,high,180,0.012498962,window_11
361,32,786000000,3.718920342,3.096993255,1.956274825,11,high,180,0.012784983,window_11
362,32,869000000,3.703104054,3.136820620,1.954144418,11,high,180,0.012520812,window_11
363,32,952000000,3.680386701,3.188776431,1.954758520,11,high,180,0.013220288,window_11
364,33,35000000,3.661156484,3.235042010,1.955171058,11,high,180,0.013580532,window_11
365,33,118000000,3.648455717,3.265256206,1.955077780,11,low,180,0.013557610,window_11
366,33,201000000,3.627875675,3.320150257,1.956246111,11,high,180,0.013375293,window_11
367,33,284000000,3.603215228,3.385645169,1.957285329,11,high,179,0.011671974,window_11
368,33,367000000,3.593128573,3.411007116,1.957390847,11,low,180,0.011442259,window_11
369,33,450000000,3.564572233,3.478595293,1.958589482,11,high,180,0.012745423,window_11
370,33,533000000,3.550590853,3.509525963,1.958329479,11,low,180,0.012186180,window_11
371,33,616000000,3.535382280,3.544808282,1.958003240,11,low,180,0.013141766,window_11
372,33,699000000,3.509873202,3.606975123,1.958526042,11,high,180,0.012912951,window_11
373,33,782000000,3.496219358,3.636605265,1.958099336,11,low,180,0.012893030,window_11
374,33,865000000,3.474619669,3.685621519,1.958054541,11,high,180,0.013052337,window_11
375,33,948000000,3.463328397,3.708114794,1.957628144,11,low,180,0.013620486,window_11
376,34,31000000,3.450422070,3.735415259,1.957346327,11,low,180,0.012615425,window_11
377,34,114000000,3.439185654,3.761865892,1.957194700,11,low,180,0.012789730,window_11
378,34,197000000,3.419654837,3.812147611,1.955452487,11,high,180,0.013301457,window_11
379,34,280000000,3.412347361,3.826255739,1.955764395,11,low,180,0.012165440,window_11
380,34,363000000,3.389823047,3.879931952,1.956018983,11,high,180,0.013597236,window_11
381,34,446000000,3.378567988,3.907182814,1.956269868,11,low,180,0.012281615,window_11
382,34,529000000,3.354049719,3.957491042,1.956268178,11,high,180,0.012674367,window_11
383,34,612000000,3.335627940,3.997520425,1.956178346,11,high,180,0.012851375,window_11
384,34,695000000,3.325654671,4.020365371,1.956033422,12,low,0,,window_init
385,34,778000000,3.297138688,4.063244762,1.956229361,12,high,180,0.012790009,window_12
386,34,861000000,3.274745951,4.105391124,1.956223858,12,high,180,0.011819232,window_12
387,34,944000000,3.262134407,4.131771572,1.954812213,12,low,180,0.011899468,window_12
388,35,27000000,3.236666247,4.191357330,1.954406146,12,high,180,0.011167739,window_12
389,35,110000000,3.226819455,4.210796750,1.953760959,12,low,180,0.012092241,window_12
390,35,193000000,3.204530915,4.262896765,1.953370364,12,high,180,0.011896564,window_12
391,35,276000000,3.197452337,4.277886204,1.952962520,12,low,180,0.011756221,window_12
392,35,359000000,3.174573624,4.318295179,1.950699115,12,high,180,0.011673999,window_12
393,35,442000000,3.147950325,4.386673611,1.950777591,12,high,180,0.012021253,window_12
394,35,525000000,3.133948456,4.414545016,1.950162531,12,low,180,0.011779052,window_12
395,35,608000000,3.107323946,4.471618631,1.949815701,12,high,180,0.011547896,window_12
396,35,691000000,3.080187899,4.535969957,1.949190313,12,high,180,0.011337694,window_12
397,35,774000000,3.057347667,4.601687712,1.948899864,12,high,180,0.011684526,window_12
398,35,857000000,3.044055962,4.635881407,1.947794951,12,low,180,0.012038682,window_12
399,35,940000000,3.013196115,4.691994215,1.947281614,12,high,180,0.011766758,window_12
400,36,23000000,2.989791510,4.758519832,1.945903007,12,high,180,0.011530706,window_12
401,36,106000000,2.960038955,4.832599842,1.944648051,12,high,180,0.012214864,window_12
402,36,189000000,2.930318475,4.903148993,1.943951825,12,high,180,0.012355005,window_12
403,36,272000000,2.902058910,4.977318752,1.942778023,12,high,180,0.013417742,window_12
404,36,355000000,2.889097998,5.010412820,1.942253284,12,low,180,0.013354253,window_12
405,36,438000000,2.875821632,5.046640641,1.941342959,12,low,180,0.013411675,window_12
406,36,521000000,2.879872818,5.062703824,1.938588606,12,low,180,0.015324513,window_12
407,36,604000000,2.875193010,5.078315738,1.927151149,12,high,180,0.015983897,window_12
408,36,687000000,2.874888633,5.100312940,1.919241206,12,high,180,0.018753463,window_12
409,36,770000000,2.877105631,5.107715708,1.903739684,12,high,180,0.019798665,window_12
410,36,853000000,2.876969070,5.126430286,1.892235961,12,high,180,0.019312475,window_12
411,36,936000000,2.873793230,5.155084676,1.881450492,12,high,180,0.020901450,window_12
412,37,19000000,2.873328169,5.183964814,1.868552944,12,high,180,0.020492385,window_12
413,37,102000000,2.876807034,5.212454365,1.858232157,12,high,180,0.020218607,window_12
414,37,185000000,2.885319041,5.228601311,1.845276770,12,high,180,0.021220098,window_12
415,37,268000000,2.874673957,5.255292545,1.843913989,12,high,180,0.016882081,window_12
416,37,351000000,2.868501200,5.268817609,1.843124065,13,low,0,,window_init
417,37,434000000,2.866176953,5.277811154,1.843059566,13,high,180,0.013157906,window_13
418,37,517000000,2.863856429,5.283303591,1.842509409,13,high,180,0.011306775,window_13
419,37,600000000,2.860645700,5.296988557,1.842433339,13,high,180,0.012190155,window_13
420,37,683000000,2.856179068,5.318620722,1.841626798,13,high,180,0.014245954,window_13
421,37,766000000,2.844011337,5.346534409,1.842407599,13,high,180,0.014941719,window_13
422,37,849000000,2.832831864,5.381942675,1.842340146,13,high,180,0.014457000,window_13
423,37,932000000,2.825740650,5.410966026,1.842940398,13,high,180,0.015222862,window_13
424,38,15000000,2.820766086,5.445899973,1.842695988,13,high,180,0.014362254,window_13
425,38,98000000,2.809724066,5.478601688,1.842337343,13,high,180,0.014574573,window_13
426,38,181000000,2.799073471,5.517938282,1.841775143,13,high,180,0.016439951,window_13
427,38,264000000,2.783207513,5.562057036,1.842605792,13,high,180,0.017220375,window_13
428,38,347000000,2.807144188,5.605636982,1.833848556,13,high,180,0.017063308,window_13
429,38,430000000,2.802077245,5.631269857,1.832705468,13,high,180,0.014603942,window_13
430,38,513000000,2.799962585,5.647973327,1.832058659,13,high,180,0.011852594,window_13
431,38,596000000,2.791716315,5.667830581,1.832624504,13,high,180,0.013799896,window_13
432,38,679000000,2.775338780,5.702085371,1.833506524,13,high,180,0.015337930,window_13
433,38,762000000,2.768386569,5.729497401,1.832997478,13,high,180,0.014614265,window_13
434,38,845000000,2.769790619,5.736551834,1.832614798,13,high,180,0.013516599,window_13
435,38,928000000,2.769280347,5.749179340,1.832322043,13,high,180,0.013881171,window_13
436,39,11000000,2.786385816,5.828399688,-0.522550233,13,low,132,0.079430672,window_13
437,39,94000000,2.758809544,5.796157678,1.874824138,13,high,180,0.014433020,window_13
438,39,177000000,2.750666984,5.815734140,1.915180636,13,high,178,0.013863720,window_13
439,39,260000000,2.740855856,5.842267601,1.964431762,13,high,179,0.017964968,window_13
440,39,343000000,2.732940513,5.835794651,2.000409718,13,high,179,0.014150171,window_13
441,39,426000000,2.720325637,5.853510817,2.054063099,13,low,179,0.019938205,window_13
442,39,509000000,2.696830211,5.869807320,2.106162662,13,high,180,0.018122632,window_13
443,39,592000000,2.678849988,5.876713496,2.140141391,13,high,179,0.015834233,window_13
444,39,675000000,2.680573006,5.873492700,2.148175675,13,low,180,0.015884261,window_13
445,39,758000000,2.669028201,5.887732799,2.147935960,13,high,180,0.013244039,window_13
446,39,841000000,2.665857591,5.896551638,2.148032262,13,high,180,0.013670364,window_13
447,39,924000000,2.645975125,5.924798089,2.147394741,13,high,180,0.014113613,window_13
448,40,7000000,2.631377097,5.951411808,2.146736445,14,low,0,,window_init
449,40,90000000,2.612553478,5.968951813,2.146922917,14,high,180,0.012860001,window_14
450,40,173000000,2.600501293,5.988268780,2.146425820,14,high,180,0.012967533,window_14
451,40,256000000,2.584763647,6.017155131,2.145777531,14,high,180,0.014082181,window_14
452,40,339000000,2.559362574,6.066697391,2.145787333,14,high,180,0.012867164,window_14
453,40,422000000,2.542221475,6.102949406,2.144431987,14,high,180,0.014350613,window_14
454,40,505000000,2.515445475,6.142742157,2.142339176,14,high,180,0.013755306,window_14
455,40,588000000,2.497140062,6.188848087,2.139431802,14,high,180,0.014143428,window_14
456,40,671000000,2.467304792,6.229506995,2.139169019,14,high,180,0.013457869,window_14
457,40,754000000,2.436700792,6.275340081,2.139125613,14,low,180,0.013615667,window_14
458,40,837000000,2.412185907,6.320424780,2.136303664,14,high,180,0.013748320,window_14
459,40,920000000,2.397305222,6.359791038,2.129082562,14,high,180,0.012296651,window_14
460,41,3000000,2.379546280,6.405721101,2.124950219,14,high,180,0.013810211,window_14
461,41,86000000,2.361078235,6.431734811,2.125597377,14,high,180,0.012555846,window_14
462,41,169000000,2.348698534,6.447235628,2.130060362,14,high,180,0.012825909,window_14
463,41,252000000,2.324186232,6.478695584,2.158702270,14,high,180,0.013620252,window_14
464,41,335000000,2.309325696,6.489497027,2.193686789,14,high,180,0.013263159,window_14
465,41,418000000,2.299474792,6.494183374,2.228697834,14,high,180,0.012193536,window_14
466,41,501000000,2.294123636,6.490075609,2.266539351,14,high,179,0.013781926,window_14
467,41,584000000,2.287559449,6.487349978,2.299578708,14,high,179,0.014665234,window_14
468,41,667000000,2.273427336,6.484459240,2.332497089,14,high,177,0.012478819,window_14
469,41,750000000,2.279923574,6.476011842,2.330740761,14,high,177,0.011862860,window_14
470,41,833000000,2.275770347,6.479475217,2.330336020,14,high,180,0.011455060,window_14
471,41,916000000,2.275195888,6.483740001,2.329808150,14,high,180,0.010334669,window_14
472,41,999000000,2.271156602,6.490933548,2.330226489,14,high,180,0.011780294,window_14
473,42,82000000,2.251255246,6.516227408,2.330784090,14,high,180,0.011834032,window_14
474,42,165000000,2.227400263,6.544949611,2.332776290,14,high,180,0.013932511,window_14
475,42,248000000,2.201182121,6.576045923,2.335362385,14,high,180,0.015703531,window_14
476,42,331000000,2.190583718,6.606916146,2.325234177,14,high,180,0.014268952,window_14
477,42,414000000,2.161493862,6.638441712,2.324027953,14,high,180,0.014336225,window_14
478,42,497000000,2.120110263,6.680924231,2.325072226,14,high,180,0.013451182,window_14
479,42,580000000,2.094472616,6.706729911,2.327533197,14,high,180,0.013087705,window_14
480,42,663000000,2.090468695,6.721420716,2.317624848,15,low,0,,window_init
481,42,746000000,2.089741067,6.707031619,2.316570215,15,high,180,0.011509440,window_15
482,42,829000000,2.096870083,6.698745393,2.321989794,15,high,180,0.011140136,window_15
483,42,912000000,2.106252944,6.687632177,2.326092755,15,high,180,0.011515982,window_15
484,42,995000000,2.123730138,6.679954976,2.328547099,15,high,180,0.012360046,window_15
485,43,78000000,2.082488814,6.699927074,2.360576814,15,high,179,0.011017577,window_15
486,43,161000000,2.066981501,6.699288159,2.391085191,15,high,179,0.011924297,window_15
487,43,244000000,2.058039308,6.697504420,2.428439889,15,high,180,0.011598137,window_15
488,43,327000000,2.056666899,6.684796949,2.464300652,15,high,180,0.011612138,window_15
489,43,410000000,2.035380045,6.679509870,2.507275643,15,high,180,0.012691920,window_15
490,43,493000000,2.013703882,6.675735673,2.564070633,15,high,180,0.013020005,window_15
491,43,576000000,1.989076097,6.670142903,2.586145812,15,high,180,0.012395854,window_15
492,43,659000000,1.978892820,6.681068034,2.585329292,15,high,180,0.011975171,window_15
493,43,742000000,1.970405335,6.684602812,2.585577008,15,high,180,0.011004832,window_15
494,43,825000000,1.951849002,6.698394502,2.586386730,15,high,180,0.011666974,window_15
495,43,908000000,1.936913836,6.711370850,2.573105037,15,high,180,0.012304182,window_15
496,43,991000000,1.908754137,6.731218812,2.571869661,15,high,180,0.013724099,window_15
497,44,74000000,1.897345352,6.736073557,2.556459852,15,high,180,0.012611815,window_15
498,44,157000000,1.877597636,6.750865137,2.556513466,15,high,180,0.012087104,window_15
499,44,240000000,1.868353948,6.754904543,2.554569986,15,high,180,0.011722183,window_15
500,44,323000000,1.863785991,6.754096320,2.552676722,15,high,180,0.011576120,window_15
501,44,406000000,1.852375885,6.755087534,2.575223048,15,high,180,0.011437624,window_15
502,44,489000000,1.839858816,6.752789271,2.606895457,15,high,180,0.012312695,window_15
503,44,572000000,1.828868359,6.745818690,2.640466482,15,high,180,0.013303762,window_15
504,44,655000000,1.813719525,6.736303206,2.668844248,15,high,180,0.012981402,window_15
505,44,738000000,1.806103951,6.736265589,2.668190643,15,high,180,0.011911887,window_15
506,44,821000000,1.783742858,6.748407304,2.669047478,15,high,180,0.012589328,window_15
507,44,904000000,1.752328034,6.766549056,2.669280120,15,low,180,0.013869692,window_15
508,44,987000000,1.727195027,6.774533594,2.650973447,15,high,180,0.013096278,window_15
509,45,70000000,1.718222141,6.787150685,2.636427107,15,high,180,0.011853244,window_15
510,45,153000000,1.708070400,6.794124201,2.618395700,15,high,180,0.010974282,window_15
511,45,236000000,1.692015460,6.802438425,2.619113875,15,high,180,0.012214541,window_15
512,45,319000000,1.664368966,6.821744947,2.620776380,16,low,0,,window_init
513,45,402000000,1.636776635,6.836691716,2.616837482,16,high,180,0.013372991,window_16
514,45,485000000,1.603322280,6.856748346,2.616578158,16,low,180,0.011254756,window_16
515,45,568000000,1.564232933,6.877666337,2.615891083,16,low,180,0.012210851,window_16
516,45,651000000,1.525898882,6.898912294,2.616488034,16,low,180,0.012311808,window_16
517,45,734000000,1.507292712,6.914818842,2.612886116,16,high,180,0.011907627,window_16
518,45,817000000,1.488967272,6.925647782,2.628228675,16,high,180,0.011250938,window_16
519,45,900000000,1.496654086,6.922644000,2.630319380,16,high,180,0.010457842,window_16
520,45,983000000,1.492525373,6.924836686,2.628414841,16,high,180,0.010242118,window_16
521,46,66000000,1.498853397,6.925212551,2.632146842,16,high,180,0.009488503,window_16
522,46,149000000,1.480870140,6.925055090,2.661275648,16,high,180,0.010512426,window_16
523,46,232000000,1.476621161,6.915926767,2.688885715,16,high,180,0.010279616,window_16
524,46,315000000,1.446871698,6.921160530,2.723804746,16,low,180,0.011898003,window_16
525,46,398000000,1.447207776,6.916110287,2.722315355,16,high,180,0.010682069,window_16
526,46,481000000,1.433754813,6.923033326,2.728822398,16,low,180,0.013048506,window_16
527,46,564000000,1.401800347,6.938655758,2.732005971,16,low,180,0.014244592,window_16
528,46,647000000,1.386082673,6.958648097,2.703724522,16,high,180,0.011239985,window_16
529,46,730000000,1.370313861,6.965488509,2.697571893,16,high,180,0.012104053,window_16
530,46,813000000,1.327732983,6.985550886,2.701191851,16,low,180,0.014596865,window_16
531,46,896000000,1.323641525,7.001742157,2.671054367,16,high,180,0.011610486,window_16
532,46,979000000,1.279613566,7.023587634,2.670995271,16,low,180,0.015241378,window_16
533,47,62000000,1.255295896,7.045630790,2.663035287,16,high,180,0.010810772,window_16
534,47,145000000,1.252666574,7.054424478,2.661942912,16,high,180,0.010652280,window_16
535,47,228000000,1.251510932,7.057479355,2.658758506,16,high,180,0.011113032,window_16
536,47,311000000,1.263515329,7.057896577,2.661925143,16,high,180,0.011857311,window_16
537,47,394000000,1.243183029,7.062544023,2.689456826,16,high,180,0.011126826,window_16
538,47,477000000,1.215503879,7.057517228,2.720029379,16,high,180,0.011152138,window_16
539,47,560000000,1.210765888,7.052649642,2.746879209,16,high,180,0.011936020,window_16
540,47,643000000,1.205088122,7.050863058,2.785435498,16,high,180,0.011518288,window_16
541,47,726000000,1.197527645,7.042927399,2.817378427,16,high,180,0.011042321,window_16
542,47,809000000,1.193425581,7.033563006,2.856050597,16,high,180,0.012645523,window_16
543,47,892000000,1.185523132,7.020274220,2.904816740,16,high,180,0.014001516,window_16
544,47,975000000,1.169588358,7.002052681,2.946819916,17,low,0,,window_init
545,48,58000000,1.143604533,6.972039665,3.010898773,17,high,180,0.012402772,window_17
546,48,141000000,1.126498522,6.938408135,3.065991949,17,high,180,0.012282351,window_17
547,48,224000000,1.112317617,6.905631821,3.118880179,17,high,180,0.013458997,window_17
548,48,307000000,1.091664511,6.885994581,-3.136792077,17,high,180,0.012823450,window_17
549,48,390000000,1.086126046,6.878669011,-3.139131816,17,high,180,0.012069508,window_17
550,48,473000000,1.080949452,6.874816649,-3.140408235,17,high,180,0.011435347,window_17
551,48,556000000,1.078033480,6.873699551,-3.140973175,17,high,180,0.010651533,window_17
552,48,639000000,1.065151800,6.872317973,-3.140435997,17,high,180,0.011511653,window_17
553,48,722000000,1.045030192,6.869178459,3.139974487,17,high,180,0.014028022,window_17
554,48,805000000,1.012929596,6.873031059,3.136460924,17,high,180,0.012318118,window_17
555,48,888000000,0.979345799,6.871008046,3.132877463,17,high,180,0.012914845,window_17
556,48,971000000,0.941849814,6.861280143,3.128330741,17,high,180,0.013094430,window_17
557,49,54000000,0.919786476,6.864444619,3.118578381,17,high,180,0.012114719,window_17
558,49,137000000,0.884954241,6.863697261,3.116573837,17,high,179,0.012392989,window_17
559,49,220000000,0.835348130,6.869807955,3.113620440,17,high,180,0.012907376,window_17
560,49,303000000,0.787605376,6.866399384,3.108285213,17,high,179,0.012110576,window_17
561,49,386000000,0.749107946,6.871668437,3.097350485,17,high,180,0.012760795,window_17
562,49,469000000,0.695106758,6.877668488,3.094906342,17,high,179,0.013546525,window_17
563,49,552000000,0.637505275,6.881009478,3.094564088,17,high,179,0.013686539,window_17
564,49,635000000,0.569941899,6.886469329,3.091489727,17,high,178,0.014150958,window_17
565,49,718000000,0.492207333,6.890710632,3.090996718,17,high,178,0.014114939,window_17
566,49,801000000,0.431279644,6.895201893,3.084695605,17,high,178,0.014520820,window_17
567,49,884000000,0.359779983,6.907756133,3.082578730,17,high,178,0.013791057,window_17
568,49,967000000,0.285733696,6.917717216,3.082579097,17,high,178,0.015526185,window_17
569,50,50000000,0.223268029,6.916576673,3.084564733,17,high,178,0.013510363,window_17
570,50,133000000,0.196862677,6.918631370,3.084610968,17,high,179,0.014393216,window_17
571,50,216000000,0.185660136,6.920873949,3.085330079,17,high,180,0.014577063,window_17
572,50,299000000,0.183213024,6.923734337,3.084861647,17,high,180,0.011638767,window_17
573,50,382000000,0.173993253,6.921596012,3.085546102,17,high,180,0.012087062,window_17
574,50,465000000,0.173250820,6.919701030,3.085052443,17,high,180,0.010647281,window_17
575,50,548000000,0.167609170,6.920957918,3.085451459,17,high,180,0.011459231,window_17
576,50,631000000,0.169153295,6.921380202,3.085249223,18,low,0,,window_init
577,50,714000000,0.167775643,6.920871790,3.085962243,18,high,180,0.010623525,window_18
578,50,797000000,0.163707711,6.921446646,3.086370418,18,high,180,0.010303311,window_18
579,50,880000000,0.163969593,6.923011028,3.087033306,18,high,180,0.010599251,window_18
580,50,963000000,0.161732773,6.921483293,3.087228257,18,high,180,0.010066527,window_18
581,51,46000000,0.163609132,6.921019383,3.088651894,18,high,180,0.011484613,window_18
582,51,129000000,0.133298701,6.912572527,3.103744036,18,high,178,0.012977426,window_18
583,51,212000000,0.125109257,6.906918657,3.139905133,18,high,179,0.013054294,window_18
584,51,295000000,0.111012345,6.904023285,-3.104053159,18,high,179,0.013733997,window_18
585,51,378000000,0.093856254,6.888822900,-3.054959809,18,high,179,0.016434469,window_18
586,51,461000000,0.087641018,6.879374680,-3.010127231,18,high,179,0.017273561,window_18
587,51,544000000,0.069417323,6.856028668,-2.959086908,18,high,180,0.017877380,window_18
588,51,627000000,0.019693540,6.832998439,-2.894239851,18,high,180,0.016781749,window_18
589,51,710000000,0.008612136,6.811322320,-2.837876249,18,high,180,0.017039734,window_18
590,51,793000000,-0.011454400,6.779483087,-2.775323398,18,high,179,0.019088172,window_18
591,51,876000000,0.002115257,6.751522150,-2.706036876,18,low,180,0.024951402,window_18
592,51,959000000,0.008495814,6.720257565,-2.644380108,18,high,180,0.019325694,window_18
593,52,42000000,-0.026029017,6.690036229,-2.600541986,18,high,180,0.018960028,window_18
594,52,125000000,-0.023695775,6.689680189,-2.595249999,18,low,180,0.016457123,window_18
595,52,208000000,-0.047236356,6.683738183,-2.595287223,18,high,180,0.015108810,window_18
596,52,291000000,-0.074386538,6.667759342,-2.596796080,18,high,180,0.015033696,window_18
597,52,374000000,-0.112826526,6.643470019,-2.595795393,18,high,180,0.015056765,window_18
598,52,457000000,-0.143444944,6.630517009,-2.595418309,18,high,180,0.014095332,window_18
599,52,540000000,-0.158335735,6.621922704,-2.598595994,18,high,180,0.014431869,window_18
600,52,623000000,-0.192527000,6.602165516,-2.597103681,18,high,180,0.015189405,window_18
601,52,706000000,-0.228260040,6.585317489,-2.596421994,18,high,180,0.015510138,window_18
602,52,789000000,-0.270620966,6.562723804,-2.596007752,18,high,180,0.014308277,window_18
603,52,872000000,-0.305776131,6.540761869,-2.595649111,18,high,180,0.015535562,window_18
604,52,955000000,-0.355112332,6.514347765,-2.597288616,18,high,180,0.014035369,window_18
605,53,38000000,-0.401760904,6.488368714,-2.597207814,18,high,180,0.014744622,window_18
606,53,121000000,-0.446565268,6.466232338,-2.596735852,18,high,180,0.015269965,window_18
607,53,204000000,-0.503319323,6.436488940,-2.596174081,18,high,180,0.015603226,window_18
608,53,287000000,-0.549862819,6.413909455,-2.595534319,19,low,0,,window_init
609,53,370000000,-0.581714222,6.394042369,-2.595959025,19,high,180,0.013294678,window_19
610,53,453000000,-0.591675760,6.389263889,-2.595616856,19,high,180,0.011913283,window_19
611,53,536000000,-0.597379856,6.384362470,-2.595768448,19,high,180,0.011938862,window_19
612,53,619000000,-0.598374332,6.383815224,-2.595389631,19,high,180,0.012265704,window_19
613,53,702000000,-0.578444397,6.387310625,-2.587592606,19,high,180,0.012740366,window_19
614,53,785000000,-0.600341667,6.358015540,-2.550421090,19,high,180,0.012300439,window_19
615,53,868000000,-0.602762850,6.334591259,-2.506520137,19,high,180,0.012886003,window_19
616,53,951000000,-0.600716624,6.317257620,-2.456597208,19,high,180,0.013488201,window_19
617,54,34000000,-0.592099916,6.298634877,-2.409068919,19,high,180,0.014418169,window_19
618,54,117000000,-0.601430491,6.275142260,-2.369372837,19,high,180,0.013826947,window_19
619,54,200000000,-0.596317469,6.269120010,-2.356698301,19,high,180,0.013853411,window_19
620,54,283000000,-0.610860928,6.255299957,-2.355619680,19,high,180,0.013805304,window_19
621,54,366000000,-0.628529441,6.244504813,-2.355830528,19,high,180,0.013040545,window_19
622,54,449000000,-0.653382205,6.219870219,-2.355032017,19,high,180,0.011767589,window_19
623,54,532000000,-0.665164227,6.201640670,-2.354655410,19,high,180,0.012485893,window_19
624,54,615000000,-0.681908996,6.181392196,-2.354255631,19,high,180,0.012816035,window_19
625,54,698000000,-0.697654747,6.164003922,-2.354497507,19,high,180,0.012654252,window_19
626,54,781000000,-0.718950505,6.142113043,-2.354280466,19,high,180,0.013298032,window_19
627,54,864000000,-0.737417066,6.119998162,-2.354187575,19,high,180,0.012658230,window_19
628,54,947000000,-0.752745816,6.096823016,-2.354763929,19,high,180,0.013586130,window_19
629,55,30000000,-0.769795316,6.075947144,-2.354526208,19,high,180,0.012929133,window_19
630,55,113000000,-0.796738267,6.047431959,-2.354368707,19,high,180,0.012805211,window_19
631,55,196000000,-0.818150781,6.025854890,-2.354284317,19,high,180,0.012901477,window_19
632,55,279000000,-0.845126601,5.996571282,-2.353673848,19,high,180,0.013055185,window_19
633,55,362000000,-0.870109251,5.966406327,-2.353669248,19,high,180,0.012550093,window_19
634,55,445000000,-0.902237896,5.926788470,-2.353429844,19,high,180,0.012794775,window_19
635,55,528000000,-0.932065452,5.888921823,-2.353179952,19,high,180,0.012896557,window_19
636,55,611000000,-0.961084021,5.855649362,-2.353331815,19,high,180,0.012751200,window_19
637,55,694000000,-0.976304553,5.834117057,-2.353524268,19,low,180,0.013179250,window_19
638,55,777000000,-1.011052537,5.792011510,-2.354023532,19,high,180,0.014129554,window_19
639,55,860000000,-1.052067838,5.747043165,-2.353703180,19,high,180,0.012635404,window_19
640,55,943000000,-1.093749207,5.700531069,-2.352655535,20,low,0,,window_init
641,56,26000000,-1.140947577,5.658409013,-2.353610052,20,high,180,0.012006465,window_20
642,56,109000000,-1.145019547,5.634734871,-2.367312424,20,high,180,0.013937674,window_20
643,56,192000000,-1.153645057,5.644165629,-2.428935089,20,low,178,0.014847923,window_20
644,56,275000000,-1.234825867,5.632139370,-2.536586807,20,high,180,0.014789387,window_20
645,56,358000000,-1.292966442,5.657123828,-2.658055182,20,high,179,0.015205792,window_20
646,56,441000000,-1.378992227,5.646245050,-2.729190249,20,high,180,0.014943145,window_20
647,56,524000000,-1.394918263,5.662554420,-2.757932363,20,high,180,0.016094450,window_20
648,56,607000000,-1.417783714,5.668965235,-2.754617807,20,high,180,0.013792052,window_20
649,56,690000000,-1.432789508,5.654835855,-2.720913551,20,high,180,0.013699951,window_20
650,56,773000000,-1.406856920,5.671390503,-2.679011335,20,low,180,0.014960478,window_20
651,56,856000000,-1.389563729,5.678645314,-2.639014463,20,high,180,0.015392364,window_20
652,56,939000000,-1.372355824,5.673979828,-2.594168375,20,high,180,0.016318877,window_20
653,57,22000000,-1.388012469,5.645052314,-2.541800773,20,low,180,0.015748171,window_20
654,57,105000000,-1.383038720,5.628518166,-2.488391885,20,high,180,0.014366471,window_20
655,57,188000000,-1.382082236,5.615379273,-2.450341681,20,high,180,0.012989009,window_20
656,57,271000000,-1.363372797,5.630335677,-2.447663368,20,high,180,0.014005254,window_20
657,57,354000000,-1.370112834,5.621014033,-2.447481685,20,high,180,0.012759562,window_20
658,57,437000000,-1.374091842,5.616913179,-2.448172129,20,high,180,0.012760150,window_20
659,57,520000000,-1.378683837,5.611979561,-2.447435385,20,high,180,0.012013658,window_20
660,57,603000000,-1.386814977,5.605056800,-2.447667715,20,high,180,0.012198360,window_20
661,57,686000000,-1.392628428,5.598092682,-2.447604111,20,high,180,0.012427806,window_20
662,57,769000000,-1.402500554,5.587349816,-2.447284093,20,high,180,0.013378515,window_20
663,57,852000000,-1.412407764,5.575947177,-2.446981940,20,high,180,0.013064208,window_20
664,57,935000000,-1.421801183,5.569230865,-2.446870528,20,high,180,0.012796437,window_20
665,58,18000000,-1.433820640,5.557130786,-2.446686475,20,high,180,0.012234261,window_20
666,58,101000000,-1.442615307,5.547932404,-2.446992435,20,high,180,0.012252647,window_20
667,58,184000000,-1.451940176,5.539263086,-2.446995086,20,high,180,0.013534478,window_20
668,58,267000000,-1.466619797,5.529071475,-2.446884119,20,high,180,0.013647615,window_20
669,58,350000000,-1.476744021,5.517398498,-2.446773980,20,high,180,0.011686942,window_20
670,58,433000000,-1.490943076,5.503998137,-2.447034260,20,high,180,0.014067934,window_20
671,58,516000000,-1.506194499,5.489227016,-2.447270886,20,high,180,0.014075294,window_20
672,58,599000000,-1.516900828,5.478453565,-2.448036335,21,low,0,,window_init
673,58,682000000,-1.540674472,5.465092823,-2.449817411,21,high,180,0.012644907,window_21
674,58,765000000,-1.572925867,5.437445801,-2.450164818,21,high,180,0.012341238,window_21
675,58,848000000,-1.607220064,5.412646031,-2.450413790,21,high,180,0.012880326,window_21
676,58,931000000,-1.640755277,5.381888384,-2.450454667,21,high,180,0.012106514,window_21
677,59,14000000,-1.671006486,5.353092471,-2.450901358,21,high,180,0.011485161,window_21
678,59,97000000,-1.711227220,5.320792844,-2.451353794,21,high,180,0.012291586,window_21
679,59,180000000,-1.729102461,5.305090343,-2.451949988,21,low,180,0.011160537,window_21
680,59,263000000,-1.788600303,5.257217957,-2.453573465,21,high,180,0.010973917,window_21
681,59,346000000,-1.841769012,5.208616202,-2.454402170,21,high,180,0.011983900,window_21
682,59,429000000,-1.893569414,5.164000769,-2.454249852,21,high,180,0.012292487,window_21
683,59,512000000,-1.917394923,5.142587753,-2.454657398,21,low,180,0.012160041,window_21
684,59,595000000,-1.969913706,5.103081639,-2.455099783,21,high,180,0.011216469,window_21
685,59,678000000,-2.021728048,5.057953868,-2.456675064,21,high,179,0.012532812,window_21
686,59,761000000,-2.073197533,5.012056396,-2.457274828,21,high,180,0.012312767,window_21
687,59,844000000,-2.092691058,4.996043389,-2.457892758,21,low,180,0.012211197,window_21
688,59,927000000,-2.139952018,4.957462493,-2.458198017,21,high,180,0.012669778,window_21
689,60,10000000,-2.164977069,4.937866202,-2.459241093,21,low,180,0.011615319,window_21
690,60,93000000,-2.217966192,4.892744122,-2.459886178,21,high,180,0.012103765,window_21
691,60,176000000,-2.268602954,4.851750144,-2.460807245,21,high,180,0.012565342,window_21
692,60,259000000,-2.303343815,4.831567918,-2.470590905,21,high,180,0.014522109,window_21
693,60,342000000,-2.320204051,4.818956359,-2.478784260,21,high,180,0.015963585,window_21
694,60,425000000,-2.336027790,4.812127685,-2.492863793,21,high,180,0.017578462,window_21
695,60,508000000,-2.350918621,4.811604429,-2.503228951,21,high,180,0.017421776,window_21
696,60,591000000,-2.367803840,4.806979094,-2.514527625,21,high,180,0.020738992,window_21
697,60,674000000,-2.382446171,4.804631317,-2.524233240,21,high,180,0.020043909,window_21
698,60,757000000,-2.406023564,4.799595882,-2.534631586,21,high,180,0.019013927,window_21
699,60,840000000,-2.429298925,4.795921376,-2.545657695,21,high,180,0.019618623,window_21
700,60,923000000,-2.453298297,4.791527804,-2.558125447,21,high,180,0.022658177,window_21
701,61,6000000,-2.478261958,4.790220406,-2.569304164,21,high,180,0.019987561,window_21
702,61,89000000,-2.500501762,4.790258502,-2.580758257,21,high,180,0.021014285,window_21
703,61,172000000,-2.528560489,4.791483272,-2.592600858,21,high,180,0.022435423,window_21
704,61,255000000,-2.559436136,4.790175528,-2.604244747,22,low,0,,window_init
705,61,338000000,-2.596319056,4.787368431,-2.616236794,22,high,180,0.021658533,window_22
706,61,421000000,-2.626938636,4.796493829,-2.627343224,22,high,180,0.020124343,window_22
707,61,504000000,-2.649762692,4.781588513,-2.627926726,22,high,180,0.017704647,window_22
708,61,587000000,-2.664879352,4.768842730,-2.627137843,22,high,180,0.014171027,window_22
709,61,670000000,-2.672932850,4.764484050,-2.627516506,22,high,180,0.012342463,window_22
710,61,753000000,-2.674795491,4.761389898,-2.627264363,22,high,180,0.011521124,window_22
711,61,836000000,-2.674614412,4.762340440,-2.627576249,22,high,180,0.010950560,window_22
712,61,919000000,-2.675450039,4.763005385,-2.627826537,22,high,180,0.010720203,window_22
713,62,2000000,-2.677331957,4.762201734,-2.628049775,22,high,180,0.009853080,window_22
714,62,85000000,-2.679241562,4.759706000,-2.627957192,22,high,180,0.010199551,window_22
715,62,168000000,-2.682646933,4.761026510,-2.628285605,22,high,180,0.010164336,window_22
716,62,251000000,-2.685030651,4.760980456,-2.628471000,22,high,180,0.010059108,window_22
717,62,334000000,-2.684061818,4.763280758,-2.628976099,22,high,180,0.008756383,window_22
718,62,417000000,-2.687011143,4.760240907,-2.628929221,22,high,180,0.010499797,window_22
719,62,500000000,-2.687269373,4.758582167,-2.629008488,22,high,180,0.008155969,window_22
720,62,583000000,-2.687722112,4.757911546,-2.629129968,22,high,180,0.007339378,window_22
721,62,666000000,-2.688621208,4.758565132,-2.629370210,22,high,180,0.008173394,window_22
722,62,749000000,-2.690270897,4.759920454,-2.629796541,22,high,180,0.008779684,window_22
723,62,832000000,-2.688633811,4.759690760,-2.629827389,22,high,180,0.008740942,window_22
724,62,915000000,-2.690180419,4.759925389,-2.630094831,22,high,180,0.008274681,window_22
725,62,998000000,-2.696465389,4.757769616,-2.630157338,22,high,180,0.008945528,window_22
726,63,81000000,-2.696657035,4.759917173,-2.630499285,22,high,180,0.008480354,window_22
727,63,164000000,-2.694965098,4.760686484,-2.630912468,22,high,180,0.008469678,window_22
728,63,247000000,-2.696995837,4.758042381,-2.630872869,22,high,180,0.007599840,window_22
729,63,330000000,-2.698960000,4.756065806,-2.630977002,22,high,180,0.007336463,window_22
730,63,413000000,-2.700009253,4.755899466,-2.631052555,22,high,180,0.008398216,window_22
731,63,496000000,-2.701072933,4.756092606,-2.631470873,22,high,180,0.007519071,window_22
732,63,579000000,-2.701122422,4.756930008,-2.631700446,22,high,180,0.008086244,window_22
733,63,662000000,-2.700814014,4.757215670,-2.632030293,22,high,180,0.008430255,window_22
734,63,745000000,-2.703581799,4.756281942,-2.631989870,22,high,180,0.008193245,window_22
735,63,828000000,-2.706007005,4.755357121,-2.632097839,22,high,180,0.007883568,window_22
736,63,911000000,-2.706072392,4.755501883,-2.632360293,23,low,0,,window_init
737,63,994000000,-2.691536126,4.757458008,-2.629270579,23,high,180,0.007002573,window_23
738,64,77000000,-2.690563937,4.758478328,-2.629530774,23,high,180,0.006898505,window_23
739,64,160000000,-2.690642315,4.757665434,-2.629257839,23,high,180,0.007603033,window_23
740,64,243000000,-2.692035342,4.757471665,-2.629212088,23,high,180,0.007208333,window_23
741,64,326000000,-2.691327511,4.758558079,-2.629415741,23,high,180,0.006893587,window_23
742,64,409000000,-2.690948435,4.756826326,-2.629009686,23,high,180,0.006320131,window_23
743,64,492000000,-2.690951764,4.757379494,-2.628993170,23,high,180,0.006634461,window_23
744,64,575000000,-2.691801692,4.757785044,-2.628936974,23,high,180,0.007577889,window_23
745,64,658000000,-2.688634424,4.758581032,-2.629080637,23,high,180,0.007130182,window_23
746,64,741000000,-2.689189360,4.759290678,-2.629042240,23,high,180,0.006002426,window_23
747,64,824000000,-2.689460109,4.758983744,-2.628929532,23,high,180,0.006927465,window_23
748,64,907000000,-2.689361424,4.758816627,-2.628979863,23,high,180,0.006666590,window_23
749,64,990000000,-2.688377268,4.757123606,-2.628742349,23,high,180,0.006920662,window_23
750,65,73000000,-2.687647631,4.757322183,-2.628713390,23,high,180,0.006458964,window_23
751,65,156000000,-2.688274820,4.757302935,-2.628685296,23,high,180,0.005675163,window_23
752,65,239000000,-2.686761441,4.758282598,-2.628612142,23,high,180,0.006493701,window_23
753,65,322000000,-2.690377391,4.757588613,-2.628868080,23,high,180,0.006634911,window_23
754,65,405000000,-2.687960280,4.758673378,-2.628653877,23,high,180,0.006902971,window_23
755,65,488000000,-2.688542773,4.758345728,-2.628538638,23,high,180,0.005722434,window_23
756,65,571000000,-2.687781395,4.757930168,-2.628435482,23,high,180,0.006659173,window_23
757,65,654000000,-2.689197330,4.758087792,-2.628554782,23,high,180,0.006861215,window_23
758,65,737000000,-2.690110729,4.757442838,-2.628354514,23,high,180,0.007448365,window_23
759,65,820000000,-2.688599952,4.758143993,-2.628480326,23,high,180,0.006716384,window_23
760,65,903000000,-2.689197986,4.757479305,-2.628312835,23,high,180,0.006727158,window_23
761,65,986000000,-2.688016192,4.758214702,-2.628406681,23,high,180,0.006095300,window_23
762,66,69000000,-2.687182798,4.758826745,-2.628394115,23,high,180,0.005631468,window_23
763,66,152000000,-2.687730113,4.758031944,-2.628455416,23,high,180,0.006493101,window_23
764,66,235000000,-2.687311476,4.759359903,-2.628364244,23,high,180,0.006681278,window_23
765,66,318000000,-2.687486879,4.758358703,-2.628171612,23,high,180,0.006751509,window_23
766,66,401000000,-2.688476790,4.756776954,-2.628163051,23,high,180,0.006784660,window_23
767,66,484000000,-2.686191442,4.758230980,-2.628098902,23,high,180,0.006260597,window_23
768,66,567000000,-2.687238296,4.757756000,-2.628178324,24,low,0,,window_init
769,66,650000000,-2.688361233,4.757753138,-2.628585027,24,high,180,0.004802024,window_24
770,66,733000000,-2.689051948,4.758519707,-2.628620115,24,high,180,0.006971357,window_24
771,66,816000000,-2.688525677,4.758988727,-2.628547556,24,high,180,0.006379575,window_24
772,66,899000000,-2.686531035,4.758773086,-2.628611224,24,high,180,0.006460706,window_24
773,66,982000000,-2.689016710,4.757604188,-2.628580160,24,high,180,0.006254122,window_24
774,67,65000000,-2.691036341,4.756921483,-2.628551355,24,high,180,0.007247428,window_24
775,67,148000000,-2.686796753,4.758324258,-2.628652712,24,high,180,0.006255402,window_24
776,67,231000000,-2.688300015,4.758352250,-2.628609877,24,high,180,0.006894187,window_24
777,67,314000000,-2.689435504,4.757586785,-2.628599148,24,high,180,0.006146689,window_24
778,67,397000000,-2.688899930,4.757365246,-2.628519215,24,high,180,0.005855258,window_24
779,67,480000000,-2.689491092,4.758525179,-2.628550858,24,high,180,0.005753376,window_24
780,67,563000000,-2.687806947,4.759532347,-2.628656438,24,high,180,0.005667515,window_24
781,67,646000000,-2.689465354,4.758038189,-2.628560100,24,high,180,0.006932494,window_24
782,67,729000000,-2.690588500,4.756816257,-2.628471349,24,high,180,0.006541476,window_24
783,67,812000000,-2.689652971,4.756812360,-2.628492057,24,high,180,0.006025325,window_24
784,67,895000000,-2.688269917,4.758380444,-2.628539621,24,high,180,0.006660040,window_24
785,67,978000000,-2.689050718,4.757786711,-2.628597374,24,high,180,0.006523623,window_24
786,68,61000000,-2.689439502,4.756118522,-2.628454932,24,high,180,0.006906397,window_24
787,68,144000000,-2.687593091,4.759184943,-2.628699338,24,high,180,0.006345695,window_24
788,68,227000000,-2.687840156,4.758677502,-2.628555017,24,high,180,0.006861023,window_24
789,68,310000000,-2.688575949,4.758251335,-2.628520880,24,high,180,0.006674600,window_24
790,68,393000000,-2.688712198,4.756706447,-2.628572410,24,high,180,0.006043997,window_24
791,68,476000000,-2.688955862,4.757326696,-2.628579445,24,high,180,0.006770713,window_24
792,68,559000000,-2.688933632,4.757906847,-2.628573603,24,high,180,0.005949398,window_24
793,68,642000000,-2.688173827,4.757320818,-2.628506901,24,high,180,0.006201390,window_24
794,68,725000000,-2.690358654,4.757435773,-2.628562533,24,high,180,0.006448178,window_24
795,68,808000000,-2.687821671,4.759456318,-2.628651842,24,high,180,0.005827051,window_24
796,68,891000000,-2.689643509,4.757918735,-2.628583423,24,high,180,0.005573973,window_24
797,68,974000000,-2.687701640,4.759338761,-2.628620926,24,high,180,0.005695748,window_24
798,69,57000000,-2.687705073,4.756427221,-2.628488424,24,high,180,0.006440703,window_24
799,69,140000000,-2.688483954,4.757247814,-2.628486776,24,high,180,0.005673094,window_24
800,69,223000000,-2.688535059,4.757899804,-2.628516325,25,low,0,,window_init
801,69,306000000,-2.690430325,4.757834518,-2.628428928,25,high,180,0.005870325,window_25
802,69,389000000,-2.690535681,4.757506524,-2.628516530,25,high,180,0.006826320,window_25
803,69,472000000,-2.687522210,4.757875781,-2.628475834,25,high,180,0.005854811,window_25
804,69,555000000,-2.689478053,4.758951104,-2.628599381,25,high,180,0.006431782,window_25
805,69,638000000,-2.688394998,4.758221415,-2.628494784,25,high,180,0.004850415,window_25
806,69,721000000,-2.688239005,4.758970489,-2.628567333,25,high,180,0.006197159,window_25
807,69,804000000,-2.687766412,4.758654044,-2.628482443,25,high,180,0.005671617,window_25
808,69,887000000,-2.688587143,4.757487021,-2.628502651,25,high,180,0.006510793,window_25
809,69,970000000,-2.687568505,4.757832490,-2.628495084,25,high,180,0.005214877,window_25
810,70,53000000,-2.690946166,4.756527806,-2.628404324,25,high,180,0.006304548,window_25
811,70,136000000,-2.690105544,4.757173177,-2.628468230,25,high,180,0.006284018,window_25
812,70,219000000,-2.687750355,4.756421327,-2.628426865,25,high,180,0.006655941,window_25
813,70,302000000,-2.688772708,4.758445124,-2.628481061,25,high,180,0.005630647,window_25
814,70,385000000,-2.688882736,4.759352303,-2.628522781,25,high,180,0.006305728,window_25
815,70,468000000,-2.691014613,4.756628524,-2.628427902,25,high,180,0.005923248,window_25
816,70,551000000,-2.690933687,4.757843522,-2.628438712,25,high,180,0.006143721,window_25
817,70,634000000,-2.689938483,4.758487261,-2.628426847,25,high,180,0.005127258,window_25
818,70,717000000,-2.689177426,4.757678462,-2.628393533,25,high,180,0.005541750,window_25
819,70,800000000,-2.690318844,4.757441545,-2.628372041,25,high,180,0.006213901,window_25
820,70,883000000,-2.687060486,4.757817380,-2.628506066,25,high,180,0.005754937,window_25
821,70,966000000,-2.691019841,4.756720453,-2.628374548,25,high,180,0.006002029,window_25
822,71,49000000,-2.688542726,4.756801126,-2.628328491,25,high,180,0.005389185,window_25
823,71,132000000,-2.689381074,4.757672667,-2.628413608,25,high,180,0.005605642,window_25
824,71,215000000,-2.690296473,4.756284797,-2.628276739,25,high,180,0.006376491,window_25
825,71,298000000,-2.688946133,4.757232986,-2.628356014,25,high,180,0.005505097,window_25
826,71,381000000,-2.690310479,4.756317975,-2.628313334,25,high,180,0.006790562,window_25
827,71,464000000,-2.688761978,4.757998712,-2.628431602,25,high,180,0.005165659,window_25
828,71,547000000,-2.689688872,4.757555486,-2.628346891,25,high,180,0.005755056,window_25
829,71,630000000,-2.688619882,4.757890284,-2.628344989,25,high,180,0.006056789,window_25
830,71,713000000,-2.689331141,4.757640654,-2.628355287,25,high,180,0.005873189,window_25
831,71,796000000,-2.690865154,4.755904745,-2.628232088,25,high,180,0.005641214,window_25
832,71,879000000,-2.687585203,4.759491257,-2.628468185,26,low,0,,window_init
833,71,962000000,-2.688762477,4.759598728,-2.628554839,26,high,180,0.006824745,window_26
834,72,45000000,-2.690660377,4.758280864,-2.628414006,26,high,180,0.006495050,window_26
835,72,128000000,-2.692530882,4.756927615,-2.628376870,26,high,180,0.006333800,window_26
836,72,211000000,-2.692963910,4.756638616,-2.628305741,26,high,180,0.006185265,window_26
837,72,294000000,-2.691820287,4.756301360,-2.628291361,26,high,180,0.006672356,window_26
838,72,377000000,-2.691856355,4.757687857,-2.628422672,26,high,180,0.006314955,window_26
839,72,460000000,-2.691454728,4.757976091,-2.628353853,26,high,180,0.006862046,window_26
840,72,543000000,-2.692313386,4.757144171,-2.628327182,26,high,180,0.006813141,window_26
841,72,626000000,-2.691362077,4.756260129,-2.628303498,26,high,180,0.006767980,window_26
842,72,709000000,-2.691749471,4.756980392,-2.628298103,26,high,180,0.006963871,window_26
843,72,792000000,-2.688836932,4.759379199,-2.628435853,26,high,180,0.006672553,window_26
844,72,875000000,-2.689892660,4.757731047,-2.628331247,26,high,180,0.006730386,window_26
845,72,958000000,-2.691586949,4.756981892,-2.628296985,26,high,180,0.006249267,window_26
846,73,41000000,-2.691394244,4.757602828,-2.628334557,26,high,180,0.005805326,window_26
847,73,124000000,-2.694541480,4.754668947,-2.628107030,26,high,180,0.006374000,window_26
848,73,207000000,-2.691694349,4.756096895,-2.628186896,26,high,180,0.005927928,window_26
849,73,290000000,-2.691550951,4.757150985,-2.628326377,26,high,180,0.006209150,window_26
850,73,373000000,-2.691429155,4.757158714,-2.628313194,26,high,180,0.007018636,window_26
851,73,456000000,-2.692828664,4.756976281,-2.628341372,26,high,180,0.005653587,window_26
852,73,539000000,-2.693397548,4.756913867,-2.628356540,26,high,180,0.006141729,window_26
853,73,622000000,-2.691293012,4.758069190,-2.628428904,26,high,180,0.005940400,window_26
854,73,705000000,-2.689937442,4.758069964,-2.628329191,26,high,180,0.006140040,window_26
855,73,788000000,-2.692407485,4.756565643,-2.628275330,26,high,180,0.006267116,window_26
856,73,871000000,-2.691989647,4.755782293,-2.628277995,26,high,180,0.006914140,window_26
857,73,954000000,-2.693112111,4.756566445,-2.628300695,26,high,180,0.006699759,window_26
858,74,37000000,-2.691740768,4.756551509,-2.628269125,26,high,180,0.005510415,window_26
859,74,120000000,-2.690928769,4.756309608,-2.628250881,26,high,180,0.006236813,window_26
860,74,203000000,-2.693176068,4.756293423,-2.628267127,26,high,180,0.007095627,window_26
861,74,286000000,-2.691030735,4.756577380,-2.628208164,26,high,180,0.006258588,window_26
862,74,369000000,-2.692841264,4.756816368,-2.628237934,26,high,180,0.006426988,window_26
863,74,452000000,-2.693286658,4.756521646,-2.628265724,26,high,180,0.006903848,window_26
864,74,535000000,-2.691402346,4.757337180,-2.628281342,27,low,0,,window_init
865,74,618000000,-2.694051605,4.754022087,-2.628087878,27,high,180,0.005702027,window_27
866,74,701000000,-2.694146932,4.754543768,-2.628099353,27,high,180,0.006152340,window_27
867,74,784000000,-2.692071212,4.756034090,-2.628211349,27,high,180,0.005785286,window_27
868,74,867000000,-2.693270034,4.754471462,-2.628163451,27,high,180,0.006220606,window_27
869,74,950000000,-2.692346434,4.755707226,-2.628144508,27,high,180,0.006217059,window_27
870,75,33000000,-2.692652423,4.755331743,-2.628137972,27,high,180,0.006226157,window_27
871,75,116000000,-2.692651458,4.755780366,-2.628189872,27,high,180,0.006090027,window_27
872,75,199000000,-2.691563176,4.754395628,-2.628162911,27,high,180,0.005616397,window_27
873,75,282000000,-2.690839531,4.754960450,-2.628179762,27,high,180,0.006559423,window_27
874,75,365000000,-2.691842170,4.755925754,-2.628256501,27,high,180,0.005543874,window_27
875,75,448000000,-2.691907177,4.754322586,-2.628184227,27,high,180,0.006515380,window_27
876,75,531000000,-2.692749002,4.756206929,-2.628288390,27,high,180,0.005692928,window_27
877,75,614000000,-2.693122237,4.754518247,-2.628154743,27,high,180,0.005872301,window_27
878,75,697000000,-2.691222896,4.755564928,-2.628213617,27,high,180,0.005598145,window_27
879,75,780000000,-2.692544187,4.754253052,-2.628115654,27,high,180,0.006987828,window_27
880,75,863000000,-2.693285789,4.754577813,-2.628142202,27,high,180,0.005635643,window_27
881,75,946000000,-2.691749197,4.754677423,-2.628158838,27,high,180,0.006316128,window_27
882,76,29000000,-2.692039152,4.755020261,-2.628196884,27,high,180,0.006039537,window_27
883,76,112000000,-2.691917017,4.754992399,-2.628210248,27,high,180,0.006632089,window_27
884,76,195000000,-2.691549705,4.755936671,-2.628290519,27,high,180,0.005042674,window_27
885,76,278000000,-2.693173621,4.754603756,-2.628170647,27,high,180,0.006600687,window_27
