x_m,y_m
4.000000,3.150000
3.949686,3.150000
3.899371,3.150000
3.849057,3.150000
3.798742,3.150000
3.748428,3.150000
3.698113,3.150000
3.647799,3.150000
3.597484,3.150000
3.547170,3.150000
3.496855,3.150000
3.446541,3.150000
3.396226,3.150000
3.345912,3.150000
3.295598,3.150000
3.245283,3.150000
3.194968,3.150000
3.144654,3.150000
3.094340,3.150000
3.044025,3.150000
2.993711,3.150000
2.943396,3.150000
2.893082,3.150000
2.842767,3.150000
2.792453,3.150000
2.742138,3.150000
2.691824,3.150000
2.641510,3.150000
2.591195,3.150000
2.540880,3.150000
2.490566,3.150000
2.440252,3.150000
2.389937,3.150000
2.339623,3.150000
2.289308,3.150000
2.238994,3.150000
2.188679,3.150000
2.138365,3.150000
2.088050,3.150000
2.037736,3.150000
1.987421,3.150000
1.937107,3.150000
1.886792,3.150000
1.836478,3.150000
1.786164,3.150000
1.735849,3.150000
1.685535,3.150000
1.635220,3.150000
1.584906,3.150000
1.534591,3.150000
1.484277,3.150000
1.433962,3.150000
1.383648,3.150000
1.333333,3.150000
1.283019,3.150000
1.232704,3.150000
1.182390,3.150000
1.132075,3.150000
1.081761,3.150000
1.031447,3.150000
0.981132,3.150000
0.930818,3.150000
0.880503,3.150000
0.830189,3.150000
0.779874,3.150000
0.729560,3.150000
0.679245,3.150000
0.628931,3.150000
0.578616,3.150000
0.528302,3.150000
0.477987,3.150000
0.427673,3.150000
0.377358,3.150000
0.327044,3.150000
0.276730,3.150000
0.226415,3.150000
0.176101,3.150000
0.125786,3.150000
0.075472,3.150000
0.025157,3.150000
-0.025157,3.150000
-0.075472,3.150000
-0.125786,3.150000
-0.176101,3.150000
-0.226415,3.150000
-0.276730,3.150000
-0.327044,3.150000
-0.377358,3.150000
-0.427673,3.150000
-0.477987,3.150000
-0.528302,3.150000
-0.578616,3.150000
-0.628931,3.150000
-0.679245,3.150000
-0.729560,3.150000
-0.779874,3.150000
-0.830189,3.150000
-0.880503,3.150000
-0.930818,3.150000
-0.981132,3.150000
-1.031447,3.150000
-1.081761,3.150000
-1.132075,3.150000
-1.182390,3.150000
-1.232704,3.150000
-1.283019,3.150000
-1.333333,3.150000
-1.383648,3.150000
-1.433962,3.150000
-1.484277,3.150000
-1.534591,3.150000
-1.584906,3.150000
-1.635220,3.150000
-1.685535,3.150000
-1.735849,3.150000
-1.786164,3.150000
-1.836478,3.150000
-1.886792,3.150000
-1.937107,3.150000
-1.987421,3.150000
-2.037736,3.150000
-2.088050,3.150000
-2.138365,3.150000
-2.188679,3.150000
-2.238994,3.150000
-2.289308,3.150000
-2.339623,3.150000
-2.389937,3.150000
-2.440252,3.150000
-2.490566,3.150000
-2.540880,3.150000
-2.591195,3.150000
-2.641510,3.150000
-2.691824,3.150000
-2.742138,3.150000
-2.792453,3.150000
-2.842767,3.150000
-2.893082,3.150000
-2.943396,3.150000
-2.993711,3.150000
-3.044025,3.150000
-3.094340,3.150000
-3.144654,3.150000
-3.194968,3.150000
-3.245283,3.150000
-3.295598,3.150000
-3.345912,3.150000
-3.396226,3.150000
-3.446541,3.150000
-3.496855,3.150000
-3.547170,3.150000
-3.597484,3.150000
-3.647799,3.150000
-3.698113,3.150000
-3.748428,3.150000
-3.798742,3.150000
-3.849057,3.150000
-3.899371,3.150000
-3.949686,3.150000
-4.000000,3.150000
-4.000000,3.150000
-4.000000,3.050000
-4.000000,3.050000
-3.949686,3.050000
-3.899371,3.050000
-3.849057,3.050000
-3.798742,3.050000
-3.748428,3.050000
-3.698113,3.050000
-3.647799,3.050000
-3.597484,3.050000
-3.547170,3.050000
-3.496855,3.050000
-3.446541,3.050000
-3.396226,3.050000
-3.345912,3.050000
-3.295598,3.050000
-3.245283,3.050000
-3.194968,3.050000
-3.144654,3.050000
-3.094340,3.050000
-3.044025,3.050000
-2.993711,3.050000
-2.943396,3.050000
-2.893082,3.050000
-2.842767,3.050000
-2.792453,3.050000
-2.742138,3.050000
-2.691824,3.050000
-2.641510,3.050000
-2.591195,3.050000
-2.540880,3.050000
-2.490566,3.050000
-2.440252,3.050000
-2.389937,3.050000
-2.339623,3.050000
-2.289308,3.050000
-2.238994,3.050000
-2.188679,3.050000
-2.138365,3.050000
-2.088050,3.050000
-2.037736,3.050000
-1.987421,3.050000
-1.937107,3.050000
-1.886792,3.050000
-1.836478,3.050000
-1.786164,3.050000
-1.735849,3.050000
-1.685535,3.050000
-1.635220,3.050000
-1.584906,3.050000
-1.534591,3.050000
-1.484277,3.050000
-1.433962,3.050000
-1.383648,3.050000
-1.333333,3.050000
-1.283019,3.050000
-1.232704,3.050000
-1.182390,3.050000
-1.132075,3.050000
-1.081761,3.050000
-1.031447,3.050000
-0.981132,3.050000
-0.930818,3.050000
-0.880503,3.050000
-0.830189,3.050000
-0.779874,3.050000
-0.729560,3.050000
-0.679245,3.050000
-0.628931,3.050000
-0.578616,3.050000
-0.528302,3.050000
-0.477987,3.050000
-0.427673,3.050000
-0.377358,3.050000
-0.327044,3.050000
-0.276730,3.050000
-0.226415,3.050000
-0.176101,3.050000
-0.125786,3.050000
-0.075472,3.050000
-0.025157,3.050000
0.025157,3.050000
0.075472,3.050000
0.125786,3.050000
0.176101,3.050000
0.226415,3.050000
0.276730,3.050000
0.327044,3.050000
0.377358,3.050000
0.427673,3.050000
0.477987,3.050000
0.528302,3.050000
0.578616,3.050000
0.628931,3.050000
0.679245,3.050000
0.729560,3.050000
0.779874,3.050000
0.830189,3.050000
0.880503,3.050000
0.930818,3.050000
0.981132,3.050000
1.031447,3.050000
1.081761,3.050000
1.132075,3.050000
1.182390,3.050000
1.232704,3.050000
1.283019,3.050000
1.333333,3.050000
1.383648,3.050000
1.433962,3.050000
1.484277,3.050000
1.534591,3.050000
1.584906,3.050000
1.635220,3.050000
1.685535,3.050000
1.735849,3.050000
1.786164,3.050000
1.836478,3.050000
1.886792,3.050000
1.937107,3.050000
1.987421,3.050000
2.037736,3.050000
2.088050,3.050000
2.138365,3.050000
2.188679,3.050000
2.238994,3.050000
2.289308,3.050000
2.339623,3.050000
2.389937,3.050000
2.440252,3.050000
2.490566,3.050000
2.540880,3.050000
2.591195,3.050000
2.641510,3.050000
2.691824,3.050000
2.742138,3.050000
2.792453,3.050000
2.842767,3.050000
2.893082,3.050000
2.943396,3.050000
2.993711,3.050000
3.044025,3.050000
3.094340,3.050000
3.144654,3.050000
3.194968,3.050000
3.245283,3.050000
3.295598,3.050000
3.345912,3.050000
3.396226,3.050000
3.446541,3.050000
3.496855,3.050000
3.547170,3.050000
3.597484,3.050000
3.647799,3.050000
3.698113,3.050000
3.748428,3.050000
3.798742,3.050000
3.849057,3.050000
3.899371,3.050000
3.949686,3.050000
4.000000,3.050000
4.000000,3.050000
4.000000,3.150000
4.000000,-3.050000
3.949686,-3.050000
3.899371,-3.050000
3.849057,-3.050000
3.798742,-3.050000
3.748428,-3.050000
3.698113,-3.050000
3.647799,-3.050000
3.597484,-3.050000
3.547170,-3.050000
3.496855,-3.050000
3.446541,-3.050000
3.396226,-3.050000
3.345912,-3.050000
3.295598,-3.050000
3.245283,-3.050000
3.194968,-3.050000
3.144654,-3.050000
3.094340,-3.050000
3.044025,-3.050000
2.993711,-3.050000
2.943396,-3.050000
2.893082,-3.050000
2.842767,-3.050000
2.792453,-3.050000
2.742138,-3.050000
2.691824,-3.050000
2.641510,-3.050000
2.591195,-3.050000
2.540880,-3.050000
2.490566,-3.050000
2.440252,-3.050000
2.389937,-3.050000
2.339623,-3.050000
2.289308,-3.050000
2.238994,-3.050000
2.188679,-3.050000
2.138365,-3.050000
2.088050,-3.050000
2.037736,-3.050000
1.987421,-3.050000
1.937107,-3.050000
1.886792,-3.050000
1.836478,-3.050000
1.786164,-3.050000
1.735849,-3.050000
1.685535,-3.050000
1.635220,-3.050000
1.584906,-3.050000
1.534591,-3.050000
1.484277,-3.050000
1.433962,-3.050000
1.383648,-3.050000
1.333333,-3.050000
1.283019,-3.050000
1.232704,-3.050000
1.182390,-3.050000
1.132075,-3.050000
1.081761,-3.050000
1.031447,-3.050000
0.981132,-3.050000
0.930818,-3.050000
0.880503,-3.050000
0.830189,-3.050000
0.779874,-3.050000
0.729560,-3.050000
0.679245,-3.050000
0.628931,-3.050000
0.578616,-3.050000
0.528302,-3.050000
0.477987,-3.050000
0.427673,-3.050000
0.377358,-3.050000
0.327044,-3.050000
0.276730,-3.050000
0.226415,-3.050000
0.176101,-3.050000
0.125786,-3.050000
0.075472,-3.050000
0.025157,-3.050000
-0.025157,-3.050000
-0.075472,-3.050000
-0.125786,-3.050000
-0.176101,-3.050000
-0.226415,-3.050000
-0.276730,-3.050000
-0.327044,-3.050000
-0.377358,-3.050000
-0.427673,-3.050000
-0.477987,-3.050000
-0.528302,-3.050000
-0.578616,-3.050000
-0.628931,-3.050000
-0.679245,-3.050000
-0.729560,-3.050000
-0.779874,-3.050000
-0.830189,-3.050000
-0.880503,-3.050000
-0.930818,-3.050000
-0.981132,-3.050000
-1.031447,-3.050000
-1.081761,-3.050000
-1.132075,-3.050000
-1.182390,-3.050000
-1.232704,-3.050000
-1.283019,-3.050000
-1.333333,-3.050000
-1.383648,-3.050000
-1.433962,-3.050000
-1.484277,-3.050000
-1.534591,-3.050000
-1.584906,-3.050000
-1.635220,-3.050000
-1.685535,-3.050000
-1.735849,-3.050000
-1.786164,-3.050000
-1.836478,-3.050000
-1.886792,-3.050000
-1.937107,-3.050000
-1.987421,-3.050000
-2.037736,-3.050000
-2.088050,-3.050000
-2.138365,-3.050000
-2.188679,-3.050000
-2.238994,-3.050000
-2.289308,-3.050000
-2.339623,-3.050000
-2.389937,-3.050000
-2.440252,-3.050000
-2.490566,-3.050000
-2.540880,-3.050000
-2.591195,-3.050000
-2.641510,-3.050000
-2.691824,-3.050000
-2.742138,-3.050000
-2.792453,-3.050000
-2.842767,-3.050000
-2.893082,-3.050000
-2.943396,-3.050000
-2.993711,-3.050000
-3.044025,-3.050000
-3.094340,-3.050000
-3.144654,-3.050000
-3.194968,-3.050000
-3.245283,-3.050000
-3.295598,-3.050000
-3.345912,-3.050000
-3.396226,-3.050000
-3.446541,-3.050000
-3.496855,-3.050000
-3.547170,-3.050000
-3.597484,-3.050000
-3.647799,-3.050000
-3.698113,-3.050000
-3.748428,-3.050000
-3.798742,-3.050000
-3.849057,-3.050000
-3.899371,-3.050000
-3.949686,-3.050000
-4.000000,-3.050000
-4.000000,-3.050000
-4.000000,-3.150000
-4.000000,-3.150000
-3.949686,-3.150000
-3.899371,-3.150000
-3.849057,-3.150000
-3.798742,-3.150000
-3.748428,-3.150000
-3.698113,-3.150000
-3.647799,-3.150000
-3.597484,-3.150000
-3.547170,-3.150000
-3.496855,-3.150000
-3.446541,-3.150000
-3.396226,-3.150000
-3.345912,-3.150000
-3.295598,-3.150000
-3.245283,-3.150000
-3.194968,-3.150000
-3.144654,-3.150000
-3.094340,-3.150000
-3.044025,-3.150000
-2.993711,-3.150000
-2.943396,-3.150000
-2.893082,-3.150000
-2.842767,-3.150000
-2.792453,-3.150000
-2.742138,-3.150000
-2.691824,-3.150000
-2.641510,-3.150000
-2.591195,-3.150000
-2.540880,-3.150000
-2.490566,-3.150000
-2.440252,-3.150000
-2.389937,-3.150000
-2.339623,-3.150000
-2.289308,-3.150000
-2.238994,-3.150000
-2.188679,-3.150000
-2.138365,-3.150000
-2.088050,-3.150000
-2.037736,-3.150000
-1.987421,-3.150000
-1.937107,-3.150000
-1.886792,-3.150000
-1.836478,-3.150000
-1.786164,-3.150000
-1.735849,-3.150000
-1.685535,-3.150000
-1.635220,-3.150000
-1.584906,-3.150000
-1.534591,-3.150000
-1.484277,-3.150000
-1.433962,-3.150000
-1.383648,-3.150000
-1.333333,-3.150000
-1.283019,-3.150000
-1.232704,-3.150000
-1.182390,-3.150000
-1.132075,-3.150000
-1.081761,-3.150000
-1.031447,-3.150000
-0.981132,-3.150000
-0.930818,-3.150000
-0.880503,-3.150000
-0.830189,-3.150000
-0.779874,-3.150000
-0.729560,-3.150000
-0.679245,-3.150000
-0.628931,-3.150000
-0.578616,-3.150000
-0.528302,-3.150000
-0.477987,-3.150000
-0.427673,-3.150000
-0.377358,-3.150000
-0.327044,-3.150000
-0.276730,-3.150000
-0.226415,-3.150000
-0.176101,-3.150000
-0.125786,-3.150000
-0.075472,-3.150000
-0.025157,-3.150000
0.025157,-3.150000
0.075472,-3.150000
0.125786,-3.150000
0.176101,-3.150000
0.226415,-3.150000
0.276730,-3.150000
0.327044,-3.150000
0.377358,-3.150000
0.427673,-3.150000
0.477987,-3.150000
0.528302,-3.150000
0.578616,-3.150000
0.628931,-3.150000
0.679245,-3.150000
0.729560,-3.150000
0.779874,-3.150000
0.830189,-3.150000
0.880503,-3.150000
0.930818,-3.150000
0.981132,-3.150000
1.031447,-3.150000
1.081761,-3.150000
1.132075,-3.150000
1.182390,-3.150000
1.232704,-3.150000
1.283019,-3.150000
1.333333,-3.150000
1.383648,-3.150000
1.433962,-3.150000
1.484277,-3.150000
1.534591,-3.150000
1.584906,-3.150000
1.635220,-3.150000
1.685535,-3.150000
1.735849,-3.150000
1.786164,-3.150000
1.836478,-3.150000
1.886792,-3.150000
1.937107,-3.150000
1.987421,-3.150000
2.037736,-3.150000
2.088050,-3.150000
2.138365,-3.150000
2.188679,-3.150000
2.238994,-3.150000
2.289308,-3.150000
2.339623,-3.150000
2.389937,-3.150000
2.440252,-3.150000
2.490566,-3.150000
2.540880,-3.150000
2.591195,-3.150000
2.641510,-3.150000
2.691824,-3.150000
2.742138,-3.150000
2.792453,-3.150000
2.842767,-3.150000
2.893082,-3.150000
2.943396,-3.150000
2.993711,-3.150000
3.044025,-3.150000
3.094340,-3.150000
3.144654,-3.150000
3.194968,-3.150000
3.245283,-3.150000
3.295598,-3.150000
3.345912,-3.150000
3.396226,-3.150000
3.446541,-3.150000
3.496855,-3.150000
3.547170,-3.150000
3.597484,-3.150000
3.647799,-3.150000
3.698113,-3.150000
3.748428,-3.150000
3.798742,-3.150000
3.849057,-3.150000
3.899371,-3.150000
3.949686,-3.150000
4.000000,-3.150000
4.000000,-3.150000
4.000000,-3.050000
4.000000,1.950000
3.949686,1.950000
3.899371,1.950000
3.849057,1.950000
3.798742,1.950000
3.748428,1.950000
3.698113,1.950000
3.647799,1.950000
3.597484,1.950000
3.547170,1.950000
3.496855,1.950000
3.446541,1.950000
3.396226,1.950000
3.345912,1.950000
3.295598,1.950000
3.245283,1.950000
3.194968,1.950000
3.144654,1.950000
3.094340,1.950000
3.044025,1.950000
2.993711,1.950000
2.943396,1.950000
2.893082,1.950000
2.842767,1.950000
2.792453,1.950000
2.742138,1.950000
2.691824,1.950000
2.641510,1.950000
2.591195,1.950000
2.540880,1.950000
2.490566,1.950000
2.440252,1.950000
2.389937,1.950000
2.339623,1.950000
2.289308,1.950000
2.238994,1.950000
2.188679,1.950000
2.138365,1.950000
2.088050,1.950000
2.037736,1.950000
1.987421,1.950000
1.937107,1.950000
1.886792,1.950000
1.836478,1.950000
1.786164,1.950000
1.735849,1.950000
1.685535,1.950000
1.635220,1.950000
1.584906,1.950000
1.534591,1.950000
1.484277,1.950000
1.433962,1.950000
1.383648,1.950000
1.333333,1.950000
1.283019,1.950000
1.232704,1.950000
1.182390,1.950000
1.132075,1.950000
1.081761,1.950000
1.031447,1.950000
0.981132,1.950000
0.930818,1.950000
0.880503,1.950000
0.830189,1.950000
0.779874,1.950000
0.729560,1.950000
0.679245,1.950000
0.628931,1.950000
0.578616,1.950000
0.528302,1.950000
0.477987,1.950000
0.427673,1.950000
0.377358,1.950000
0.327044,1.950000
0.276730,1.950000
0.226415,1.950000
0.176101,1.950000
0.125786,1.950000
0.075472,1.950000
0.025157,1.950000
-0.025157,1.950000
-0.075472,1.950000
-0.125786,1.950000
-0.176101,1.950000
-0.226415,1.950000
-0.276730,1.950000
-0.327044,1.950000
-0.377358,1.950000
-0.427673,1.950000
-0.477987,1.950000
-0.528302,1.950000
-0.578616,1.950000
-0.628931,1.950000
-0.679245,1.950000
-0.729560,1.950000
-0.779874,1.950000
-0.830189,1.950000
-0.880503,1.950000
-0.930818,1.950000
-0.981132,1.950000
-1.031447,1.950000
-1.081761,1.950000
-1.132075,1.950000
-1.182390,1.950000
-1.232704,1.950000
-1.283019,1.950000
-1.333333,1.950000
-1.383648,1.950000
-1.433962,1.950000
-1.484277,1.950000
-1.534591,1.950000
-1.584906,1.950000
-1.635220,1.950000
-1.685535,1.950000
-1.735849,1.950000
-1.786164,1.950000
-1.836478,1.950000
-1.886792,1.950000
-1.937107,1.950000
-1.987421,1.950000
-2.037736,1.950000
-2.088050,1.950000
-2.138365,1.950000
-2.188679,1.950000
-2.238994,1.950000
-2.289308,1.950000
-2.339623,1.950000
-2.389937,1.950000
-2.440252,1.950000
-2.490566,1.950000
-2.540880,1.950000
-2.591195,1.950000
-2.641510,1.950000
-2.691824,1.950000
-2.742138,1.950000
-2.792453,1.950000
-2.842767,1.950000
-2.893082,1.950000
-2.943396,1.950000
-2.993711,1.950000
-3.044025,1.950000
-3.094340,1.950000
-3.144654,1.950000
-3.194968,1.950000
-3.245283,1.950000
-3.295598,1.950000
-3.345912,1.950000
-3.396226,1.950000
-3.446541,1.950000
-3.496855,1.950000
-3.547170,1.950000
-3.597484,1.950000
-3.647799,1.950000
-3.698113,1.950000
-3.748428,1.950000
-3.798742,1.950000
-3.849057,1.950000
-3.899371,1.950000
-3.949686,1.950000
-4.000000,1.950000
-4.000000,1.950000
-4.000000,1.900000
-4.000000,1.850000
-4.000000,1.850000
-3.949686,1.850000
-3.899371,1.850000
-3.849057,1.850000
-3.798742,1.850000
-3.748428,1.850000
-3.698113,1.850000
-3.647799,1.850000
-3.597484,1.850000
-3.547170,1.850000
-3.496855,1.850000
-3.446541,1.850000
-3.396226,1.850000
-3.345912,1.850000
-3.295598,1.850000
-3.245283,1.850000
-3.194968,1.850000
-3.144654,1.850000
-3.094340,1.850000
-3.044025,1.850000
-2.993711,1.850000
-2.943396,1.850000
-2.893082,1.850000
-2.842767,1.850000
-2.792453,1.850000
-2.742138,1.850000
-2.691824,1.850000
-2.641510,1.850000
-2.591195,1.850000
-2.540880,1.850000
-2.490566,1.850000
-2.440252,1.850000
-2.389937,1.850000
-2.339623,1.850000
-2.289308,1.850000
-2.238994,1.850000
-2.188679,1.850000
-2.138365,1.850000
-2.088050,1.850000
-2.037736,1.850000
-1.987421,1.850000
-1.937107,1.850000
-1.886792,1.850000
-1.836478,1.850000
-1.786164,1.850000
-1.735849,1.850000
-1.685535,1.850000
-1.635220,1.850000
-1.584906,1.850000
-1.534591,1.850000
-1.484277,1.850000
-1.433962,1.850000
-1.383648,1.850000
-1.333333,1.850000
-1.283019,1.850000
-1.232704,1.850000
-1.182390,1.850000
-1.132075,1.850000
-1.081761,1.850000
-1.031447,1.850000
-0.981132,1.850000
-0.930818,1.850000
-0.880503,1.850000
-0.830189,1.850000
-0.779874,1.850000
-0.729560,1.850000
-0.679245,1.850000
-0.628931,1.850000
-0.578616,1.850000
-0.528302,1.850000
-0.477987,1.850000
-0.427673,1.850000
-0.377358,1.850000
-0.327044,1.850000
-0.276730,1.850000
-0.226415,1.850000
-0.176101,1.850000
-0.125786,1.850000
-0.075472,1.850000
-0.025157,1.850000
0.025157,1.850000
0.075472,1.850000
0.125786,1.850000
0.176101,1.850000
0.226415,1.850000
0.276730,1.850000
0.327044,1.850000
0.377358,1.850000
0.427673,1.850000
0.477987,1.850000
0.528302,1.850000
0.578616,1.850000
0.628931,1.850000
0.679245,1.850000
0.729560,1.850000
0.779874,1.850000
0.830189,1.850000
0.880503,1.850000
0.930818,1.850000
0.981132,1.850000
1.031447,1.850000
1.081761,1.850000
1.132075,1.850000
1.182390,1.850000
1.232704,1.850000
1.283019,1.850000
1.333333,1.850000
1.383648,1.850000
1.433962,1.850000
1.484277,1.850000
1.534591,1.850000
1.584906,1.850000
1.635220,1.850000
1.685535,1.850000
1.735849,1.850000
1.786164,1.850000
1.836478,1.850000
1.886792,1.850000
1.937107,1.850000
1.987421,1.850000
2.037736,1.850000
2.088050,1.850000
2.138365,1.850000
2.188679,1.850000
2.238994,1.850000
2.289308,1.850000
2.339623,1.850000
2.389937,1.850000
2.440252,1.850000
2.490566,1.850000
2.540880,1.850000
2.591195,1.850000
2.641510,1.850000
2.691824,1.850000
2.742138,1.850000
2.792453,1.850000
2.842767,1.850000
2.893082,1.850000
2.943396,1.850000
2.993711,1.850000
3.044025,1.850000
3.094340,1.850000
3.144654,1.850000
3.194968,1.850000
3.245283,1.850000
3.295598,1.850000
3.345912,1.850000
3.396226,1.850000
3.446541,1.850000
3.496855,1.850000
3.547170,1.850000
3.597484,1.850000
3.647799,1.850000
3.698113,1.850000
3.748428,1.850000
3.798742,1.850000
3.849057,1.850000
3.899371,1.850000
3.949686,1.850000
4.000000,1.850000
4.000000,1.850000
4.000000,1.900000
4.000000,1.950000
4.000000,-1.850000
3.949686,-1.850000
3.899371,-1.850000
3.849057,-1.850000
3.798742,-1.850000
3.748428,-1.850000
3.698113,-1.850000
3.647799,-1.850000
3.597484,-1.850000
3.547170,-1.850000
3.496855,-1.850000
3.446541,-1.850000
3.396226,-1.850000
3.345912,-1.850000
3.295598,-1.850000
3.245283,-1.850000
3.194968,-1.850000
3.144654,-1.850000
3.094340,-1.850000
3.044025,-1.850000
2.993711,-1.850000
2.943396,-1.850000
2.893082,-1.850000
2.842767,-1.850000
2.792453,-1.850000
2.742138,-1.850000
2.691824,-1.850000
2.641510,-1.850000
2.591195,-1.850000
2.540880,-1.850000
2.490566,-1.850000
2.440252,-1.850000
2.389937,-1.850000
2.339623,-1.850000
2.289308,-1.850000
2.238994,-1.850000
2.188679,-1.850000
2.138365,-1.850000
2.088050,-1.850000
2.037736,-1.850000
1.987421,-1.850000
1.937107,-1.850000
1.886792,-1.850000
1.836478,-1.850000
1.786164,-1.850000
1.735849,-1.850000
1.685535,-1.850000
1.635220,-1.850000
1.584906,-1.850000
1.534591,-1.850000
1.484277,-1.850000
1.433962,-1.850000
1.383648,-1.850000
1.333333,-1.850000
1.283019,-1.850000
1.232704,-1.850000
1.182390,-1.850000
1.132075,-1.850000
1.081761,-1.850000
1.031447,-1.850000
0.981132,-1.850000
0.930818,-1.850000
0.880503,-1.850000
0.830189,-1.850000
0.779874,-1.850000
0.729560,-1.850000
0.679245,-1.850000
0.628931,-1.850000
0.578616,-1.850000
0.528302,-1.850000
0.477987,-1.850000
0.427673,-1.850000
0.377358,-1.850000
0.327044,-1.850000
0.276730,-1.850000
0.226415,-1.850000
0.176101,-1.850000
0.125786,-1.850000
0.075472,-1.850000
0.025157,-1.850000
-0.025157,-1.850000
-0.075472,-1.850000
-0.125786,-1.850000
-0.176101,-1.850000
-0.226415,-1.850000
-0.276730,-1.850000
-0.327044,-1.850000
-0.377358,-1.850000
-0.427673,-1.850000
-0.477987,-1.850000
-0.528302,-1.850000
-0.578616,-1.850000
-0.628931,-1.850000
-0.679245,-1.850000
-0.729560,-1.850000
-0.779874,-1.850000
-0.830189,-1.850000
-0.880503,-1.850000
-0.930818,-1.850000
-0.981132,-1.850000
-1.031447,-1.850000
-1.081761,-1.850000
-1.132075,-1.850000
-1.182390,-1.850000
-1.232704,-1.850000
-1.283019,-1.850000
-1.333333,-1.850000
-1.383648,-1.850000
-1.433962,-1.850000
-1.484277,-1.850000
-1.534591,-1.850000
-1.584906,-1.850000
-1.635220,-1.850000
-1.685535,-1.850000
-1.735849,-1.850000
-1.786164,-1.850000
-1.836478,-1.850000
-1.886792,-1.850000
-1.937107,-1.850000
-1.987421,-1.850000
-2.037736,-1.850000
-2.088050,-1.850000
-2.138365,-1.850000
-2.188679,-1.850000
-2.238994,-1.850000
-2.289308,-1.850000
-2.339623,-1.850000
-2.389937,-1.850000
-2.440252,-1.850000
-2.490566,-1.850000
-2.540880,-1.850000
-2.591195,-1.850000
-2.641510,-1.850000
-2.691824,-1.850000
-2.742138,-1.850000
-2.792453,-1.850000
-2.842767,-1.850000
-2.893082,-1.850000
-2.943396,-1.850000
-2.993711,-1.850000
-3.044025,-1.850000
-3.094340,-1.850000
-3.144654,-1.850000
-3.194968,-1.850000
-3.245283,-1.850000
-3.295598,-1.850000
-3.345912,-1.850000
-3.396226,-1.850000
-3.446541,-1.850000
-3.496855,-1.850000
-3.547170,-1.850000
-3.597484,-1.850000
-3.647799,-1.850000
-3.698113,-1.850000
-3.748428,-1.850000
-3.798742,-1.850000
-3.849057,-1.850000
-3.899371,-1.850000
-3.949686,-1.850000
-4.000000,-1.850000
-4.000000,-1.850000
-4.000000,-1.900000
-4.000000,-1.950000
-4.000000,-1.950000
-3.949686,-1.950000
-3.899371,-1.950000
-3.849057,-1.950000
-3.798742,-1.950000
-3.748428,-1.950000
-3.698113,-1.950000
-3.647799,-1.950000
-3.597484,-1.950000
-3.547170,-1.950000
-3.496855,-1.950000
-3.446541,-1.950000
-3.396226,-1.950000
-3.345912,-1.950000
-3.295598,-1.950000
-3.245283,-1.950000
-3.194968,-1.950000
-3.144654,-1.950000
-3.094340,-1.950000
-3.044025,-1.950000
-2.993711,-1.950000
-2.943396,-1.950000
-2.893082,-1.950000
-2.842767,-1.950000
-2.792453,-1.950000
-2.742138,-1.950000
-2.691824,-1.950000
-2.641510,-1.950000
-2.591195,-1.950000
-2.540880,-1.950000
-2.490566,-1.950000
-2.440252,-1.950000
-2.389937,-1.950000
-2.339623,-1.950000
-2.289308,-1.950000
-2.238994,-1.950000
-2.188679,-1.950000
-2.138365,-1.950000
-2.088050,-1.950000
-2.037736,-1.950000
-1.987421,-1.950000
-1.937107,-1.950000
-1.886792,-1.950000
-1.836478,-1.950000
-1.786164,-1.950000
-1.735849,-1.950000
-1.685535,-1.950000
-1.635220,-1.950000
-1.584906,-1.950000
-1.534591,-1.950000
-1.484277,-1.950000
-1.433962,-1.950000
-1.383648,-1.950000
-1.333333,-1.950000
-1.283019,-1.950000
-1.232704,-1.950000
-1.182390,-1.950000
-1.132075,-1.950000
-1.081761,-1.950000
-1.031447,-1.950000
-0.981132,-1.950000
-0.930818,-1.950000
-0.880503,-1.950000
-0.830189,-1.950000
-0.779874,-1.950000
-0.729560,-1.950000
-0.679245,-1.950000
-0.628931,-1.950000
-0.578616,-1.950000
-0.528302,-1.950000
-0.477987,-1.950000
-0.427673,-1.950000
-0.377358,-1.950000
-0.327044,-1.950000
-0.276730,-1.950000
-0.226415,-1.950000
-0.176101,-1.950000
-0.125786,-1.950000
-0.075472,-1.950000
-0.025157,-1.950000
0.025157,-1.950000
0.075472,-1.950000
0.125786,-1.950000
0.176101,-1.950000
0.226415,-1.950000
0.276730,-1.950000
0.327044,-1.950000
0.377358,-1.950000
0.427673,-1.950000
0.477987,-1.950000
0.528302,-1.950000
0.578616,-1.950000
0.628931,-1.950000
0.679245,-1.950000
0.729560,-1.950000
0.779874,-1.950000
0.830189,-1.950000
0.880503,-1.950000
0.930818,-1.950000
0.981132,-1.950000
1.031447,-1.950000
1.081761,-1.950000
1.132075,-1.950000
1.182390,-1.950000
1.232704,-1.950000
1.283019,-1.950000
1.333333,-1.950000
1.383648,-1.950000
1.433962,-1.950000
1.484277,-1.950000
1.534591,-1.950000
1.584906,-1.950000
1.635220,-1.950000
1.685535,-1.950000
1.735849,-1.950000
1.786164,-1.950000
1.836478,-1.950000
1.886792,-1.950000
1.937107,-1.950000
1.987421,-1.950000
2.037736,-1.950000
2.088050,-1.950000
2.138365,-1.950000
2.188679,-1.950000
2.238994,-1.950000
2.289308,-1.950000
2.339623,-1.950000
2.389937,-1.950000
2.440252,-1.950000
2.490566,-1.950000
2.540880,-1.950000
2.591195,-1.950000
2.641510,-1.950000
2.691824,-1.950000
2.742138,-1.950000
2.792453,-1.950000
2.842767,-1.950000
2.893082,-1.950000
2.943396,-1.950000
2.993711,-1.950000
3.044025,-1.950000
3.094340,-1.950000
3.144654,-1.950000
3.194968,-1.950000
3.245283,-1.950000
3.295598,-1.950000
3.345912,-1.950000
3.396226,-1.950000
3.446541,-1.950000
3.496855,-1.950000
3.547170,-1.950000
3.597484,-1.950000
3.647799,-1.950000
3.698113,-1.950000
3.748428,-1.950000
3.798742,-1.950000
3.849057,-1.950000
3.899371,-1.950000
3.949686,-1.950000
4.000000,-1.950000
4.000000,-1.950000
4.000000,-1.900000
4.000000,-1.850000
4.617075,-3.003979
4.564080,-3.009189
4.511086,-3.014399
4.458091,-3.019609
4.405097,-3.024820
4.352102,-3.030030
4.299108,-3.035240
4.246113,-3.040450
4.193119,-3.045660
4.140124,-3.050870
4.087130,-3.056081
4.034135,-3.061291
3.981141,-3.066501
3.981141,-3.066501
3.990925,-3.166021
3.990925,-3.166021
4.043920,-3.160811
4.096914,-3.155601
4.149909,-3.150391
4.202903,-3.145180
4.255898,-3.139970
4.308892,-3.134760
4.361887,-3.129550
4.414881,-3.124340
4.467875,-3.119130
4.520870,-3.113919
4.573864,-3.108709
4.626859,-3.103499
4.626859,-3.103499
4.617075,-3.003979
4.376167,-1.822063
4.320436,-1.827542
4.264705,-1.833021
4.208973,-1.838500
4.153242,-1.843979
4.097511,-1.849459
4.041780,-1.854938
3.986048,-1.860417
3.986048,-1.860417
3.995833,-1.959937
3.995833,-1.959937
4.051564,-1.954458
4.107295,-1.948979
4.163026,-1.943500
4.218758,-1.938020
4.274489,-1.932541
4.330220,-1.927062
4.385952,-1.921583
4.385952,-1.921583
4.376167,-1.822063
5.191161,-2.826268
5.140212,-2.841750
5.089262,-2.857232
5.038312,-2.872714
4.987362,-2.888196
4.936413,-2.903678
4.885463,-2.919160
4.834513,-2.934642
4.783564,-2.950124
4.732614,-2.965605
4.681664,-2.981087
4.630714,-2.996569
4.579765,-3.012051
4.579765,-3.012051
4.608839,-3.107732
4.608839,-3.107732
4.659789,-3.092250
4.710738,-3.076768
4.761688,-3.061286
4.812637,-3.045804
4.863587,-3.030322
4.914537,-3.014840
4.965487,-2.999358
5.016437,-2.983876
5.067386,-2.968395
5.118336,-2.952913
5.169286,-2.937431
5.220235,-2.921949
5.220235,-2.921949
5.191161,-2.826268
4.724996,-1.713175
4.671415,-1.729456
4.617835,-1.745738
4.564253,-1.762019
4.510673,-1.778301
4.457092,-1.794582
4.403511,-1.810863
4.349930,-1.827145
4.349930,-1.827145
4.379004,-1.922825
4.379004,-1.922825
4.432585,-1.906544
4.486166,-1.890262
4.539747,-1.873981
4.593328,-1.857699
4.646908,-1.841418
4.700490,-1.825137
4.754070,-1.808855
4.754070,-1.808855
4.724996,-1.713175
5.719180,-2.539260
5.672220,-2.564368
5.625261,-2.589476
5.578302,-2.614583
5.531343,-2.639691
5.484384,-2.664799
5.437425,-2.689907
5.390465,-2.715015
5.343506,-2.740123
5.296547,-2.765230
5.249588,-2.790338
5.202629,-2.815446
5.155670,-2.840554
5.155670,-2.840554
5.179245,-2.884647
5.202821,-2.928740
5.202821,-2.928740
5.249780,-2.903632
5.296739,-2.878524
5.343698,-2.853416
5.390657,-2.828309
5.437616,-2.803201
5.484575,-2.778093
5.531535,-2.752985
5.578494,-2.727877
5.625453,-2.702770
5.672412,-2.677662
5.719371,-2.652554
5.766330,-2.627446
5.766330,-2.627446
5.742755,-2.583353
5.719180,-2.539260
5.045269,-1.539491
4.995885,-1.565896
4.946501,-1.592300
4.897117,-1.618705
4.847733,-1.645109
4.798348,-1.671514
4.748964,-1.697918
4.699580,-1.724322
4.699580,-1.724322
4.723155,-1.768416
4.746730,-1.812509
4.746730,-1.812509
4.796115,-1.786104
4.845499,-1.759700
4.894883,-1.733295
4.944268,-1.706891
4.993652,-1.680486
5.043036,-1.654082
5.092420,-1.627678
5.092420,-1.627678
5.068845,-1.583584
5.045269,-1.539491
6.182311,-2.154709
6.141141,-2.188481
6.099970,-2.222253
6.058800,-2.256026
6.017630,-2.289798
5.976460,-2.323570
5.935289,-2.357342
5.894119,-2.391115
5.852948,-2.424887
5.811778,-2.458659
5.770607,-2.492431
5.729437,-2.526204
5.688267,-2.559976
5.688267,-2.559976
5.719978,-2.598634
5.751689,-2.637291
5.751689,-2.637291
5.792859,-2.603519
5.834030,-2.569746
5.875200,-2.535974
5.916370,-2.502202
5.957541,-2.468430
5.998711,-2.434658
6.039881,-2.400885
6.081052,-2.367113
6.122222,-2.333341
6.163393,-2.299569
6.204563,-2.265796
6.245733,-2.232024
6.245733,-2.232024
6.214022,-2.193367
6.182311,-2.154709
5.324827,-1.306035
5.281530,-1.341552
5.238234,-1.377068
5.194937,-1.412584
5.151641,-1.448101
5.108344,-1.483617
5.065048,-1.519133
5.021751,-1.554650
5.021751,-1.554650
5.085173,-1.631965
5.085173,-1.631965
5.128470,-1.596449
5.171766,-1.560932
5.215063,-1.525416
5.258359,-1.489899
5.301656,-1.454383
5.344952,-1.418867
5.388249,-1.383350
5.388249,-1.383350
5.324827,-1.306035
6.559919,-1.688233
6.526155,-1.729411
6.492392,-1.770588
6.458628,-1.811765
6.424864,-1.852942
6.391100,-1.894120
6.357336,-1.935297
6.323572,-1.976474
6.289808,-2.017651
6.256044,-2.058829
6.222281,-2.100006
6.188517,-2.141183
6.154753,-2.182360
6.154753,-2.182360
6.232081,-2.245767
6.232081,-2.245767
6.265845,-2.204589
6.299609,-2.163412
6.333373,-2.122235
6.367136,-2.081058
6.400900,-2.039880
6.434664,-1.998703
6.468428,-1.957526
6.502192,-1.916349
6.535955,-1.875171
6.569719,-1.833994
6.603483,-1.792817
6.637247,-1.751640
6.637247,-1.751640
6.559919,-1.688233
5.554612,-1.021734
5.519105,-1.065037
5.483597,-1.108341
5.448090,-1.151645
5.412582,-1.194949
5.377075,-1.238253
5.341567,-1.281556
5.306059,-1.324860
5.306059,-1.324860
5.383388,-1.388266
5.383388,-1.388266
5.418895,-1.344963
5.454403,-1.301659
5.489910,-1.258355
5.525418,-1.215051
5.560925,-1.171748
5.596433,-1.128444
5.631940,-1.085140
5.631940,-1.085140
5.554612,-1.021734
6.840491,-1.155648
6.815393,-1.202612
6.790295,-1.249577
6.765197,-1.296541
6.740098,-1.343505
6.715000,-1.390469
6.689902,-1.437434
6.664804,-1.484398
6.639706,-1.531362
6.614607,-1.578326
6.589509,-1.625291
6.564411,-1.672255
6.539313,-1.719219
6.539313,-1.719219
6.627509,-1.766352
6.627509,-1.766352
6.652606,-1.719388
6.677705,-1.672423
6.702803,-1.625459
6.727901,-1.578495
6.753000,-1.531531
6.778098,-1.484566
6.803196,-1.437602
6.828294,-1.390638
6.853393,-1.343674
6.878491,-1.296709
6.903589,-1.249745
6.928687,-1.202781
6.928687,-1.202781
6.840491,-1.155648
5.724282,-0.699570
5.697888,-0.748959
5.671494,-0.798349
5.645099,-0.847739
5.618705,-0.897128
5.592310,-0.946518
5.565916,-0.995908
5.539522,-1.045297
5.539522,-1.045297
5.627717,-1.092430
5.627717,-1.092430
5.654112,-1.043041
5.680506,-0.993651
5.706901,-0.944261
5.733295,-0.894872
5.759689,-0.845482
5.786084,-0.796092
5.812478,-0.746703
5.812478,-0.746703
5.724282,-0.699570
7.011986,-0.579756
6.996514,-0.630708
6.981043,-0.681661
6.965571,-0.732614
6.950100,-0.783567
6.934628,-0.834520
6.919157,-0.885473
6.903686,-0.936426
6.888214,-0.987378
6.872742,-1.038331
6.857271,-1.089284
6.841799,-1.140237
6.826328,-1.191190
6.826328,-1.191190
6.922014,-1.220244
6.922014,-1.220244
6.937486,-1.169292
6.952957,-1.118339
6.968429,-1.067386
6.983900,-1.016433
6.999372,-0.965480
7.014843,-0.914527
7.030314,-0.863574
7.045786,-0.812622
7.061258,-0.761669
7.076729,-0.710716
7.092201,-0.659763
7.107672,-0.608810
7.107672,-0.608810
7.011986,-0.579756
5.827104,-0.349928
5.810833,-0.403512
5.794563,-0.457096
5.778292,-0.510681
5.762022,-0.564265
5.745751,-0.617849
5.729481,-0.671433
5.713210,-0.725018
5.713210,-0.725018
5.808896,-0.754072
5.808896,-0.754072
5.825167,-0.700488
5.841437,-0.646904
5.857708,-0.593319
5.873978,-0.539735
5.890249,-0.486151
5.906519,-0.432567
5.922790,-0.378982
5.922790,-0.378982
5.827104,-0.349928
7.066435,0.018855
7.061236,-0.034140
7.056036,-0.087136
7.050837,-0.140131
7.045638,-0.193127
7.040438,-0.246122
7.035239,-0.299118
7.030040,-0.352114
7.024840,-0.405109
7.019641,-0.458105
7.014441,-0.511100
7.009242,-0.564096
7.004043,-0.617091
7.004043,-0.617091
7.103565,-0.626855
7.103565,-0.626855
7.108764,-0.573860
7.113964,-0.520864
7.119163,-0.467869
7.124362,-0.414873
7.129562,-0.361878
7.134761,-0.308882
7.139960,-0.255886
7.145160,-0.202891
7.150359,-0.149895
7.155559,-0.096900
7.160758,-0.043904
7.165957,0.009091
7.165957,0.009091
7.066435,0.018855
5.860376,0.013945
5.854908,-0.041787
5.849441,-0.097519
5.843973,-0.153252
5.838505,-0.208984
5.833037,-0.264717
5.827569,-0.320449
5.822102,-0.376181
5.822102,-0.376181
5.921624,-0.385945
5.921624,-0.385945
5.927092,-0.330213
5.932559,-0.274481
5.938027,-0.218748
5.943495,-0.163016
5.948963,-0.107283
5.954431,-0.051551
5.959898,0.004181
5.959898,0.004181
5.860376,0.013945
7.003915,0.617058
7.009136,0.564065
7.014357,0.511071
7.019578,0.458078
7.024799,0.405085
7.030020,0.352091
7.035241,0.299098
7.040462,0.246104
7.045683,0.193111
7.050904,0.140117
7.056125,0.087124
7.061346,0.034131
7.066566,-0.018863
7.066566,-0.018863
7.166085,-0.009058
7.166085,-0.009058
7.160864,0.043935
7.155643,0.096929
7.150422,0.149922
7.145201,0.202915
7.139980,0.255909
7.134759,0.308902
7.129538,0.361896
7.124317,0.414889
7.119096,0.467883
7.113875,0.520876
7.108654,0.573869
7.103434,0.626863
7.103434,0.626863
7.003915,0.617058
5.822024,0.376153
5.827515,0.320423
5.833005,0.264693
5.838496,0.208963
5.843986,0.153233
5.849477,0.097502
5.854967,0.041772
5.860458,-0.013958
5.860458,-0.013958
5.959976,-0.004153
5.959976,-0.004153
5.954485,0.051577
5.948995,0.107307
5.943504,0.163037
5.938014,0.218767
5.932523,0.274498
5.927032,0.330228
5.921542,0.385958
5.921542,0.385958
5.822024,0.376153
6.826500,1.191273
6.841942,1.140311
6.857383,1.089349
6.872824,1.038387
6.888266,0.987425
6.903707,0.936463
6.919148,0.885501
6.934590,0.834539
6.950031,0.783577
6.965472,0.732615
6.980914,0.681653
6.996355,0.630691
7.011796,0.579729
7.011796,0.579729
7.059648,0.594228
7.107500,0.608727
7.107500,0.608727
7.092058,0.659689
7.076617,0.710651
7.061176,0.761613
7.045734,0.812575
7.030293,0.863537
7.014852,0.914499
6.999410,0.965461
6.983969,1.016423
6.968528,1.067385
6.953086,1.118347
6.937645,1.169309
6.922204,1.220271
6.922204,1.220271
6.874352,1.205772
6.826500,1.191273
5.713313,0.725080
5.729551,0.671486
5.745790,0.617892
5.762029,0.564298
5.778268,0.510704
5.794507,0.457110
5.810745,0.403516
5.826984,0.349923
5.826984,0.349923
5.874835,0.364421
5.922688,0.378920
5.922688,0.378920
5.906448,0.432514
5.890210,0.486108
5.873971,0.539702
5.857732,0.593296
5.841494,0.646890
5.825255,0.700484
5.809016,0.754077
5.809016,0.754077
5.761164,0.739579
5.713313,0.725080
6.539207,1.719140
6.564325,1.672186
6.589442,1.625232
6.614560,1.578278
6.639677,1.531324
6.664794,1.484370
6.689912,1.437416
6.715029,1.390462
6.740147,1.343508
6.765264,1.296553
6.790381,1.249600
6.815498,1.202646
6.840616,1.155692
6.840616,1.155692
6.928792,1.202860
6.928792,1.202860
6.903675,1.249814
6.878558,1.296768
6.853440,1.343722
6.828323,1.390676
6.803205,1.437630
6.778088,1.484584
6.752971,1.531538
6.727854,1.578492
6.702736,1.625446
6.677619,1.672400
6.652502,1.719355
6.627384,1.766309
6.627384,1.766309
6.539207,1.719140
5.539461,1.045242
5.565876,0.995863
5.592290,0.946484
5.618704,0.897105
5.645119,0.847726
5.671534,0.798347
5.697948,0.748968
5.724362,0.699590
5.724362,0.699590
5.812539,0.746758
5.812539,0.746758
5.786125,0.796137
5.759710,0.845516
5.733295,0.894895
5.706881,0.944274
5.680467,0.993653
5.654052,1.043032
5.627637,1.092410
5.627637,1.092410
5.539461,1.045242
6.154665,2.182262
6.188446,2.141098
6.222226,2.099935
6.256007,2.058772
6.289788,2.017608
6.323568,1.976445
6.357349,1.935281
6.391129,1.894118
6.424910,1.852954
6.458691,1.811791
6.492471,1.770627
6.526252,1.729464
6.560033,1.688300
6.560033,1.688300
6.637335,1.751738
6.637335,1.751738
6.603554,1.792902
6.569774,1.834065
6.535993,1.875229
6.502213,1.916392
6.468432,1.957555
6.434651,1.998719
6.400870,2.039882
6.367090,2.081046
6.333309,2.122209
6.299529,2.163373
6.265748,2.204536
6.231967,2.245700
6.231967,2.245700
6.154665,2.182262
5.306011,1.324794
5.341536,1.281504
5.377061,1.238215
5.412586,1.194926
5.448112,1.151636
5.483636,1.108347
5.519162,1.065058
5.554687,1.021769
5.554687,1.021769
5.631989,1.085206
5.631989,1.085206
5.596464,1.128496
5.560939,1.171785
5.525414,1.215074
5.489889,1.258364
5.454363,1.301653
5.418838,1.344942
5.383313,1.388231
5.383313,1.388231
5.306011,1.324794
5.688364,2.560141
5.729515,2.526344
5.770665,2.492548
5.811815,2.458751
5.852965,2.424954
5.894116,2.391158
5.935266,2.357361
5.976417,2.323565
6.017567,2.289768
6.058717,2.255971
6.099867,2.222175
6.141018,2.188378
6.182168,2.154581
6.182168,2.154581
6.245636,2.231859
6.245636,2.231859
6.204485,2.265656
6.163335,2.299452
6.122185,2.333249
6.081035,2.367046
6.039884,2.400842
5.998734,2.434639
5.957583,2.468436
5.916433,2.502232
5.875283,2.536029
5.834133,2.569825
5.792982,2.603622
5.751832,2.637419
5.751832,2.637419
5.688364,2.560141
5.021802,1.554758
5.065077,1.519216
5.108353,1.483674
5.151628,1.448132
5.194904,1.412590
5.238179,1.377048
5.281455,1.341506
5.324730,1.305964
5.324730,1.305964
5.388198,1.383242
5.388198,1.383242
5.344923,1.418784
5.301647,1.454326
5.258372,1.489868
5.215096,1.525410
5.171821,1.560952
5.128545,1.596494
5.085270,1.632036
5.085270,1.632036
5.021802,1.554758
5.155626,2.840429
5.202596,2.815341
5.249565,2.790252
5.296535,2.765163
5.343504,2.740075
5.390473,2.714986
5.437443,2.689897
5.484412,2.664809
5.531381,2.639720
5.578351,2.614631
5.625320,2.589543
5.672289,2.564454
5.719259,2.539365
5.719259,2.539365
5.766374,2.627571
5.766374,2.627571
5.719404,2.652659
5.672435,2.677748
5.625465,2.702837
5.578496,2.727925
5.531527,2.753014
5.484558,2.778103
5.437588,2.803191
5.390619,2.828280
5.343649,2.853369
5.296680,2.878457
5.249711,2.903546
5.202741,2.928635
5.202741,2.928635
5.155626,2.840429
4.699560,1.724242
4.748955,1.697858
4.798350,1.671474
4.847745,1.645090
4.897140,1.618705
4.946535,1.592321
4.995930,1.565936
5.045325,1.539552
5.045325,1.539552
5.092440,1.627758
5.092440,1.627758
5.043045,1.654142
4.993650,1.680526
4.944255,1.706910
4.894860,1.733295
4.845465,1.759679
4.796070,1.786064
4.746675,1.812448
4.746675,1.812448
4.699560,1.724242
4.579746,3.011921
4.630702,2.996460
4.681658,2.980999
4.732615,2.965537
4.783570,2.950076
4.834527,2.934615
4.885482,2.919154
4.936439,2.903693
4.987394,2.888232
5.038351,2.872771
5.089306,2.857309
5.140263,2.841848
5.191218,2.826387
5.191218,2.826387
5.220253,2.922079
5.220253,2.922079
5.169298,2.937540
5.118341,2.953001
5.067386,2.968463
5.016429,2.983924
4.965474,2.999385
4.914517,3.014846
4.863562,3.030307
4.812605,3.045768
4.761650,3.061229
4.710693,3.076691
4.659738,3.092152
4.608781,3.107613
4.608781,3.107613
4.579746,3.011921
4.349926,1.827063
4.403513,1.810803
4.457101,1.794543
4.510689,1.778284
4.564276,1.762024
4.617864,1.745765
4.671452,1.729505
4.725039,1.713245
4.725039,1.713245
4.739556,1.761091
4.754074,1.808937
4.754074,1.808937
4.700486,1.825197
4.646899,1.841457
4.593311,1.857716
4.539724,1.873976
4.486136,1.890235
4.432549,1.906495
4.378961,1.922755
4.378961,1.922755
4.364444,1.874909
4.349926,1.827063
3.981130,3.066692
4.034122,3.061451
4.087113,3.056209
4.140104,3.050967
4.193096,3.045726
4.246087,3.040484
4.299078,3.035243
4.352070,3.030001
4.405061,3.024760
4.458053,3.019518
4.511044,3.014277
4.564035,3.009035
4.617027,3.003793
4.617027,3.003793
4.621948,3.053551
4.626870,3.103308
4.626870,3.103308
4.573879,3.108549
4.520887,3.113791
4.467896,3.119033
4.414905,3.124274
4.361913,3.129516
4.308922,3.134757
4.255930,3.139999
4.202939,3.145240
4.149948,3.150482
4.096956,3.155723
4.043965,3.160965
3.990973,3.166207
3.990973,3.166207
3.986052,3.116449
3.981130,3.066692
3.986030,1.860536
4.041758,1.855023
4.097486,1.849511
4.153214,1.843999
4.208942,1.838487
4.264670,1.832974
4.320398,1.827462
4.376126,1.821950
4.376126,1.821950
4.385970,1.921464
4.385970,1.921464
4.330242,1.926977
4.274514,1.932489
4.218786,1.938001
4.163058,1.943513
4.107329,1.949026
4.051601,1.954538
3.995873,1.960050
3.995873,1.960050
3.986030,1.860536
-4.617042,3.003851
-4.564049,3.009083
-4.511057,3.014315
-4.458065,3.019547
-4.405072,3.024778
-4.352080,3.030010
-4.299088,3.035242
-4.246095,3.040474
-4.193103,3.045705
-4.140110,3.050937
-4.087118,3.056169
-4.034126,3.061401
-3.981133,3.066632
-3.981133,3.066632
-3.986046,3.116390
-3.990958,3.166148
-3.990958,3.166148
-4.043951,3.160917
-4.096943,3.155685
-4.149935,3.150453
-4.202928,3.145221
-4.255920,3.139990
-4.308912,3.134758
-4.361905,3.129526
-4.414897,3.124295
-4.467889,3.119063
-4.520882,3.113831
-4.573874,3.108599
-4.626867,3.103368
-4.626867,3.103368
-4.621954,3.053610
-4.617042,3.003851
-4.376139,1.821985
-4.320410,1.827487
-4.264681,1.832989
-4.208952,1.838491
-4.153223,1.843993
-4.097494,1.849495
-4.041765,1.854997
-3.986036,1.860499
-3.986036,1.860499
-3.990948,1.910257
-3.995861,1.960015
-3.995861,1.960015
-4.051590,1.954513
-4.107319,1.949011
-4.163048,1.943509
-4.218777,1.938007
-4.274506,1.932505
-4.330235,1.927003
-4.385964,1.921501
-4.385964,1.921501
-4.381052,1.871743
-4.376139,1.821985
-5.191245,2.826441
-5.140286,2.841893
-5.089327,2.857344
-5.038368,2.872796
-4.987409,2.888248
-4.936450,2.903700
-4.885491,2.919151
-4.834532,2.934603
-4.783574,2.950055
-4.732615,2.965506
-4.681656,2.980958
-4.630697,2.996410
-4.579738,3.011862
-4.579738,3.011862
-4.608756,3.107559
-4.608756,3.107559
-4.659714,3.092107
-4.710673,3.076656
-4.761632,3.061204
-4.812591,3.045752
-4.863550,3.030300
-4.914509,3.014849
-4.965467,2.999397
-5.016427,2.983945
-5.067385,2.968494
-5.118344,2.953042
-5.169303,2.937590
-5.220262,2.922138
-5.220262,2.922138
-5.191245,2.826441
-4.725059,1.713277
-4.671468,1.729527
-4.617877,1.745777
-4.564287,1.762026
-4.510696,1.778276
-4.457106,1.794526
-4.403515,1.810776
-4.349925,1.827025
-4.349925,1.827025
-4.378942,1.922723
-4.378942,1.922723
-4.432532,1.906473
-4.486123,1.890223
-4.539713,1.873974
-4.593304,1.857724
-4.646894,1.841474
-4.700485,1.825225
-4.754076,1.808975
-4.754076,1.808975
-4.725059,1.713277
-5.719295,2.539413
-5.672321,2.564493
-5.625347,2.589573
-5.578373,2.614653
-5.531399,2.639733
-5.484425,2.664813
-5.437451,2.689893
-5.390477,2.714973
-5.343503,2.740053
-5.296529,2.765133
-5.249555,2.790213
-5.202580,2.815293
-5.155607,2.840373
-5.155607,2.840373
-5.202705,2.928587
-5.202705,2.928587
-5.249679,2.903507
-5.296653,2.878427
-5.343627,2.853347
-5.390601,2.828267
-5.437575,2.803187
-5.484549,2.778107
-5.531523,2.753027
-5.578497,2.727947
-5.625471,2.702867
-5.672445,2.677787
-5.719419,2.652707
-5.766393,2.627627
-5.766393,2.627627
-5.719295,2.539413
-5.045351,1.539580
-4.995951,1.565955
-4.946550,1.592330
-4.897151,1.618705
-4.847751,1.645081
-4.798351,1.671456
-4.748951,1.697831
-4.699551,1.724206
-4.699551,1.724206
-4.746650,1.812420
-4.746650,1.812420
-4.796050,1.786045
-4.845449,1.759670
-4.894849,1.733295
-4.944249,1.706919
-4.993649,1.680544
-5.043049,1.654169
-5.092449,1.627794
-5.092449,1.627794
-5.045351,1.539580
-6.182213,2.154621
-6.141056,2.188410
-6.099900,2.222199
-6.058743,2.255988
-6.017586,2.289777
-5.976430,2.323566
-5.935273,2.357355
-5.894116,2.391144
-5.852960,2.424933
-5.811803,2.458722
-5.770647,2.492511
-5.729490,2.526300
-5.688334,2.560089
-5.688334,2.560089
-5.751787,2.637379
-5.751787,2.637379
-5.792944,2.603590
-5.834100,2.569801
-5.875257,2.536012
-5.916414,2.502223
-5.957570,2.468434
-5.998727,2.434645
-6.039883,2.400856
-6.081040,2.367067
-6.122197,2.333278
-6.163353,2.299489
-6.204510,2.265700
-6.245667,2.231911
-6.245667,2.231911
-6.182213,2.154621
-5.324760,1.305986
-5.281478,1.341520
-5.238196,1.377054
-5.194914,1.412588
-5.151632,1.448122
-5.108350,1.483656
-5.065068,1.519190
-5.021786,1.554724
-5.021786,1.554724
-5.085239,1.632014
-5.085239,1.632014
-5.128521,1.596480
-5.171803,1.560946
-5.215086,1.525412
-5.258368,1.489878
-5.301650,1.454344
-5.344932,1.418810
-5.388214,1.383276
-5.388214,1.383276
-5.324760,1.305986
-6.560084,1.688331
-6.526296,1.729488
-6.492508,1.770645
-6.458720,1.811802
-6.424931,1.852960
-6.391143,1.894117
-6.357355,1.935274
-6.323566,1.976431
-6.289778,2.017588
-6.255990,2.058746
-6.222202,2.099903
-6.188414,2.141060
-6.154625,2.182217
-6.154625,2.182217
-6.231916,2.245669
-6.231916,2.245669
-6.265704,2.204512
-6.299492,2.163355
-6.333281,2.122198
-6.367069,2.081040
-6.400857,2.039883
-6.434645,1.998726
-6.468433,1.957569
-6.502222,1.916412
-6.536010,1.875254
-6.569798,1.834097
-6.603587,1.792940
-6.637375,1.751783
-6.637375,1.751783
-6.560084,1.688331
-5.554721,1.021784
-5.519188,1.065067
-5.483654,1.108350
-5.448122,1.151633
-5.412588,1.194915
-5.377055,1.238198
-5.341522,1.281481
-5.305989,1.324763
-5.305989,1.324763
-5.383279,1.388216
-5.383279,1.388216
-5.418812,1.344933
-5.454346,1.301650
-5.489879,1.258367
-5.525412,1.215085
-5.560945,1.171802
-5.596478,1.128519
-5.632011,1.085237
-5.632011,1.085237
-5.554721,1.021784
-6.840367,1.155605
-6.815288,1.202579
-6.790209,1.249554
-6.765130,1.296528
-6.740051,1.343503
-6.714972,1.390477
-6.689892,1.437452
-6.664814,1.484426
-6.639734,1.531400
-6.614655,1.578375
-6.589576,1.625349
-6.564497,1.672324
-6.539418,1.719298
-6.539418,1.719298
-6.583525,1.742847
-6.627633,1.766395
-6.627633,1.766395
-6.652712,1.719421
-6.677791,1.672446
-6.702870,1.625472
-6.727949,1.578497
-6.753028,1.531523
-6.778108,1.484548
-6.803186,1.437574
-6.828266,1.390599
-6.853345,1.343625
-6.878424,1.296651
-6.903503,1.249676
-6.928582,1.202702
-6.928582,1.202702
-6.884475,1.179153
-6.840367,1.155605
-5.724203,0.699550
-5.697828,0.748951
-5.671454,0.798351
-5.645080,0.847751
-5.618705,0.897152
-5.592331,0.946552
-5.565957,0.995952
-5.539583,1.045353
-5.539583,1.045353
-5.583690,1.068901
-5.627798,1.092450
-5.627798,1.092450
-5.654172,1.043049
-5.680546,0.993649
-5.706920,0.944249
-5.733294,0.894848
-5.759669,0.845448
-5.786043,0.796048
-5.812418,0.746647
-5.812418,0.746647
-5.768310,0.723099
-5.724203,0.699550
-7.011856,0.579737
-6.996405,0.630696
-6.980954,0.681656
-6.965503,0.732615
-6.950053,0.783574
-6.934602,0.834533
-6.919151,0.885492
-6.903700,0.936451
-6.888249,0.987411
-6.872799,1.038370
-6.857348,1.089329
-6.841897,1.140288
-6.826447,1.191247
-6.826447,1.191247
-6.874295,1.205755
-6.922144,1.220263
-6.922144,1.220263
-6.937595,1.169304
-6.953046,1.118344
-6.968497,1.067385
-6.983947,1.016426
-6.999398,0.965467
-7.014849,0.914508
-7.030300,0.863549
-7.045751,0.812589
-7.061201,0.761630
-7.076652,0.710671
-7.092103,0.659712
-7.107553,0.608753
-7.107553,0.608753
-7.059705,0.594245
-7.011856,0.579737
-5.827022,0.349924
-5.810773,0.403515
-5.794524,0.457106
-5.778275,0.510697
-5.762027,0.564288
-5.745778,0.617879
-5.729529,0.671469
-5.713281,0.725060
-5.713281,0.725060
-5.761129,0.739568
-5.808979,0.754076
-5.808979,0.754076
-5.825227,0.700485
-5.841476,0.646894
-5.857725,0.593303
-5.873973,0.539712
-5.890222,0.486121
-5.906471,0.432531
-5.922719,0.378940
-5.922719,0.378940
-5.874870,0.364432
-5.827022,0.349924
-7.066627,-0.018866
-7.061396,0.034126
-7.056165,0.087119
-7.050934,0.140111
-7.045703,0.193104
-7.040473,0.246096
-7.035242,0.299088
-7.030011,0.352081
-7.024780,0.405073
-7.019549,0.458066
-7.014319,0.511058
-7.009088,0.564051
-7.003857,0.617043
-7.003857,0.617043
-7.103374,0.626866
-7.103374,0.626866
-7.108604,0.573874
-7.113835,0.520881
-7.119066,0.467889
-7.124297,0.414896
-7.129528,0.361904
-7.134758,0.308912
-7.139989,0.255919
-7.145220,0.202927
-7.150451,0.149934
-7.155681,0.096942
-7.160912,0.043949
-7.166143,-0.009043
-7.166143,-0.009043
-7.066627,-0.018866
-5.860495,-0.013964
-5.854994,0.041766
-5.849493,0.097495
-5.843992,0.153224
-5.838491,0.208953
-5.832991,0.264682
-5.827489,0.320411
-5.821989,0.376141
-5.821989,0.376141
-5.921505,0.385964
-5.921505,0.385964
-5.927006,0.330234
-5.932507,0.274505
-5.938008,0.218776
-5.943509,0.163047
-5.949009,0.107318
-5.954510,0.051589
-5.960011,-0.004141
-5.960011,-0.004141
-5.860495,-0.013964
-7.003788,-0.617025
-7.009030,-0.564034
-7.014273,-0.511043
-7.019516,-0.458051
-7.024758,-0.405060
-7.030000,-0.352069
-7.035243,-0.299077
-7.040485,-0.246086
-7.045728,-0.193095
-7.050971,-0.140104
-7.056213,-0.087112
-7.061456,-0.034121
-7.066698,0.018870
-7.066698,0.018870
-7.166212,0.009025
-7.166212,0.009025
-7.160970,-0.043966
-7.155727,-0.096957
-7.150485,-0.149949
-7.145242,-0.202940
-7.139999,-0.255931
-7.134757,-0.308923
-7.129515,-0.361914
-7.124272,-0.414905
-7.119030,-0.467896
-7.113787,-0.520888
-7.108544,-0.573879
-7.103302,-0.626870
-7.103302,-0.626870
-7.003788,-0.617025
-5.821947,-0.376125
-5.827460,-0.320397
-5.832973,-0.264669
-5.838486,-0.208941
-5.843999,-0.153213
-5.849513,-0.097486
-5.855026,-0.041758
-5.860539,0.013970
-5.860539,0.013970
-5.960053,0.004125
-5.960053,0.004125
-5.954540,-0.051603
-5.949027,-0.107331
-5.943514,-0.163059
-5.938001,-0.218787
-5.932487,-0.274514
-5.926974,-0.330242
-5.921461,-0.385970
-5.921461,-0.385970
-5.821947,-0.376125
-6.826382,-1.191216
-6.841844,-1.140260
-6.857306,-1.089305
-6.872768,-1.038349
-6.888230,-0.987393
-6.903692,-0.936437
-6.919154,-0.885482
-6.934616,-0.834526
-6.950078,-0.783570
-6.965540,-0.732614
-6.981002,-0.681659
-6.996465,-0.630703
-7.011927,-0.579747
-7.011927,-0.579747
-7.059772,-0.594266
-7.107618,-0.608784
-7.107618,-0.608784
-7.092156,-0.659740
-7.076694,-0.710695
-7.061232,-0.761651
-7.045770,-0.812607
-7.030308,-0.863563
-7.014846,-0.914518
-6.999383,-0.965474
-6.983922,-1.016430
-6.968460,-1.067386
-6.952998,-1.118341
-6.937535,-1.169297
-6.922073,-1.220253
-6.922073,-1.220253
-6.874228,-1.205734
-6.826382,-1.191216
-5.713242,-0.725037
-5.729503,-0.671450
-5.745763,-0.617862
-5.762024,-0.564275
-5.778285,-0.510688
-5.794545,-0.457101
-5.810806,-0.403513
-5.827066,-0.349926
-5.827066,-0.349926
-5.874912,-0.364445
-5.922758,-0.378963
-5.922758,-0.378963
-5.906497,-0.432550
-5.890237,-0.486138
-5.873976,-0.539725
-5.857716,-0.593312
-5.841455,-0.646899
-5.825194,-0.700486
-5.808934,-0.754074
-5.808934,-0.754074
-5.761088,-0.739555
-5.713242,-0.725037
-6.539361,-1.719255
-6.564450,-1.672286
-6.589540,-1.625317
-6.614629,-1.578349
-6.639719,-1.531380
-6.664808,-1.484411
-6.689898,-1.437442
-6.714987,-1.390473
-6.740077,-1.343504
-6.765166,-1.296535
-6.790256,-1.249566
-6.815345,-1.202597
-6.840435,-1.155628
-6.840435,-1.155628
-6.884537,-1.179187
-6.928639,-1.202745
-6.928639,-1.202745
-6.903550,-1.249714
-6.878460,-1.296683
-6.853371,-1.343652
-6.828281,-1.390620
-6.803192,-1.437589
-6.778102,-1.484558
-6.753013,-1.531527
-6.727923,-1.578496
-6.702834,-1.625465
-6.677744,-1.672434
-6.652655,-1.719403
-6.627565,-1.766372
-6.627565,-1.766372
-6.583463,-1.742813
-6.539361,-1.719255
-5.539549,-1.045323
-5.565935,-0.995928
-5.592320,-0.946534
-5.618705,-0.897139
-5.645091,-0.847744
-5.671475,-0.798350
-5.697861,-0.748955
-5.724246,-0.699561
-5.724246,-0.699561
-5.768348,-0.723119
-5.812450,-0.746677
-5.812450,-0.746677
-5.786066,-0.796072
-5.759680,-0.845466
-5.733295,-0.894861
-5.706910,-0.944256
-5.680524,-0.993650
-5.654139,-1.043045
-5.627754,-1.092439
-5.627754,-1.092439
-5.583652,-1.068881
-5.539549,-1.045323
-6.154577,-2.182164
-6.188375,-2.141014
-6.222172,-2.099864
-6.255970,-2.058714
-6.289767,-2.017565
-6.323565,-1.976415
-6.357362,-1.935265
-6.391159,-1.894116
-6.424957,-1.852966
-6.458754,-1.811816
-6.492551,-1.770666
-6.526349,-1.729517
-6.560146,-1.688367
-6.560146,-1.688367
-6.598784,-1.720102
-6.637423,-1.751836
-6.637423,-1.751836
-6.603625,-1.792986
-6.569828,-1.834136
-6.536030,-1.875286
-6.502233,-1.916435
-6.468436,-1.957585
-6.434638,-1.998735
-6.400841,-2.039884
-6.367043,-2.081034
-6.333246,-2.122184
-6.299448,-2.163333
-6.265651,-2.204483
-6.231854,-2.245633
-6.231854,-2.245633
-6.193216,-2.213898
-6.154577,-2.182164
-5.305962,-1.324727
-5.341505,-1.281452
-5.377048,-1.238178
-5.412591,-1.194903
-5.448133,-1.151628
-5.483676,-1.108353
-5.519219,-1.065078
-5.554761,-1.021803
-5.554761,-1.021803
-5.593400,-1.053538
-5.632038,-1.085273
-5.632038,-1.085273
-5.596495,-1.128548
-5.560953,-1.171822
-5.525410,-1.215097
-5.489867,-1.258372
-5.454324,-1.301647
-5.418781,-1.344922
-5.383238,-1.388196
-5.383238,-1.388196
-5.344600,-1.356462
-5.305962,-1.324727
-5.688297,-2.560028
-5.729461,-2.526248
-5.770626,-2.492468
-5.811790,-2.458688
-5.852953,-2.424908
-5.894118,-2.391128
-5.935282,-2.357348
-5.976446,-2.323568
-6.017610,-2.289788
-6.058774,-2.256009
-6.099938,-2.222229
-6.141102,-2.188449
-6.182266,-2.154669
-6.182266,-2.154669
-6.245703,-2.231972
-6.245703,-2.231972
-6.204539,-2.265752
-6.163374,-2.299532
-6.122211,-2.333312
-6.081047,-2.367092
-6.039882,-2.400872
-5.998718,-2.434652
-5.957554,-2.468432
-5.916390,-2.502212
-5.875226,-2.535991
-5.834062,-2.569771
-5.792898,-2.603551
-5.751734,-2.637331
-5.751734,-2.637331
-5.688297,-2.560028
-5.021767,-1.554684
-5.065057,-1.519159
-5.108347,-1.483635
-5.151637,-1.448110
-5.194927,-1.412586
-5.238217,-1.377062
-5.281507,-1.341537
-5.324797,-1.306013
-5.324797,-1.306013
-5.388233,-1.383316
-5.388233,-1.383316
-5.344943,-1.418841
-5.301653,-1.454365
-5.258363,-1.489890
-5.215073,-1.525414
-5.171783,-1.560938
-5.128493,-1.596463
-5.085203,-1.631987
-5.085203,-1.631987
-5.021767,-1.554684
-5.155690,-2.840610
-5.202644,-2.815494
-5.249599,-2.790377
-5.296553,-2.765261
-5.343507,-2.740144
-5.390462,-2.715028
-5.437417,-2.689911
-5.484371,-2.664795
-5.531325,-2.639678
-5.578280,-2.614562
-5.625235,-2.589445
-5.672189,-2.564329
-5.719143,-2.539212
-5.719143,-2.539212
-5.742727,-2.583301
-5.766311,-2.627390
-5.766311,-2.627390
-5.719356,-2.652506
-5.672401,-2.677623
-5.625447,-2.702739
-5.578493,-2.727856
-5.531538,-2.752972
-5.484583,-2.778089
-5.437629,-2.803205
-5.390675,-2.828322
-5.343720,-2.853438
-5.296766,-2.878555
-5.249811,-2.903671
-5.202857,-2.928788
-5.202857,-2.928788
-5.179273,-2.884699
-5.155690,-2.840610
-4.699589,-1.724359
-4.748968,-1.697945
-4.798347,-1.671532
-4.847727,-1.645118
-4.897106,-1.618704
-4.946486,-1.592291
-4.995865,-1.565877
-5.045244,-1.539464
-5.045244,-1.539464
-5.092412,-1.627641
-5.092412,-1.627641
-5.043032,-1.654055
-4.993653,-1.680468
-4.944273,-1.706882
-4.894894,-1.733296
-4.845514,-1.759709
-4.796135,-1.786123
-4.746756,-1.812536
-4.746756,-1.812536
-4.699589,-1.724359
-4.579728,-3.011790
-4.630691,-2.996350
-4.681653,-2.980910
-4.732615,-2.965469
-4.783577,-2.950029
-4.834540,-2.934588
-4.885502,-2.919148
-4.936464,-2.903708
-4.987427,-2.888267
-5.038389,-2.872827
-5.089351,-2.857387
-5.140314,-2.841946
-5.191276,-2.826506
-5.191276,-2.826506
-5.220272,-2.922210
-5.220272,-2.922210
-5.169310,-2.937650
-5.118347,-2.953090
-5.067385,-2.968531
-5.016423,-2.983971
-4.965460,-2.999412
-4.914498,-3.014852
-4.863536,-3.030292
-4.812573,-3.045733
-4.761611,-3.061173
-4.710649,-3.076613
-4.659687,-3.092054
-4.608724,-3.107494
-4.608724,-3.107494
-4.579728,-3.011790
-4.349922,-1.826980
-4.403517,-1.810742
-4.457111,-1.794505
-4.510705,-1.778267
-4.564299,-1.762029
-4.617893,-1.745791
-4.671487,-1.729554
-4.725081,-1.713316
-4.725081,-1.713316
-4.739580,-1.761168
-4.754077,-1.809020
-4.754077,-1.809020
-4.700483,-1.825258
-4.646889,-1.841495
-4.593295,-1.857733
-4.539701,-1.873971
-4.486107,-1.890209
-4.432513,-1.906446
-4.378919,-1.922684
-4.378919,-1.922684
-4.364420,-1.874832
-4.349922,-1.826980
-3.981138,-3.066561
-4.034131,-3.061341
-4.087124,-3.056121
-4.140118,-3.050901
-4.193111,-3.045681
-4.246105,-3.040461
-4.299098,-3.035241
-4.352092,-3.030021
-4.405086,-3.024801
-4.458079,-3.019581
-4.511073,-3.014361
-4.564066,-3.009141
-4.617060,-3.003921
-4.617060,-3.003921
-4.626863,-3.103439
-4.626863,-3.103439
-4.573869,-3.108659
-4.520875,-3.113879
-4.467882,-3.119099
-4.414888,-3.124319
-4.361895,-3.129539
-4.308901,-3.134759
-4.255908,-3.139979
-4.202914,-3.145199
-4.149921,-3.150419
-4.096927,-3.155639
-4.043934,-3.160859
-3.990940,-3.166079
-3.990940,-3.166079
-3.981138,-3.066561
-3.986042,-1.860454
-4.041773,-1.854965
-4.097503,-1.849475
-4.153234,-1.843986
-4.208964,-1.838496
-4.264694,-1.833007
-4.320425,-1.827517
-4.376154,-1.822027
-4.376154,-1.822027
-4.381056,-1.871787
-4.385957,-1.921546
-4.385957,-1.921546
-4.330227,-1.927035
-4.274497,-1.932525
-4.218767,-1.938014
-4.163036,-1.943504
-4.107306,-1.948994
-4.051576,-1.954483
-3.995845,-1.959973
-3.995845,-1.959973
-3.990944,-1.910213
-3.986042,-1.860454
