stamp_sec,stamp_nanosec,x_m,y_m,yaw_rad,vx_mps,vy_mps,yaw_rate_rps,planner_state,tracker_state,path_age_s,path_deviation_m,fusion_confidence,desired_speed_pct,applied_speed_pct,desired_steering_deg,applied_steering_deg,bridge_state
1775181332,81736830,-0.13274380011550485,-0.10343185939539291,0.11410545904186861,0.0,0.0,0.0,tracking,tracking,0.0,0.006672690683216727,high,0.0,0.0,0.0,0.0,tracking
1775181332,158779269,-0.11667995005887678,-0.10001805926877491,0.09154704463191338,0.0,0.0,0.0,tracking,tracking,0.0,0.006672690683216727,high,0.0,0.0,0.0,0.0,tracking
1775181332,235473502,-0.11748723226191367,-0.10103223215719556,0.09637975315491748,0.0,0.0,0.0,tracking,tracking,0.0,0.006672690683216727,high,0.0,0.0,0.0,0.0,tracking
1775181332,288628682,-0.11691389805724302,-0.10092141502038632,0.11257849107521557,0.0,0.0,0.0,tracking,tracking,0.0,0.006672690683216727,high,0.0,0.0,0.0,0.0,tracking
1775181332,366122848,-0.1295389919462106,-0.10348859255169063,0.11352259951962898,0.0,0.0,0.0,tracking,tracking,0.0,0.006672690683216727,high,15.704197011735598,0.0,19.361491092223638,1.1192189449968737,tracking
1775181332,441594199,-0.1149902126041608,-0.1019202873022974,0.09514349052360505,0.0,0.0,0.0,tracking,tracking,0.0,0.006672690683216727,high,15.704197011735598,1.092504640276946,19.361491092223638,2.2025522783302067,tracking
1775181332,517566554,-0.1121173843592059,-0.10193932813606486,0.10993351371810595,0.0,0.0,0.0,tracking,tracking,0.0,0.006672690683216727,high,15.72703390526437,1.092504640276946,19.1590135843072,3.2858856116635398,tracking
1775181332,594718032,-0.09927246136556862,-0.09928163396181475,0.10425087316871542,0.0,0.0,0.0,tracking,tracking,0.0,0.0019858514041377192,high,15.830256943562297,8.710763082623885,20.13595030122438,20.13595030122438,tracking
1775181332,671156669,-0.11553994315179959,-0.10281045604528122,0.11694303934000015,0.0,0.0,0.0,tracking,tracking,0.0,0.0019858514041377192,high,15.830256943562297,9.227409451420732,20.13595030122438,20.13595030122438,tracking
1775181332,748169757,-0.12830255837730772,-0.10286191619406548,0.10248757765983843,0.0,0.0,0.0,tracking,tracking,0.0,0.0019858514041377192,high,15.851227565357421,9.227409451420732,20.127815486111903,20.127815486111903,tracking
1775181332,824574264,-0.12890074024393022,-0.10379394258288785,0.11466962335600894,0.0,0.0,0.0,tracking,tracking,0.0,0.0019858514041377192,high,15.851227565357421,9.708626011119614,20.127815486111903,20.127815486111903,tracking
1775181332,877699981,-0.12939669428185085,-0.10248243811842098,0.10442120116577165,0.0,0.0,0.0,tracking,tracking,0.0,0.0019858514041377192,high,15.777986944955652,9.708626011119614,21.21821825342949,21.211148819445235,tracking
1775181332,953852264,-0.11548869569478544,-0.10205351289211899,0.10366119170457266,0.0,0.0,0.0,tracking,tracking,0.0,0.0019858514041377192,high,15.777986944955652,10.150360520110956,21.21821825342949,21.21821825342949,tracking
1775181333,30155837,-0.10677941385809954,-0.10113231145706782,0.1140408944458491,0.0,0.0,0.0,tracking,tracking,0.0,0.012278460193608178,high,15.933149347741981,13.20275930464504,21.940080611077565,21.940080611077565,tracking
1775181333,106191885,-0.10487474853857806,-0.10071520887707815,0.11421039460507604,0.0,0.0,0.0,tracking,tracking,0.0,0.015045775373557082,high,16.083349499275233,13.592419471184979,20.64401402732338,20.64401402732338,tracking
1775181333,183312017,-0.10943554689971721,-0.10163310541236184,0.11611933850107282,0.0,0.0,0.0,tracking,tracking,0.0,0.014377563366705612,high,16.129050163331804,13.943907847767951,20.73141510758254,20.73141510758254,tracking
1775181333,259991720,-0.12846052303635833,-0.10239846968585051,0.11274100652226375,0.0,0.0,0.0,tracking,tracking,0.0,0.007458463904278262,high,16.205856808110518,14.394585861440218,20.324916168099875,20.324916168099875,tracking
1775181333,336191585,-0.13146588316598223,-0.10190532611134125,0.10512306516386928,0.0,0.0,0.0,tracking,tracking,0.0,0.01462669414363134,high,16.33670766086325,14.646401967950906,19.63071395347509,19.63071395347509,tracking
1775181333,391338968,-0.12422286527352078,-0.10076659089477598,0.10480378587436363,0.0,0.0,0.0,tracking,tracking,0.0,0.01715326851001911,high,16.373863458849893,14.884779220408433,19.405956178101658,19.405956178101658,tracking
1775181333,466187320,-0.11469069217187984,-0.10335171721875389,0.0955813557514756,0.0,0.0,0.0,tracking,tracking,0.0,0.01939406052533119,high,16.119387543836055,15.003933333966163,22.053106259192482,20.415848360065336,tracking
1775181333,541886680,-0.11466166384471298,-0.10029288806036271,0.11135958232065857,0.0,0.0,0.0,tracking,tracking,0.0,0.015776267977034963,high,16.31030950514063,15.253023489096975,21.013022948228,21.013022948228,tracking
1775181333,618325843,-0.11466509792686012,-0.10172327266711884,0.11172906748027628,0.0,0.0,0.0,tracking,tracking,0.0,0.015039154015507202,high,16.478303822221473,15.411877261435752,19.825278656743027,19.825278656743027,tracking
1775181333,696370651,-0.1307937030132289,-0.10102953083295733,0.10516934124026282,0.0,0.0,0.0,tracking,tracking,0.0,0.018156097353331,high,16.28428085604854,15.599126425367999,22.00485801171244,22.00485801171244,tracking
1775181333,772774721,-0.1360632302356354,-0.10215986845267079,0.09674876858811529,0.0,0.0,0.0,tracking,tracking,0.0,0.004147324902518743,high,16.532408413341578,15.72805040298192,20.151743045145846,20.151743045145846,tracking
1775181333,848871178,-0.13137459331880513,-0.10241158618522148,0.10832121695896652,0.0,0.0,0.0,tracking,tracking,0.0,0.019429875260870876,high,16.675561679144252,15.838011306270246,19.155990049484192,19.155990049484192,tracking
1775181333,924073014,-0.12477219866854801,-0.09815547500881038,0.11142015138936937,0.0,0.0,0.0,tracking,tracking,0.0,0.014556244002339047,high,16.66098575686232,16.00593176093923,19.135031577419088,19.135031577419088,tracking
1775181333,978737208,-0.12286182491984693,-0.1021981588662277,0.10418315920818075,0.0,0.0,0.0,tracking,tracking,0.0,0.0084079637951278,high,16.708416963738358,16.102296835579867,18.7364487141169,18.7364487141169,tracking
1775181334,54571994,-0.1208887636515912,-0.10005671603110687,0.10975219519046614,0.0,0.0,0.0,tracking,tracking,0.0,0.010853138080986,high,16.56774788989873,16.242756245521555,19.74834504566867,19.74834504566867,tracking
1775181334,130651326,-0.11607408411395198,-0.09544069045920354,0.12364732595198805,0.0,0.0,0.0,tracking,tracking,0.0,0.008979763619600088,high,16.622898133313903,16.316538562258692,19.35918301786346,19.35918301786346,tracking
1775181334,207544389,-0.11220992103441675,-0.09880035971396502,0.11140447122735157,0.0,0.0,0.0,tracking,tracking,0.0,0.005802449960687928,high,16.75611393704868,16.42461646045629,18.262356502194073,18.262356502194073,tracking
1775181334,284077448,-0.10584722449277449,-0.09664963905598804,0.12038380153791546,0.0,0.0,0.0,tracking,tracking,0.0,0.0058180264028381695,high,16.55605016298452,16.464491502659097,19.712315222271954,19.712315222271954,tracking
1775181334,361193069,-0.10659751073520252,-0.09720134907585377,0.12470950840350702,0.0,0.0,0.0,tracking,tracking,0.0,0.01127123069517598,high,16.566084777143153,16.49082582689501,19.775359754696684,19.775359754696684,tracking
1775181334,436297355,-0.12565770332903262,-0.09766627338680868,0.11044449089761933,0.0,0.0,0.0,tracking,tracking,0.0,0.01858552359777916,high,16.759102909705017,16.52017585849285,18.397285042134662,18.397285042134662,tracking
1775181334,513163806,-0.11954231862956065,-0.09459917360369978,0.13182388450487,0.0,0.0,0.0,tracking,tracking,0.0,0.005483036359004027,high,16.571661243899356,16.557399996064873,19.669960241415712,19.669960241415712,tracking
1775181334,568338875,-0.10620613631343993,-0.09171700232978519,0.1233183778205491,0.0,0.0,0.0,tracking,tracking,0.0,0.011015554357905648,high,16.668903744666927,16.565483671437754,18.96829497804009,18.96829497804009,tracking
1775181334,643295474,-0.10509961665157722,-0.09040616299588752,0.13915240526245556,0.0,0.0,0.0,tracking,tracking,0.0,0.008067311923646112,high,16.796072435642277,16.610313739742907,17.879378725277235,17.879378725277235,tracking
1775181334,719808774,-0.10237595465678506,-0.08661185218057471,0.14828412001384536,0.0,0.0,0.0,tracking,tracking,0.0,0.0073144382845907645,high,16.905815745419858,16.681168446873713,16.90178375052084,16.90178375052084,tracking
1775181334,796324537,-0.1004440784496828,-0.08471853863460967,0.15132238911388757,0.0,0.0,0.0,tracking,tracking,0.0,0.011242658654002745,high,17.241320406251287,16.713972296724933,14.755129669132803,15.691371861191778,tracking
1775181334,872167478,-0.10037974838019623,-0.08268807084744294,0.1546307801403463,0.0,0.0,0.0,tracking,tracking,0.0,0.008908303204536488,high,17.311734341792697,16.865583311966123,13.81236628983169,13.81236628983169,tracking
1775181334,949067078,-0.09270279843622498,-0.07860891419721813,0.15175714944652577,0.0,0.0,0.0,tracking,tracking,0.0,0.008510107004464506,high,17.429294992675402,16.999134804938258,12.612752804781463,12.612752804781463,tracking
1775181335,26113187,-0.09420423540871184,-0.07892819421451501,0.1570927948733889,0.0,0.0,0.0,tracking,tracking,0.0,0.014455676271388334,high,17.526623999648326,17.100195776423234,11.803019808441013,11.803019808441013,tracking
1775181335,80495061,-0.09327289686966543,-0.07065436364419711,0.16515570683696618,0.0,0.0,0.0,tracking,tracking,0.0,0.015717234482715878,high,17.578733134755915,17.194582343839457,11.249940533171632,11.249940533171632,tracking
1775181335,154763788,-0.07011352831862586,-0.06489797576385309,0.1985158656968135,0.0,0.0,0.0,tracking,tracking,0.0,0.007733526679802034,high,18.13153756585242,17.407355969660273,8.881120807725384,8.881120807725384,tracking
1775181335,232425401,-0.07119377303597844,-0.060216937535244,0.21134485080848633,0.0,0.0,0.0,tracking,tracking,0.0,0.013367665360957872,high,19.111202653626606,17.691311761456348,5.55202199602135,5.55202199602135,tracking
1775181335,308187921,-0.07155142558236974,-0.0551226144594845,0.2120866698802567,0.0,0.0,0.0,tracking,tracking,0.0,0.013290569907766923,high,19.97992311425226,18.10137040816178,0.0,2.3004725043593224,tracking
1775181335,384384242,-0.04523566401087112,-0.04650155709717669,0.25185689850324705,0.0,0.0,0.0,tracking,tracking,0.0,0.013751465435871416,high,19.107017963255,18.377474739691817,-2.221593922547104,-2.221593922547104,tracking
1775181335,461301403,-0.042921962378635964,-0.040823820749829334,0.2506370940643577,0.0,0.0,0.0,tracking,tracking,0.0,0.016573814250209387,high,18.143354484500094,18.455472710269042,-3.5948866212976713,-3.5948866212976713,tracking
1775181335,537549372,-0.0509418584585552,-0.03705236987667118,0.22518004238800676,0.0,0.0,0.0,tracking,tracking,0.0,0.020956862190497704,high,17.690219756902238,18.359285300416126,-5.6204302074909815,-5.6204302074909815,tracking
1775181335,614116863,-0.03736688218963623,-0.028198492632948102,0.24466076658297506,0.0,0.0,0.0,tracking,tracking,0.0,0.019455732560560123,high,17.53479990330292,18.074293030514234,-8.50093318388959,-8.50093318388959,tracking
1775181335,667305059,-0.032256250455904266,-0.027337246283922756,0.24412375481022644,0.0,0.0,0.0,tracking,tracking,0.0,0.02785250570696528,high,16.96323663712006,17.956872402674293,-11.117703959438362,-10.667599850556257,tracking
1775181335,743989495,-0.010457004538631392,-0.026527914966199495,0.21650763185824892,0.0,0.0,0.0,tracking,tracking,0.0,0.02768315283442987,high,16.70277938622018,17.81646188485351,-14.035460028637008,-13.022645184613808,tracking
1775181335,821037973,0.012156837976581592,-0.02069453283582602,0.22069067301353612,0.0,0.0,0.0,tracking,tracking,0.0,0.022260845362363967,high,16.942080165550266,17.618905463649142,-13.889554628029783,-13.889554628029783,tracking
1775181335,897648742,0.03423761825038915,-0.017916184581308184,0.19716851080870865,0.0,0.0,0.0,tracking,tracking,0.0,0.028263126392689127,high,16.64274075196074,17.379962030000907,-16.626009000772218,-16.626009000772218,tracking
1775181335,973388558,0.05379498276222499,-0.012274122739151044,0.17574336800657142,0.0,0.0,0.0,tracking,tracking,0.0,0.022834791673542146,high,16.615605419842296,17.182404015932335,-17.96918208113728,-17.96918208113728,tracking
1775181336,50443754,0.0903789986080684,-0.010263477535863708,0.17357622471075218,0.0,0.0,0.0,tracking,tracking,0.0,0.021866344367751582,high,16.638444464336132,17.03910201606851,-18.263955056884647,-18.263955056884647,tracking
1775181336,127132992,0.11627953265240734,-0.004823222462700505,0.15185492913503798,0.0,0.0,0.0,tracking,tracking,0.0,0.021866344367751582,high,16.638444464336132,17.00977070038514,-18.42611441885848,-18.42611441885848,tracking
1775181336,203978454,0.1516866427740001,-0.003439636968509449,0.14369741378055859,0.0,0.0,0.0,tracking,tracking,0.0,0.036333595159773,high,16.168447365352552,16.749655519676946,-23.834253940999012,-23.834253940999012,tracking
1775181336,255951467,0.1775949165155806,-0.0010443957475057275,0.11697875266041241,0.0,0.0,0.0,tracking,tracking,0.0,0.03741598913325431,high,16.20475510390646,16.66732568356777,-23.787308991968164,-23.787308991968164,tracking
1775181336,332629020,0.20646649241538573,0.0029639858923344864,0.10089717220517905,0.0,0.0,0.0,tracking,tracking,0.0,0.04664260635694336,high,16.187844409655145,16.59938821875807,-24.548314293591645,-24.548314293591645,tracking
1775181336,409320091,0.2344478152668488,0.0028158360152885226,0.09539363184476064,0.0,0.0,0.0,tracking,tracking,0.0,0.05298342931919444,high,16.252862953558335,16.48365026249277,-24.18142422022086,-24.18142422022086,tracking
1775181336,485570139,0.274101128391688,0.004998009649030868,0.09120630158632308,0.0,0.0,0.0,tracking,tracking,0.0,0.05678891260406615,high,16.337978606305477,16.44998746961062,-23.380939503305516,-23.380939503305516,tracking
1775181336,562042504,0.30377252356267487,0.002241764407232963,0.07218865623996173,0.0,0.0,0.0,tracking,tracking,0.0,0.05972023876846942,high,16.575295955995283,16.46845055794258,-20.943495844497463,-20.943495844497463,tracking
1775181336,639375082,0.3343412727138321,0.0019728313243660422,0.06716201202447299,0.0,0.0,0.0,tracking,tracking,0.0,0.0663769225851614,high,16.75915168874381,16.502740442967784,-19.179057273421886,-19.179057273421886,tracking
1775181336,716196988,0.36379437340816073,-0.0049200648243644535,0.04562659084718088,0.0,0.0,0.0,tracking,tracking,0.0,0.06515184274321585,high,16.8005026375455,16.557139397239386,-18.258119261773373,-18.258119261773373,tracking
1775181336,791451951,0.39108000643137664,-0.006637520472931924,0.03020068316576401,0.0,0.0,0.0,tracking,tracking,0.0,0.060529744752615085,high,16.563430296685716,16.68398092986277,-19.139005468507285,-16.85357813419218,tracking
1775181336,846522905,0.41836089732878917,-0.006271555928558173,0.03678674686553601,0.0,0.0,0.0,tracking,tracking,0.0,0.06323749260544417,high,16.43719443617774,16.65792967887545,-20.358829611273915,-20.10732425753006,tracking
1775181336,922606247,0.45160272990147904,-0.007200693422616061,0.03303199273681366,0.0,0.0,0.0,tracking,tracking,0.0,0.059641895583386284,high,16.166732133531717,16.593550728308916,-23.44635240830422,-22.77534362137423,tracking
1775181336,998307771,0.47295048228085645,-0.014216185779834009,0.001360557793716547,0.0,0.0,0.0,tracking,tracking,0.0,0.05656013926945693,high,16.041618667874662,16.464490935120455,-26.05794231010239,-26.05794231010239,tracking
1775181337,75016031,0.5073653493934062,-0.016361902768853687,0.0018579724420441912,0.0,0.0,0.0,tracking,tracking,0.0,0.05344114516371473,high,16.396370261452407,16.4259748068068,-22.512854390148338,-22.512854390148338,tracking
1775181337,151154452,0.5312850939790976,-0.020529059751250925,-0.014832367099182097,0.0,0.0,0.0,tracking,tracking,0.0,0.05202973465224146,high,16.408092102595397,16.42107222041233,-22.33290252284851,-22.33290252284851,tracking
1775181337,229326266,0.5638973544282977,-0.0243216228819116,-0.02467857207870531,0.0,0.0,0.0,tracking,tracking,0.0,0.047003068368003935,high,16.92304724918877,16.412231681206304,-18.233847324446238,-21.978380505429623,tracking
1775181337,303873188,0.5869397416970036,-0.02974439271575751,-0.03858796065477312,0.0,0.0,0.0,tracking,tracking,0.0,0.045349051720204904,high,17.16765469274975,16.591178164715313,-15.870269800071444,-16.473869718756138,tracking
1775181337,357303658,0.6166746419356688,-0.03535950761379992,-0.05465779827045433,0.0,0.0,0.0,tracking,tracking,0.0,0.046417621007891624,high,17.2068375189299,16.673212130726963,-14.956586781945338,-14.956586781945338,tracking
1775181337,433286207,0.6354910918622598,-0.0407784812973031,-0.07860286369212505,0.0,0.0,0.0,tracking,tracking,0.0,0.04077366479835557,high,17.718331180272777,16.915774562344765,-11.845451883518109,-11.845451883518109,tracking
1775181337,511133721,0.6665910268483921,-0.04410059464426435,-0.07467969931989259,0.0,0.0,0.0,tracking,tracking,0.0,0.020195645314999015,high,17.56591073524664,17.068044673307586,-7.930507380721257,-9.246751976470824,tracking
1775181337,586954028,0.6834474176668767,-0.04880053022830233,-0.08016481810498682,0.0,0.0,0.0,tracking,tracking,0.0,0.017921530551683263,high,17.140832923498824,17.14019876174798,1.1292245459303158,-3.6974987864729263,tracking
1775181337,664287202,0.7117770334223491,-0.05646799908207727,-0.10619463222862519,0.0,0.0,0.0,tracking,tracking,0.0,0.012972225017175508,high,16.794716866234964,17.07061794283876,6.693969348441102,1.7466109885241328,tracking
1775181337,740494032,0.7333658747140968,-0.05763268034748402,-0.10621350437812557,0.0,0.0,0.0,tracking,tracking,0.0,0.02198715088666724,high,16.0,16.88690624583879,22.23805399408831,7.306971790186057,tracking
1775181337,816051076,0.7596718347142145,-0.07048349441679443,-0.14270463682101855,0.0,0.0,0.0,tracking,tracking,0.0,0.028350546169683945,high,16.0,16.652907118811406,30.061595929011993,11.681547298522895,tracking
1775181337,892903042,0.7753937780239848,-0.07821003824583099,-0.1415631059751777,0.0,0.0,0.0,tracking,tracking,0.0,0.09843718745630796,high,16.0,16.603669200830566,30.061595929011993,12.776467358522718,tracking
1775181337,945826544,0.8163229866212246,-0.08056505051628374,-0.13452352543090187,0.0,0.0,0.0,tracking,tracking,0.0,0.11261204222904014,high,16.0,16.55909301272518,33.58832690884317,13.859800691856051,tracking
1775181338,22221604,0.8411634145827601,-0.08533112220175834,-0.13976666266917429,0.0,0.0,0.0,tracking,tracking,0.0,0.11261204222904014,high,16.0,16.2049413828396,49.06833219741029,27.072830196851278,tracking
1775181338,98677365,0.8655757687638946,-0.0791107212977955,-0.10060870428963156,0.0,0.0,0.0,tracking,tracking,0.0,0.12495502979929426,high,16.0,16.140478531895848,52.59311374228142,31.48470385350923,tracking
1775181338,175214016,0.893975613618438,-0.07917714911310136,-0.06468652411819852,0.0,0.0,0.0,tracking,tracking,0.0,0.18498131105463544,high,16.0,16.09288033073438,53.85169643312851,35.900956538509824,tracking
1775181338,251946965,0.9128306875065667,-0.07038441046221085,-0.028905429995928135,0.0,0.0,0.0,tracking,tracking,0.0,0.20049840790019077,high,16.0,16.04166329675054,55.675307525281006,42.40390461350671,tracking
1775181338,328584469,0.9345711416407545,-0.06394026584246434,-0.007050176368760172,0.0,0.0,0.0,tracking,tracking,0.0,0.20484327827103177,high,16.0,16.017839299344477,55.56792301700491,46.747322870166656,tracking
1775181338,404585911,0.955395833488325,-0.054625699277054775,0.04451606167654389,0.0,0.0,0.0,tracking,tracking,0.0,0.21016676208997903,high,16.0,16.000002635182565,55.96514050213008,51.12036455183838,tracking
1775181338,457413093,0.9772883077335677,-0.04444564160506196,0.08395048816371853,0.0,0.0,0.0,tracking,tracking,0.0,0.34111251461822234,high,16.0,16.0,55.50114108880573,53.29542482016944,tracking
1775181338,534521917,0.990471253369586,-0.03566835201070233,0.10465343057312149,0.0,0.0,0.0,tracking,tracking,0.0,0.3492868745000081,high,16.0,16.0,55.1984465058786,55.1984465058786,tracking
1775181338,611648334,1.0090136656888538,-0.027425664212203632,0.12961172472021062,0.0,0.0,0.0,tracking,tracking,0.0,0.3520768509663494,high,16.0,16.0,54.15997382580709,54.15997382580709,tracking
1775181338,687329735,1.0200550575282594,-0.018063281170208584,0.1656424387043996,0.0,0.0,0.0,tracking,tracking,0.0,0.3579986868405176,high,16.0,16.0,53.7115897935042,53.7115897935042,tracking
1775181338,763350306,1.0219132155580677,-0.010218535410804683,0.15625435225905046,0.0,0.0,0.0,tracking,tracking,0.0,0.33873675502355516,high,16.0,16.0,53.53222170863169,53.53222170863169,tracking
1775181338,840397333,1.0337004316423644,-0.0004594541529706203,0.18295598461944967,0.0,0.0,0.0,tracking,tracking,0.0,0.33198359548279477,high,16.0,16.0,53.96698154097394,53.96698154097394,tracking
1775181338,917128468,1.0326556425022926,0.002385968858672663,0.18691327163433488,0.0,0.0,0.0,tracking,tracking,0.0,0.334188737302276,high,16.0,16.0,53.6801050650687,53.6801050650687,tracking
1775181338,970069318,1.0366263284492456,0.005719288882942861,0.1919035242266218,0.0,0.0,0.0,tracking,tracking,0.0,0.33176180345053474,high,16.0,16.0,53.500988673994875,53.500988673994875,tracking
1775181339,46639815,1.0413828832637204,0.016162622438020455,0.21847571206916708,0.0,0.0,0.0,tracking,tracking,0.0,0.33160233589644994,high,16.0,16.0,53.46593436421235,53.46593436421235,tracking
1775181339,122692723,1.0499940875772436,0.015607963775652392,0.21097161365805334,0.0,0.0,0.0,tracking,tracking,0.0,0.2609426065424937,high,16.0,16.0,53.741140283732406,53.741140283732406,tracking
1775181339,199774975,1.0366367429527115,0.02161808777731751,0.2174269301785455,0.0,0.0,0.0,tracking,tracking,0.0,0.264971700323595,high,16.0,16.0,54.4339163865954,54.4339163865954,tracking
1775181339,275373785,1.033931256717644,0.02626509200717972,0.21468767567015598,0.0,0.0,0.0,tracking,tracking,0.0,0.2536625161307487,high,16.0,16.0,54.54886652738129,54.54886652738129,tracking
1775181339,353249880,1.0551643282825502,0.027779507039783907,0.21538629880865476,0.0,0.0,0.0,tracking,tracking,0.0,0.1359085565804683,high,16.0,16.0,54.7148309783206,54.7148309783206,tracking
1775181339,428947209,1.0548463955731517,0.02962210782060705,0.21512411298751827,0.0,0.0,0.0,tracking,tracking,0.0,0.1459835357134764,high,16.0,16.0,54.53189428936418,54.53189428936418,tracking
1775181339,505778959,1.0506359332079325,0.031624236693326715,0.22085479604994612,0.0,0.0,0.0,tracking,tracking,0.0,0.14420469400863664,high,16.0,16.0,54.04140595126707,54.04140595126707,tracking
1775181339,558569341,1.0500440699914837,0.032255642614168425,0.2200374916086044,0.0,0.0,0.0,tracking,tracking,0.0,0.1411502971631798,high,16.0,16.0,53.58000003423587,53.58000003423587,tracking
1775181339,635087235,1.039848623273313,0.030173409985592717,0.20028956058621528,0.0,0.0,0.0,tracking,tracking,0.0,0.14019031077470814,high,16.0,16.0,53.34143361196634,53.34143361196634,tracking
1775181339,711840928,1.0301655494220578,0.032542454447904726,0.19595698197160996,0.0,0.0,0.0,tracking,tracking,0.0,0.052946630238084734,high,16.0,16.0,50.95009569197609,51.74886457998036,tracking
1775181339,787864742,1.0404530642431535,0.028710977017848277,0.19420583233647332,0.0,0.0,0.0,tracking,tracking,0.0,0.04538714381279817,high,16.0,16.0,48.97099446537258,48.97099446537258,tracking
1775181339,865244109,1.0323532076890942,0.03442117000698433,0.20026036782126927,0.0,0.0,0.0,tracking,tracking,0.0,0.05360394673971498,high,16.0,16.0,46.96390708521146,46.96390708521146,tracking
1775181339,941415518,1.0318210898328732,0.03552724335512533,0.20062161236291084,0.0,0.0,0.0,tracking,tracking,0.0,0.04661239405864278,high,16.0,16.0,45.39120263281792,45.39120263281792,tracking
1775181340,18323236,1.0317885828457278,0.03655815263981732,0.2010616735887032,0.0,0.0,0.0,tracking,tracking,0.0,0.05126729707980445,high,17.329360982892627,16.186398276283068,18.665322435236188,42.13799648614744,tracking
1775181340,94950967,1.0312771982083664,0.03760883141625468,0.20093949623568744,0.0,0.0,0.0,tracking,tracking,0.0,0.05223309178630941,high,17.283586776048434,16.47623607657963,8.888765745919422,36.709230459480224,tracking
1775181340,147367692,1.0301408725042105,0.03284332779239116,0.19728035221141324,0.0,0.0,0.0,tracking,tracking,0.0,0.05329619391319477,high,17.242676617817697,16.590871647081766,1.7768607157988157,33.36160522615281,tracking
1775181340,223893421,1.029656595409575,0.0339088561797643,0.19710087381272642,0.0,0.0,0.0,tracking,tracking,0.0,0.049076922051195994,high,17.471701391850512,16.755165719381484,-2.609936089012232,28.997053389489153,tracking
1775181340,300306742,1.015761065741529,0.037301909176857134,0.18876464002299273,0.0,0.0,0.0,tracking,tracking,0.0,0.04847141912388548,high,16.0,16.64298256246241,-15.445769409281835,23.56044160282307,tracking
1775181340,377422386,1.0147894658666603,0.03717503263451816,0.18979461919693696,0.0,0.0,0.0,tracking,tracking,0.0,0.052081607970943036,high,16.0,16.437615614923605,-23.94555254279415,17.9305850544934,tracking
1775181340,454125562,1.0153998470915326,0.03168033864850908,0.17659028016965536,0.0,0.0,0.0,tracking,tracking,0.0,0.051879216835447974,high,16.0,16.318366117071196,-27.055518786576393,13.595355194495419,tracking
1775181340,531355133,1.0151156287496954,0.03151694067964392,0.17741151227504454,0.0,0.0,0.0,tracking,holding_last_path,0.0,0.04832394018714151,high,16.0,16.209933387405663,-28.340496804160235,8.167765884501184,tracking
1775181340,607020001,1.0151666590967334,0.03369993171670328,0.17740096327789984,0.0,0.0,0.0,tracking,tracking,0.0,0.03550176952214727,high,16.260391915166654,16.17900743865278,-25.650733157296003,3.6139096295003617,tracking
1775181340,682501367,1.015930035409614,0.0356776081741903,0.1782819502138801,0.0,0.0,0.0,tracking,tracking,0.0,0.03721525252747255,high,16.21792655389259,16.194446641287886,-25.540859274733382,-1.9065929121659226,tracking
1775181340,736397053,1.0161102651774674,0.0369205547109524,0.180525111304389,0.0,0.0,0.0,tracking,tracking,0.0,0.03828718891218483,high,16.17408387103834,16.19446376650881,-25.925738077487004,-5.158923963831652,tracking
1775181340,811981735,1.01706792680408,0.038810803286931234,0.17927844446775446,0.0,0.0,0.0,tracking,tracking,0.0,0.03892262775545561,high,16.14400150460437,16.184913967961254,-26.168965890457766,-10.600313878824435,tracking
1775181340,889229529,1.0061653444259238,0.038240031273515634,0.1390523665435821,0.0,0.0,0.0,tracking,tracking,0.0,0.04022457900286857,high,16.109215923801266,16.17156413758604,-26.595781993159157,-15.006309780487706,tracking
1775181340,965409476,0.9980408967591746,0.03741304852569216,0.10145884142716306,0.0,0.0,0.0,tracking,tracking,0.0,0.051345650012832936,high,16.311832261787302,16.187756580399537,-24.212615668454106,-19.39305523882049,tracking
1775181341,42297739,0.9993362275469755,0.03900668293106832,0.1000341666775936,0.0,0.0,0.0,tracking,tracking,0.0,0.06542487548182034,high,17.91698025837203,16.545886796604254,-12.733396375085762,-16.140778310485707,tracking
1775181341,119609091,1.0012506010797375,0.03950835335121344,0.09870437506781081,0.0,0.0,0.0,tracking,tracking,0.0,0.06502793610829595,high,17.848498405217523,16.82098945656906,-11.523516194653673,-11.802249093820162,tracking
1775181341,195135810,1.00145115504877,0.03871558819952539,0.09905249121666829,0.0,0.0,0.0,tracking,tracking,0.0,0.0636436592836108,high,17.82972856597961,17.086315025590604,-10.322634025868057,-10.322634025868057,tracking
1775181341,272110676,1.013243735531785,0.04904262310826896,0.11905375859357097,0.0,0.0,0.0,tracking,holding_last_path,0.0,0.06307900127228398,high,17.864250039200197,17.2888567136189,-9.690186795221726,-9.690186795221726,tracking
1775181341,324877696,1.0154442262796661,0.048895572910980734,0.11912787445931076,0.0,0.0,0.0,tracking,holding_last_path,0.0,0.056792187636769326,high,17.22544114996604,17.370469317744192,-11.664289771841727,-10.573645339659082,tracking
1775181341,401490891,1.019775081200324,0.04985721554082698,0.1148480739432182,0.0,0.0,0.0,tracking,tracking,0.0,0.03228417966328915,high,17.913911844671034,17.437669136252786,-9.202734702352455,-9.202734702352455,tracking
1775181341,478391682,1.0272928019876322,0.05150726219047336,0.09907591279751791,0.0,0.0,0.0,tracking,tracking,0.0,0.031795376923262765,high,17.883428647662335,17.55840141122859,-9.00582864261166,-9.00582864261166,tracking
1775181341,554420722,1.0486953530744452,0.049597251587208374,0.10595639943235076,0.0,0.0,0.0,tracking,tracking,0.0,0.028734619478611736,high,17.900328977037525,17.604488898092306,-8.775926488166062,-8.775926488166062,tracking
1775181341,631553738,1.0530277586219023,0.048007487076313,0.10548576814476497,0.0,0.0,0.0,tracking,tracking,0.0,0.028734619478611736,high,16.980553556918082,17.526028177412424,-2.5267124525809734,-4.362043318762592,tracking
1775181341,706977307,1.067147258125242,0.04677141362334822,0.0743367033302502,0.0,0.0,0.0,tracking,tracking,0.0,0.024347964793749365,high,16.86644336324707,17.37018352853864,6.115482599628511,1.148618482912487,tracking
1775181341,785552785,1.0806322784120876,0.04628388535719449,0.08908093780770934,0.0,0.0,0.0,tracking,tracking,0.0,0.019143376470816688,high,16.50725486692378,17.217226623122706,11.68552479368299,5.497107259576295,tracking
1775181341,836359634,1.098241316076845,0.04844777113975954,0.09464404519141877,0.0,0.0,0.0,tracking,tracking,0.0,0.017607527767378946,high,16.379866749184682,17.108421600343803,14.216780149101144,8.748852162906548,tracking
1775181341,913255536,1.1203388380051367,0.045908624130478554,0.10356677020560744,0.0,0.0,0.0,tracking,tracking,0.0,0.004646971563843774,high,16.197267091231815,16.93761379629621,18.561614442426038,13.31953507624011,tracking
1775181341,990265680,1.1388957031527494,0.04641412257538391,0.10202444031792597,0.0,0.0,0.0,tracking,tracking,0.0,0.01766056825661992,high,16.121719281581743,16.73354322682157,22.49994413381872,18.76421418623878,tracking
1775181342,68545264,1.1500330324051613,0.05302851103981293,0.1013828297983106,0.0,0.0,0.0,tracking,tracking,0.0,0.013303980808912914,high,16.0,16.547519356397718,25.654483696085244,24.219160262909284,tracking
1775181342,142778764,1.1632796778160777,0.05774191404283982,0.10241182787893005,0.0,0.0,0.0,tracking,tracking,0.0,0.021463750736038206,high,16.0,16.344948666398288,27.589198957763774,27.589198957763774,tracking
1775181342,219034455,1.1749816993056454,0.06483935950919384,0.1251552936958973,0.0,0.0,0.0,tracking,tracking,0.0,0.020032791062689105,high,19.427307308481367,16.56579024409561,1.6484226733305947,24.2580779394263,tracking
1775181342,296257121,1.199095320180463,0.07691035962163184,0.17403391439316376,0.0,0.0,0.0,tracking,tracking,0.0,0.019540262189359395,high,19.283988666244333,17.56692130391007,-0.01615010043336776,16.671267062759764,tracking
1775181342,373396879,1.2134052126000126,0.08713009254929474,0.20169154029582215,0.0,0.0,0.0,tracking,tracking,0.0,0.02410273818441219,high,18.314622440185506,17.853979043239917,-1.4944070978837074,12.199194371090684,tracking
1775181342,426255506,1.2103782253533366,0.09107072292436943,0.18528574495532546,0.0,0.0,0.0,tracking,tracking,0.0,0.025296381189350348,high,17.416450898507286,17.9151305396005,-4.524638772539644,8.933422099424039,tracking
1775181342,502662533,1.21158209650083,0.10484178843045475,0.19758660293038718,0.0,0.0,0.0,tracking,tracking,0.0,0.03179501539750119,high,17.317761998008294,17.83754436545782,-6.079531698728208,5.652828397758208,tracking
1775181342,579495787,1.220971187023429,0.11517532772173611,0.1988776661666528,0.0,0.0,0.0,tracking,tracking,0.0,0.034102379634505,high,17.97693496475069,17.79512664238314,-6.656540724147319,0.23157075941987215,tracking
1775181342,654553500,1.2382593934478412,0.12018310759351641,0.2107527878249326,0.0,0.0,0.0,tracking,tracking,0.0,0.04237207147517434,high,18.144042903859297,17.87664608069863,-6.578395884706297,-5.19162364058621,tracking
1775181342,731622591,1.2496878303620989,0.13060970506220915,0.20071908605779334,0.0,0.0,0.0,tracking,tracking,0.0,0.039940831564611215,high,17.762787730975994,17.893324976751842,-7.937578452179642,-7.937578452179642,tracking
1775181342,809271410,1.2492973542830774,0.13587555773648896,0.1412527593988114,0.0,0.0,0.0,tracking,tracking,0.0,0.052154004548480425,high,17.21600930751722,17.79486773105519,-10.593955067294441,-10.593955067294441,tracking
1775181342,884971020,1.2589700104432162,0.13787241571061942,0.1263751784108028,0.0,0.0,0.0,tracking,tracking,0.0,0.03578575927110702,high,19.536775534477155,17.87777338200036,0.0,-8.425083188961372,tracking
1775181342,961511771,1.2906804271107915,0.13277839877925948,0.1254866809865271,0.0,0.0,0.0,tracking,tracking,0.0,0.041372606460070356,high,19.339999799519944,18.43242716571613,1.9305880995793265,-0.8369457922977659,tracking
1775181343,14528867,1.3191457692355364,0.14551579197004103,0.12193090644114095,0.0,0.0,0.0,tracking,tracking,0.0,0.026046690646427506,high,17.603497349957067,18.375203199075845,5.313593537412816,3.5217467493755077,tracking
1775181343,92344392,1.3459551616951337,0.13552608007398578,0.11373696484860901,0.0,0.0,0.0,tracking,tracking,0.0,0.09699640023380761,high,17.603023620096174,18.26656319166187,6.2169424054459945,6.2169424054459945,tracking
1775181343,168122392,1.374162942230046,0.14306968050501037,0.10606369122363675,0.0,0.0,0.0,tracking,tracking,0.0,0.12008091038521174,high,16.0,17.800879380178404,32.25423327879078,10.639715283784449,tracking
1775181343,245055500,1.4031195950608808,0.14538662256199134,0.09854365216708331,0.0,0.0,0.0,tracking,tracking,0.0,0.1295596521871736,high,16.0,17.330096384164683,43.216177573579735,14.977466840449386,tracking
1775181343,320992983,1.4320997397763067,0.14076826822202068,0.09591176410527291,0.0,0.0,0.0,tracking,tracking,0.0,0.14432074840447642,high,16.0,16.89505021251447,49.975072633826116,20.39714214044972,tracking
1775181343,400659069,1.4592101231859724,0.1463566945302852,0.11049465297471242,0.0,0.0,0.0,tracking,tracking,0.0,0.1092140180530029,high,16.0,16.59059417743729,52.50359760582714,25.82064427211854,tracking
1775181343,474415285,1.486964709617362,0.16181909821204113,0.13009122962011255,0.0,0.0,0.0,tracking,tracking,0.0,0.11849655371048178,high,16.0,16.37752629008751,53.071180325092456,31.257979357118053,tracking
1775181343,528675294,1.5116450911543997,0.16787571504651647,0.173645394401602,0.0,0.0,0.0,tracking,tracking,0.0,0.12048111731182304,high,16.0,16.254194052656388,52.330872501132184,35.77778726878423,tracking
1775181343,604174254,1.5359182891364265,0.181744183377452,0.2126123857083386,0.0,0.0,0.0,tracking,tracking,0.0,0.13311198872231106,high,16.0,16.16152564744189,50.7336812210006,40.174402803784375,tracking
1775181343,683527354,1.5513234000148515,0.17987321646402796,0.16207682986729752,0.0,0.0,0.0,tracking,tracking,0.0,0.029723687903265437,high,16.228852480477745,16.11620847161276,44.30121476260712,44.30121476260712,tracking
1775181343,755772755,1.565157486706019,0.1758665110572604,0.14608340170977774,0.0,0.0,0.0,tracking,tracking,0.0,0.027743088495569616,high,16.0,16.122497413141392,42.29119668321049,42.29119668321049,tracking
1775181343,833123053,1.5819733295340992,0.17454454092670155,0.13619079116795718,0.0,0.0,0.0,tracking,tracking,0.0,0.03742519359213937,high,16.0,16.0902425372604,39.09861671149037,39.09861671149037,tracking
1775181343,909422985,1.5924775533891653,0.17151148793226348,0.13004234579306007,0.0,0.0,0.0,tracking,tracking,0.0,0.04128584431563842,high,16.0,16.061123165275873,36.44869509136114,36.44869509136114,tracking
1775181343,985996662,1.6046486617153153,0.16615978935777623,0.1336021218674964,0.0,0.0,0.0,tracking,tracking,0.0,0.09790023332388646,high,16.0,16.04421862992809,41.28692677931463,37.26704549064276,tracking
1775181344,63225047,1.612621848378853,0.16624220505757445,0.13464893683585427,0.0,0.0,0.0,tracking,tracking,0.0,0.11028886417547483,high,16.0,16.028856854541658,48.18447703911605,42.688589952308945,tracking
1775181344,115603212,1.6147120987106942,0.1700937077404789,0.15989763567290327,0.0,0.0,0.0,tracking,tracking,0.0,0.11368972051696598,high,16.0,16.021952546622604,51.257832754435995,45.94044524730501,tracking
1775181344,191265284,1.6226302043274143,0.16154537559427187,0.12482715659831813,0.0,0.0,0.0,tracking,tracking,0.0,0.11471853137061232,high,16.0,16.01178812305373,52.87638693491827,52.64320852230404,tracking
1775181344,268110334,1.6268912234821664,0.14376165905770788,0.10444862425809859,0.0,0.0,0.0,tracking,tracking,0.0,0.12094757204460296,high,16.0,16.009385585114746,53.47907331598783,53.47907331598783,tracking
1775181344,346410311,1.6254175228095413,0.13976752160662753,0.10487430166191583,0.0,0.0,0.0,tracking,tracking,0.0,0.17183874267271818,high,16.0,16.00449011359553,54.3753437292467,54.3753437292467,tracking
1775181344,422082401,1.6227299839726652,0.14681083849250412,0.12967442044912794,0.0,0.0,0.0,tracking,tracking,0.0,0.17427715847967726,high,16.0,16.001062455162693,55.9387048340864,55.9387048340864,tracking
1775181344,500798846,1.6196582966444217,0.1460610934740243,0.11755756566071768,0.0,0.0,0.0,tracking,tracking,0.0,0.17024219803914503,high,16.0,16.0,56.617001582667264,56.617001582667264,tracking
1775181344,574883416,1.624937932074323,0.13681200667674812,0.09882706464021523,0.0,0.0,0.0,tracking,tracking,0.0,0.1674959768613559,high,16.0,16.0,56.76897113882324,56.76897113882324,tracking
1775181344,651621428,1.6112476549932413,0.1216756795622467,0.10806148568431523,0.0,0.0,0.0,tracking,tracking,0.0,0.18247261389987926,high,16.0,16.0,57.19457017504938,57.19457017504938,tracking
1775181344,728176363,1.616364861077115,0.12565199016922396,0.1065559786220889,0.0,0.0,0.0,tracking,tracking,0.0,0.18831333476567985,high,16.0,16.0,57.93117666309413,57.93117666309413,tracking
1775181344,781035405,1.610030318601677,0.1283348081320767,0.10416538664314853,0.0,0.0,0.0,tracking,tracking,0.0,0.18768982424776232,high,16.0,16.0,57.7219200461555,57.7219200461555,tracking
1775181344,858104106,1.6135490071795495,0.12644045283595534,0.09758469544097616,0.0,0.0,0.0,tracking,tracking,0.0,0.18171225464798352,high,16.0,16.0,57.256052297699,57.256052297699,tracking
1775181344,934259314,1.612464064453671,0.11715666089393084,0.09239029269473249,0.0,0.0,0.0,tracking,tracking,0.0,0.15518409264003805,high,16.0,16.0,56.19685567027351,56.19685567027351,tracking
1775181345,11109200,1.6082860732000177,0.1116160142653144,0.09428621601794006,0.0,0.0,0.0,tracking,tracking,0.0,0.15525694326553854,high,16.0,16.0,55.294233629211895,55.294233629211895,tracking
1775181345,86362451,1.6099154036580998,0.1091223454589621,0.09453139407269011,0.0,0.0,0.0,tracking,tracking,0.0,0.15229685677429508,high,16.0,16.0,54.99522561210844,54.99522561210844,tracking
1775181345,164624574,1.6100168419881948,0.10706747023674246,0.09453691252892162,0.0,0.0,0.0,tracking,tracking,0.0,0.15444409823823801,high,16.0,16.0,55.03122372504984,55.03122372504984,tracking
1775181345,240096328,1.6109277584435815,0.11042813015305775,0.08811246540666424,0.0,0.0,0.0,tracking,holding_last_path,0.0,0.15501953557628054,high,16.0,16.0,54.98751024896121,54.98751024896121,tracking
1775181345,293706021,1.610799321039826,0.10828597319244063,0.09455227514913479,0.0,0.0,0.0,holding_last_path,holding_last_path,0.24269062300004407,0.15485258777220862,high,16.0,16.0,54.61966337110837,54.61966337110837,tracking
1775181345,369785857,1.6110661961615522,0.10490422267009447,0.0986958841770192,0.0,0.0,0.0,holding_last_path,tracking,0.24269062300004407,0.1554961751796928,high,16.0,16.0,54.735305565700344,54.735305565700344,tracking
1775181345,446317346,1.6099499796424175,0.104570940064241,0.09965537619299032,0.0,0.0,0.0,holding_last_path,tracking,0.24269062300004407,0.15677902963090323,high,16.0,16.0,54.72829977607034,54.72829977607034,tracking
1775181345,522206476,1.6119698724991187,0.10391606377348045,0.0981557405603274,0.0,0.0,0.0,holding_last_path,tracking,0.24269062300004407,0.15583535853303018,high,16.0,16.0,54.71915186254254,54.71915186254254,tracking
1775181345,599514975,1.6103797174029897,0.10559392333634157,0.10325575729361772,0.0,0.0,0.0,holding_last_path,tracking,0.24269062300004407,0.15787666823222088,high,16.0,16.0,54.69340211440224,54.69340211440224,tracking
1775181345,675578829,1.6094419306768393,0.10094798146999759,0.10975145355247168,0.0,0.0,0.0,holding_last_path,tracking,0.24269062300004407,0.05604280959429092,high,16.0,16.0,55.25211911864958,55.25211911864958,tracking
1775181345,752721049,1.6051072077680002,0.09935775672487693,0.10753287384361418,0.0,0.0,0.0,holding_last_path,tracking,0.24269062300004407,0.06169473353190399,high,16.0,16.0,55.603624059768435,55.603624059768435,tracking
1775181345,829316039,1.6081181005153244,0.10157502111522188,0.11252239134326267,0.0,0.0,0.0,tracking,tracking,0.0,0.0633548253187446,high,16.0,16.0,55.62278116305327,55.62278116305327,tracking
1775181345,882212353,1.603298018294772,0.09785497187793774,0.11127360838098743,0.0,0.0,0.0,tracking,tracking,0.0,0.06156990375202402,high,16.0,16.0,55.66129538838468,55.66129538838468,tracking
1775181345,958980883,1.5953630039542532,0.09110322455423225,0.0962696133917719,0.0,0.0,0.0,tracking,tracking,0.0,0.04818992724701698,high,16.0,16.0,56.95640024175488,56.95640024175488,tracking
1775181346,34377217,1.5943107060412278,0.08832839093517561,0.09536561808928086,0.0,0.0,0.0,tracking,tracking,0.0,0.05617789732304385,high,16.0,16.0,57.5601945779968,57.5601945779968,tracking
1775181346,111483749,1.5951050420116506,0.08582982358231767,0.10599806737860903,0.0,0.0,0.0,tracking,tracking,0.0,0.058978993799282814,high,16.0,16.0,57.88289695539957,57.88289695539957,tracking
1775181346,188488262,1.5924201815626005,0.08680322363263332,0.10535227310766021,0.0,0.0,0.0,tracking,tracking,0.0,0.039046255847523755,high,16.0,16.0,58.56460761955112,58.56460761955112,tracking
1775181346,264717542,1.5917501797426128,0.08452349549870108,0.1040729206541167,0.0,0.0,0.0,tracking,tracking,0.0,0.03929599210275251,high,16.0,16.0,59.30900132691512,59.30900132691512,tracking
1775181346,341863094,1.5933214729483929,0.07955213631631491,0.10607723476597725,0.0,0.0,0.0,tracking,tracking,0.0,0.04146153487412183,high,16.0,16.0,59.73558101720859,59.73558101720859,tracking
1775181346,417132695,1.5928352800826704,0.0861905724092435,0.10777327934970526,0.0,0.0,0.0,tracking,tracking,0.0,0.04551964778704664,high,16.0,16.0,59.959063869357294,59.959063869357294,tracking
1775181346,474989993,1.594269273410455,0.07688981990567884,0.09679214796575356,0.0,0.0,0.0,tracking,tracking,0.0,0.038505196121418346,high,16.0,16.0,60.1354854704069,60.1354854704069,tracking
1775181346,546357672,1.5916465005603444,0.07187676456118564,0.09532187638109835,0.0,0.0,0.0,tracking,tracking,0.0,0.04476128215334997,high,16.0,16.0,60.26312550289996,60.26312550289996,tracking
1775181346,623197109,1.590235602226962,0.07771675336083539,0.0899279780215823,0.0,0.0,0.0,tracking,tracking,0.0,0.05021717595877693,high,16.0,16.0,60.164377959128,60.164377959128,tracking
1775181346,700104102,1.5882901829732545,0.07174168077541801,0.09539107342450567,0.0,0.0,0.0,tracking,tracking,0.0,0.044969200092001,high,16.0,16.0,60.22810975525759,60.22810975525759,tracking
1775181346,776817889,1.5850565764394644,0.07047287871603466,0.09658666022675086,0.0,0.0,0.0,tracking,tracking,0.0,0.04571524604998165,high,16.0,16.0,60.10343680548466,60.10343680548466,tracking
1775181346,853942218,1.5855823567232834,0.07045487330767569,0.10174985370127997,0.0,0.0,0.0,tracking,tracking,0.0,0.04860487706696427,high,16.0,16.0,59.92771846842042,59.92771846842042,tracking
1775181346,929342061,1.5870810086281923,0.0637112374764002,0.09185619295838515,0.0,0.0,0.0,tracking,tracking,0.0,0.048963331636627715,high,16.0,16.0,59.80949154798007,59.80949154798007,tracking
1775181346,983337679,1.5830126606961255,0.06354382338888523,0.09581625935110055,0.0,0.0,0.0,tracking,tracking,0.0,0.04863307142016001,high,16.0,16.0,59.80949154798007,59.80949154798007,tracking
1775181347,59332191,1.5751299974566197,0.06800356352241191,0.10115609922394826,0.0,0.0,0.0,tracking,tracking,0.0,0.04863307142016001,high,16.0,16.0,59.20567591534652,59.20567591534652,tracking
1775181347,135980567,1.5785752703135356,0.0600831823980113,0.08034590322440949,0.0,0.0,0.0,tracking,tracking,0.0,0.05064053537095587,high,16.0,16.0,58.82790053280444,58.82790053280444,tracking
1775181347,212739204,1.5724828382122031,0.06344703228074991,0.0949339392316782,0.0,0.0,0.0,tracking,tracking,0.0,0.05226464976405711,high,16.0,16.0,58.61109698272789,58.61109698272789,tracking
1775181347,288610144,1.5727464602588659,0.062116606385612505,0.0921387366553501,0.0,0.0,0.0,tracking,holding_last_path,0.0,0.055160181706864944,high,16.0,16.0,58.28258798487065,58.28258798487065,tracking
1775181347,367418883,1.5731513417515666,0.05950157173045398,0.09091437417369051,0.0,0.0,0.0,tracking,holding_last_path,0.0,0.055681974280395855,high,16.0,16.0,58.10303725509556,58.10303725509556,tracking
1775181347,441183276,1.5757139556832835,0.0577984570244891,0.09622433119889133,0.0,0.0,0.0,holding_last_path,holding_last_path,0.25309331699997983,0.05725939787957771,high,16.0,16.0,57.952931023569626,57.952931023569626,tracking
1775181347,518016970,1.57776732407436,0.06393446823626148,0.09639257127147381,0.0,0.0,0.0,holding_last_path,tracking,0.25309331699997983,0.05758097267938648,high,16.0,16.0,57.80386607790466,57.80386607790466,tracking
1775181347,570702044,1.5692499127381414,0.05286721026370089,0.09620577306346721,0.0,0.0,0.0,holding_last_path,tracking,0.25309331699997983,0.05148575507299298,high,16.0,16.0,57.855478129723245,57.855478129723245,tracking
1775181347,647308476,1.566184669562765,0.05348368819354152,0.09190556715723429,0.0,0.0,0.0,holding_last_path,tracking,0.25309331699997983,0.06542863499319254,high,16.0,16.0,57.721927433563934,57.721927433563934,tracking
1775181347,724463433,1.5673162084405934,0.056391816992719584,0.09176796162551974,0.0,0.0,0.0,holding_last_path,tracking,0.25309331699997983,0.06646925367090564,high,16.0,16.0,57.32902431542471,57.32902431542471,tracking
1775181347,801099994,1.5633328326134415,0.05349211463070705,0.10506911939546815,0.0,0.0,0.0,holding_last_path,holding_last_path,0.25309331699997983,0.06353287560812314,high,16.0,16.0,57.23695522534885,57.23695522534885,tracking
1775181347,877052417,1.5685616279728736,0.06221076090690042,0.08671364047862723,0.0,0.0,0.0,waiting_local_path,holding_last_path,0.7226382039999635,0.06969685564858939,high,16.0,16.0,56.83153629898778,56.83153629898778,tracking
1775181347,953928908,1.5692097535038905,0.05579469179666924,0.10683716340433798,0.0,0.0,0.0,waiting_local_path,holding_last_path,0.7226382039999635,0.05798578648049542,high,16.0,16.0,57.07084136602967,57.07084136602967,tracking
1775181348,31287800,1.5663565628055047,0.05135190237050413,0.097448586040169,0.0,0.0,0.0,waiting_local_path,holding_last_path,0.7226382039999635,0.06430810837918619,high,16.0,16.0,56.9899539109929,56.9899539109929,tracking
1775181348,83351784,1.5644042644408456,0.04903945562522319,0.09550936118161879,0.0,0.0,0.0,waiting_local_path,holding_last_path,0.7226382039999635,0.06856047829979603,high,16.0,16.0,56.918690408238874,56.918690408238874,tracking
1775181348,160499257,1.5682453607839237,0.05063479841227181,0.0980393833402289,0.0,0.0,0.0,waiting_local_path,aborted_path_loss,0.7226382039999635,,,16.0,16.0,56.7736441837496,56.7736441837496,tracking
1775181348,236215341,1.5691046457199458,0.049893717606603494,0.09215418731858555,0.0,0.0,0.0,waiting_local_path,aborted_path_loss,1.188155456000004,,,16.0,16.0,56.7736441837496,56.7736441837496,tracking
1775181348,313904599,1.5699083570948367,0.05575096076776692,0.08956267919012055,0.0,0.0,0.0,waiting_local_path,aborted_path_loss,1.188155456000004,,,16.0,16.0,56.7736441837496,56.7736441837496,tracking
1775181348,388924025,1.564627951461787,0.054074290358271965,0.09114530953790158,0.0,0.0,0.0,waiting_local_path,aborted_path_loss,1.188155456000004,,,16.0,16.0,56.7736441837496,56.7736441837496,tracking
1775181348,466977473,1.561901558834088,0.04953194375075834,0.09137053236291068,0.0,0.0,0.0,waiting_local_path,aborted_path_loss,1.188155456000004,,,0.0,0.0,0.0,0.0,tracking
1775181348,542955412,1.5607165770984672,0.04886214658697652,0.09124765867081851,0.0,0.0,0.0,waiting_local_path,aborted_path_loss,1.188155456000004,,,0.0,0.0,0.0,0.0,tracking
1775181348,619006166,1.5601443137725741,0.04740615493717887,0.091142947908175,0.0,0.0,0.0,waiting_local_path,aborted_path_loss,1.188155456000004,,,0.0,0.0,0.0,0.0,tracking
1775181348,672485429,1.5651310601312185,0.04822200407552871,0.09397900196312647,0.0,0.0,0.0,waiting_local_path,aborted_path_loss,1.188155456000004,,,0.0,0.0,0.0,0.0,tracking
1775181348,748564703,1.5628237189033423,0.047746883884882324,0.09353322150855017,0.0,0.0,0.0,waiting_local_path,aborted_path_loss,1.188155456000004,,,0.0,0.0,0.0,0.0,tracking
1775181348,825694713,1.563137404285954,0.04984823669961902,0.09215695898594298,0.0,0.0,0.0,waiting_local_path,aborted_path_loss,1.6551523879999195,,,0.0,0.0,0.0,0.0,tracking
1775181348,901859598,1.5645192358851947,0.052039719887274294,0.09575036021445923,0.0,0.0,0.0,waiting_local_path,aborted_path_loss,1.6551523879999195,,,0.0,0.0,0.0,0.0,tracking
1775181348,977956650,1.5617370513537878,0.04746016082173077,0.09734169773061387,0.0,0.0,0.0,waiting_local_path,aborted_path_loss,1.6551523879999195,,,0.0,0.0,0.0,0.0,tracking
1775181349,54859519,1.5617464891567543,0.0451055336594032,0.09635019973425267,0.0,0.0,0.0,waiting_local_path,aborted_path_loss,1.6551523879999195,,,0.0,0.0,0.0,0.0,tracking
