t_s,monotonic_s,motor_pwm_dir_exists,motor_period_ns,motor_duty_cycle_ns,motor_enabled,steering_pwm_dir_exists,steering_period_ns,steering_duty_cycle_ns,steering_enabled
0.00014766700019208656,1840.903091865,1,20000000,1500000,1,1,20000000,1640000,1
0.02068148100011058,1840.923625679,1,20000000,1500000,1,1,20000000,1640000,1
0.04127814800017404,1840.944222346,1,20000000,1500000,1,1,20000000,1640000,1
0.061602574000062305,1840.964546772,1,20000000,1500000,1,1,20000000,1640000,1
0.08194587000002684,1840.984890068,1,20000000,1500000,1,1,20000000,1640000,1
0.10248305600021013,1841.005427254,1,20000000,1500000,1,1,20000000,1640000,1
0.12279653700011295,1841.025740735,1,20000000,1500000,1,1,20000000,1640000,1
0.14311253700020643,1841.046056735,1,20000000,1500000,1,1,20000000,1640000,1
0.16342335200010893,1841.06636755,1,20000000,1500000,1,1,20000000,1640000,1
0.18371598100020492,1841.086660179,1,20000000,1500000,1,1,20000000,1640000,1
0.20401131500011616,1841.106955513,1,20000000,1500000,1,1,20000000,1640000,1
0.22430900000017573,1841.127253198,1,20000000,1500000,1,1,20000000,1640000,1
0.24463925900022332,1841.147583457,1,20000000,1500000,1,1,20000000,1640000,1
0.2650810000000092,1841.168025198,1,20000000,1500000,1,1,20000000,1640000,1
0.2856292220001251,1841.18857342,1,20000000,1500000,1,1,20000000,1640000,1
0.3061816480001198,1841.209125846,1,20000000,1500000,1,1,20000000,1640000,1
0.32684218500003226,1841.229786383,1,20000000,1500000,1,1,20000000,1640000,1
0.3474390000001222,1841.250383198,1,20000000,1500000,1,1,20000000,1640000,1
0.3680318700000953,1841.270976068,1,20000000,1500000,1,1,20000000,1640000,1
0.3883220000000165,1841.291266198,1,20000000,1500000,1,1,20000000,1640000,1
0.408589111000083,1841.311533309,1,20000000,1500000,1,1,20000000,1640000,1
0.4288858520001213,1841.33183005,1,20000000,1500000,1,1,20000000,1640000,1
0.44925750000015796,1841.352201698,1,20000000,1500000,1,1,20000000,1640000,1
0.469546666000042,1841.372490864,1,20000000,1500000,1,1,20000000,1640000,1
0.4898128700001507,1841.392757068,1,20000000,1500000,1,1,20000000,1640000,1
0.5100917400000071,1841.413035938,1,20000000,1500000,1,1,20000000,1640000,1
0.5304992960000163,1841.433443494,1,20000000,1500000,1,1,20000000,1640000,1
0.5508842960000493,1841.453828494,1,20000000,1500000,1,1,20000000,1640000,1
0.5712790000000041,1841.474223198,1,20000000,1500000,1,1,20000000,1640000,1
0.5919202400000358,1841.494864438,1,20000000,1500000,1,1,20000000,1640000,1
0.6125363140001809,1841.515480512,1,20000000,1500000,1,1,20000000,1640000,1
0.6330473140001232,1841.535991512,1,20000000,1500000,1,1,20000000,1640000,1
0.6535538700002235,1841.556498068,1,20000000,1500000,1,1,20000000,1640000,1
0.6740102220001063,1841.57695442,1,20000000,1500000,1,1,20000000,1640000,1
0.6942454260001796,1841.597189624,1,20000000,1500000,1,1,20000000,1640000,1
0.7145180370000617,1841.617462235,1,20000000,1500000,1,1,20000000,1640000,1
0.7350111480000123,1841.637955346,1,20000000,1500000,1,1,20000000,1640000,1
0.7553719440002169,1841.658316142,1,20000000,1500000,1,1,20000000,1640000,1
0.7757647590001397,1841.678708957,1,20000000,1500000,1,1,20000000,1640000,1
0.7963571850000335,1841.699301383,1,20000000,1500000,1,1,20000000,1640000,1
0.8169497770002181,1841.719893975,1,20000000,1500000,1,1,20000000,1640000,1
0.8375536110002031,1841.740497809,1,20000000,1500000,1,1,20000000,1640000,1
0.8580894070000795,1841.761033605,1,20000000,1500000,1,1,20000000,1640000,1
0.8786102960000335,1841.781554494,1,20000000,1500000,1,1,20000000,1640000,1
0.8988923140000225,1841.801836512,1,20000000,1500000,1,1,20000000,1640000,1
0.9192682590000913,1841.822212457,1,20000000,1500000,1,1,20000000,1640000,1
0.9396109990000241,1841.842555197,1,20000000,1500000,1,1,20000000,1640000,1
0.9600090550000004,1841.862953253,1,20000000,1500000,1,1,20000000,1640000,1
0.9803482220002024,1841.88329242,1,20000000,1500000,1,1,20000000,1640000,1
1.0006777220000913,1841.90362192,1,20000000,1500000,1,1,20000000,1640000,1
1.0210280550002153,1841.923972253,1,20000000,1500000,1,1,20000000,1640000,1
1.0414768700002242,1841.944421068,1,20000000,1500000,1,1,20000000,1640000,1
1.06208172200013,1841.96502592,1,20000000,1500000,1,1,20000000,1640000,1
1.0846055920001163,1841.98754979,1,20000000,1500000,1,1,20000000,1640000,1
1.1049939620002078,1842.00793816,1,20000000,1500000,1,1,20000000,1640000,1
1.1255807590000586,1842.028524957,1,20000000,1500000,1,1,20000000,1640000,1
1.1459154990000116,1842.048859697,1,20000000,1500000,1,1,20000000,1640000,1
1.1662391290001324,1842.069183327,1,20000000,1500000,1,1,20000000,1640000,1
1.1865792030000648,1842.089523401,1,20000000,1500000,1,1,20000000,1640000,1
1.2069407590001902,1842.109884957,1,20000000,1500000,1,1,20000000,1640000,1
1.2272903880000285,1842.130234586,1,20000000,1500000,1,1,20000000,1640000,1
1.2476817210001627,1842.150625919,1,20000000,1500000,1,1,20000000,1640000,1
1.268040092000092,1842.17098429,1,20000000,1500000,1,1,20000000,1640000,1
1.2886497960000725,1842.191593994,1,20000000,1500000,1,1,20000000,1640000,1
1.3092774810002084,1842.212221679,1,20000000,1500000,1,1,20000000,1640000,1
1.3299408140001105,1842.232885012,1,20000000,1500000,1,1,20000000,1640000,1
1.3520658140000705,1842.255010012,1,20000000,1500000,1,1,20000000,1640000,1
1.3726704620000874,1842.27561466,1,20000000,1500000,1,1,20000000,1640000,1
1.393004036000093,1842.295948234,1,20000000,1500000,1,1,20000000,1640000,1
1.4133532950002063,1842.316297493,1,20000000,1500000,1,1,20000000,1640000,1
1.4346575920001214,1842.33760179,1,20000000,1500000,1,1,20000000,1640000,1
1.4549489250000534,1842.357893123,1,20000000,1500000,1,1,20000000,1640000,1
1.4752761840002222,1842.378220382,1,20000000,1500000,1,1,20000000,1640000,1
1.495869999000206,1842.398814197,1,20000000,1500000,1,1,20000000,1640000,1
1.5166638320001766,1842.41960803,1,20000000,1500000,1,1,20000000,1640000,1
1.5374722030001067,1842.440416401,1,20000000,1500000,1,1,20000000,1640000,1
1.5579664250001315,1842.460910623,1,20000000,1500000,1,1,20000000,1640000,1
1.578467129000046,1842.481411327,1,20000000,1500000,1,1,20000000,1640000,1
1.5987281100001383,1842.501672308,1,20000000,1500000,1,1,20000000,1640000,1
1.618987147000098,1842.521931345,1,20000000,1500000,1,1,20000000,1640000,1
1.6392234810000446,1842.542167679,1,20000000,1500000,1,1,20000000,1640000,1
1.6594713140000295,1842.562415512,1,20000000,1500000,1,1,20000000,1640000,1
1.6797283320001952,1842.58267253,1,20000000,1500000,1,1,20000000,1640000,1
1.699969388000227,1842.602913586,1,20000000,1500000,1,1,20000000,1640000,1
1.720218240000122,1842.623162438,1,20000000,1500000,1,1,20000000,1640000,1
1.740473110000039,1842.643417308,1,20000000,1500000,1,1,20000000,1640000,1
1.7606944250001106,1842.663638623,1,20000000,1500000,1,1,20000000,1640000,1
1.78097085100012,1842.683915049,1,20000000,1500000,1,1,20000000,1640000,1
1.8012236100000791,1842.704167808,1,20000000,1500000,1,1,20000000,1640000,1
1.8214808690001973,1842.724425067,1,20000000,1500000,1,1,20000000,1640000,1
1.841709703000106,1842.744653901,1,20000000,1500000,1,1,20000000,1640000,1
1.8619287400001667,1842.764872938,1,20000000,1500000,1,1,20000000,1640000,1
1.8821416100001898,1842.785085808,1,20000000,1500000,1,1,20000000,1640000,1
1.902366203000156,1842.805310401,1,20000000,1500000,1,1,20000000,1640000,1
1.922580777000121,1842.825524975,1,20000000,1500000,1,1,20000000,1640000,1
1.9427895170001648,1842.845733715,1,20000000,1500000,1,1,20000000,1640000,1
1.9630067400000826,1842.865950938,1,20000000,1500000,1,1,20000000,1640000,1
1.9832400540001345,1842.886184252,1,20000000,1500000,1,1,20000000,1640000,1
2.003454258000147,1842.906398456,1,20000000,1500000,1,1,20000000,1640000,1
2.0237064430000373,1842.926650641,1,20000000,1500000,1,1,20000000,1640000,1
2.0439519800002017,1842.946896178,1,20000000,1500000,1,1,20000000,1640000,1
2.064299480000045,1842.967243678,1,20000000,1500000,1,1,20000000,1640000,1
2.0845290170000226,1842.987473215,1,20000000,1500000,1,1,20000000,1640000,1
2.1047633510002015,1843.007707549,1,20000000,1500000,1,1,20000000,1640000,1
2.1249796470001456,1843.027923845,1,20000000,1500000,1,1,20000000,1640000,1
2.145242536000069,1843.048186734,1,20000000,1500000,1,1,20000000,1640000,1
2.165452739000102,1843.068396937,1,20000000,1500000,1,1,20000000,1640000,1
2.1856772210001054,1843.088621419,1,20000000,1500000,1,1,20000000,1640000,1
2.205901147000077,1843.108845345,1,20000000,1500000,1,1,20000000,1640000,1
2.2261415730001772,1843.129085771,1,20000000,1500000,1,1,20000000,1640000,1
2.2463545910002267,1843.149298789,1,20000000,1500000,1,1,20000000,1640000,1
2.2665713690000757,1843.169515567,1,20000000,1500000,1,1,20000000,1640000,1
2.2868872950000423,1843.189831493,1,20000000,1500000,1,1,20000000,1640000,1
2.307214869000063,1843.210159067,1,20000000,1500000,1,1,20000000,1640000,1
2.32748470200022,1843.2304289,1,20000000,1500000,1,1,20000000,1640000,1
2.3477162020001288,1843.2506604,1,20000000,1500000,1,1,20000000,1640000,1
2.3679307950001203,1843.270874993,1,20000000,1500000,1,1,20000000,1640000,1
2.3881449620000694,1843.29108916,1,20000000,1500000,1,1,20000000,1640000,1
2.4083881840001595,1843.311332382,1,20000000,1500000,1,1,20000000,1640000,1
2.4286272950000694,1843.331571493,1,20000000,1500000,1,1,20000000,1640000,1
2.448847239000088,1843.351791437,1,20000000,1500000,1,1,20000000,1640000,1
2.4691839240001627,1843.372128122,1,20000000,1500000,1,1,20000000,1640000,1
2.4894513690001077,1843.392395567,1,20000000,1500000,1,1,20000000,1640000,1
2.50968962800016,1843.412633826,1,20000000,1500000,1,1,20000000,1640000,1
2.5299300910000966,1843.432874289,1,20000000,1500000,1,1,20000000,1640000,1
2.550161795000122,1843.453105993,1,20000000,1500000,1,1,20000000,1640000,1
2.570380202000024,1843.4733244,1,20000000,1500000,1,1,20000000,1640000,1
2.5906012390000797,1843.493545437,1,20000000,1500000,1,1,20000000,1640000,1
2.610824184000194,1843.513768382,1,20000000,1500000,1,1,20000000,1640000,1
2.6311486470001455,1843.534092845,1,20000000,1500000,1,1,20000000,1640000,1
2.651363887000116,1843.554308085,1,20000000,1500000,1,1,20000000,1640000,1
2.671581461000187,1843.574525659,1,20000000,1500000,1,1,20000000,1640000,1
2.6917997760001526,1843.594743974,1,20000000,1500000,1,1,20000000,1640000,1
2.712011554000128,1843.614955752,1,20000000,1500000,1,1,20000000,1640000,1
2.7322445170000265,1843.635188715,1,20000000,1500000,1,1,20000000,1640000,1
2.7524705910000193,1843.655414789,1,20000000,1500000,1,1,20000000,1640000,1
2.7727114800002255,1843.675655678,1,20000000,1500000,1,1,20000000,1640000,1
2.7929751470001065,1843.695919345,1,20000000,1500000,1,1,20000000,1640000,1
2.8132532210001955,1843.716197419,1,20000000,1500000,1,1,20000000,1640000,1
2.8334926650002217,1843.736436863,1,20000000,1500000,1,1,20000000,1640000,1
2.853715258000193,1843.756659456,1,20000000,1500000,1,1,20000000,1640000,1
2.873932554000021,1843.776876752,1,20000000,1500000,1,1,20000000,1640000,1
2.8941577020000295,1843.7971019,1,20000000,1500000,1,1,20000000,1640000,1
2.9143667210000785,1843.817310919,1,20000000,1500000,1,1,20000000,1640000,1
2.9345737950000057,1843.837517993,1,20000000,1500000,1,1,20000000,1640000,1
2.9547797950001495,1843.857723993,1,20000000,1500000,1,1,20000000,1640000,1
2.9750740720000977,1843.87801827,1,20000000,1500000,1,1,20000000,1640000,1
2.995414535000009,1843.898358733,1,20000000,1500000,1,1,20000000,1640000,1
3.0157074610001473,1843.918651659,1,20000000,1500000,1,1,20000000,1640000,1
3.035973591000129,1843.938917789,1,20000000,1500000,1,1,20000000,1640000,1
3.056224572000019,1843.95916877,1,20000000,1500000,1,1,20000000,1640000,1
3.0765426650000336,1843.979486863,1,20000000,1500000,1,1,20000000,1640000,1
3.0970699240001522,1844.000014122,1,20000000,1500000,1,1,20000000,1640000,1
3.117392202000019,1844.0203364,1,20000000,1500000,1,1,20000000,1640000,1
3.1377153500000077,1844.040659548,1,20000000,1500000,1,1,20000000,1640000,1
3.158001628000193,1844.060945826,1,20000000,1500000,1,1,20000000,1640000,1
3.1782822390000547,1844.081226437,1,20000000,1500000,1,1,20000000,1640000,1
3.1991094240001985,1844.102053622,1,20000000,1500000,1,1,20000000,1640000,1
3.2193752020000375,1844.1223194,1,20000000,1500000,1,1,20000000,1640000,1
3.2396540170000208,1844.142598215,1,20000000,1500000,1,1,20000000,1640000,1
3.259931646000041,1844.162875844,1,20000000,1500000,1,1,20000000,1640000,1
3.28026773900001,1844.183211937,1,20000000,1500000,1,1,20000000,1640000,1
3.300522554000054,1844.203466752,1,20000000,1500000,1,1,20000000,1640000,1
3.3207723870000336,1844.223716585,1,20000000,1500000,1,1,20000000,1640000,1
3.3410286280000037,1844.243972826,1,20000000,1500000,1,1,20000000,1640000,1
3.361278461000211,1844.264222659,1,20000000,1500000,1,1,20000000,1640000,1
3.381522609000058,1844.284466807,1,20000000,1500000,1,1,20000000,1640000,1
3.4017869240001346,1844.304731122,1,20000000,1500000,1,1,20000000,1640000,1
3.422083202000067,1844.3250274,1,20000000,1500000,1,1,20000000,1640000,1
3.4424324610001804,1844.345376659,1,20000000,1500000,1,1,20000000,1640000,1
3.4627526650001528,1844.365696863,1,20000000,1500000,1,1,20000000,1640000,1
3.48324992400012,1844.386194122,1,20000000,1500000,1,1,20000000,1640000,1
3.5037028680001185,1844.406647066,1,20000000,1500000,1,1,20000000,1640000,1
3.5242373870000847,1844.427181585,1,20000000,1500000,1,1,20000000,1640000,1
3.544714016000171,1844.447658214,1,20000000,1500000,1,1,20000000,1640000,1
3.5652441650001947,1844.468188363,1,20000000,1500000,1,1,20000000,1640000,1
3.585483202000205,1844.4884274,1,20000000,1500000,1,1,20000000,1640000,1
3.6057182760000615,1844.508662474,1,20000000,1500000,1,1,20000000,1640000,1
3.6259859790000064,1844.528930177,1,20000000,1500000,1,1,20000000,1640000,1
3.6462392200000977,1844.549183418,1,20000000,1500000,1,1,20000000,1640000,1
3.6664749980000124,1844.569419196,1,20000000,1500000,1,1,20000000,1640000,1
3.6867054050001116,1844.589649603,1,20000000,1500000,1,1,20000000,1640000,1
3.7069503130001067,1844.609894511,1,20000000,1500000,1,1,20000000,1640000,1
3.7272195720001946,1844.63016377,1,20000000,1500000,1,1,20000000,1640000,1
3.747483794000118,1844.650427992,1,20000000,1500000,1,1,20000000,1640000,1
3.7677690530001655,1844.670713251,1,20000000,1500000,1,1,20000000,1640000,1
3.788039572000116,1844.69098377,1,20000000,1500000,1,1,20000000,1640000,1
3.808304313000008,1844.711248511,1,20000000,1500000,1,1,20000000,1640000,1
3.828566961000206,1844.731511159,1,20000000,1500000,1,1,20000000,1640000,1
3.8488391090002096,1844.751783307,1,20000000,1500000,1,1,20000000,1640000,1
3.869099553000069,1844.772043751,1,20000000,1500000,1,1,20000000,1640000,1
3.889355905000002,1844.792300103,1,20000000,1500000,1,1,20000000,1640000,1
3.9096084610000617,1844.812552659,1,20000000,1500000,1,1,20000000,1640000,1
3.9298797200001445,1844.832823918,1,20000000,1500000,1,1,20000000,1640000,1
3.950148868000042,1844.853093066,1,20000000,1500000,1,1,20000000,1640000,1
3.9704177940000136,1844.873361992,1,20000000,1500000,1,1,20000000,1640000,1
3.9906941640001605,1844.893638362,1,20000000,1500000,1,1,20000000,1640000,1
4.010954331000221,1844.913898529,1,20000000,1500000,1,1,20000000,1640000,1
4.031220590000203,1844.934164788,1,20000000,1500000,1,1,20000000,1640000,1
4.051487275000227,1844.954431473,1,20000000,1500000,1,1,20000000,1640000,1
4.071872849000101,1844.974817047,1,20000000,1500000,1,1,20000000,1640000,1
4.092318775000194,1844.995262973,1,20000000,1500000,1,1,20000000,1640000,1
4.112660312000116,1845.01560451,1,20000000,1500000,1,1,20000000,1640000,1
4.1329850720001104,1845.03592927,1,20000000,1500000,1,1,20000000,1640000,1
4.15334749800013,1845.056291696,1,20000000,1500000,1,1,20000000,1640000,1
4.1736875160002,1845.076631714,1,20000000,1500000,1,1,20000000,1640000,1
4.194027535000032,1845.096971733,1,20000000,1500000,1,1,20000000,1640000,1
4.214425164000204,1845.117369362,1,20000000,1500000,1,1,20000000,1640000,1
4.234789275000139,1845.137733473,1,20000000,1500000,1,1,20000000,1640000,1
4.255224683000051,1845.158168881,1,20000000,1500000,1,1,20000000,1640000,1
4.275588035000055,1845.178532233,1,20000000,1500000,1,1,20000000,1640000,1
4.295933257000115,1845.198877455,1,20000000,1500000,1,1,20000000,1640000,1
4.316282646000218,1845.219226844,1,20000000,1500000,1,1,20000000,1640000,1
4.336622053000156,1845.239566251,1,20000000,1500000,1,1,20000000,1640000,1
4.356988349000176,1845.259932547,1,20000000,1500000,1,1,20000000,1640000,1
4.377429609000046,1845.280373807,1,20000000,1500000,1,1,20000000,1640000,1
4.3978079600001365,1845.300752158,1,20000000,1500000,1,1,20000000,1640000,1
4.418154127000207,1845.321098325,1,20000000,1700000,1,1,20000000,1640000,1
4.438513553000121,1845.341457751,1,20000000,1700000,1,1,20000000,1640000,1
4.458850108000206,1845.361794306,1,20000000,1700000,1,1,20000000,1640000,1
4.479180553000106,1845.382124751,1,20000000,1700000,1,1,20000000,1640000,1
4.499513868000122,1845.402458066,1,20000000,1700000,1,1,20000000,1640000,1
4.519860090000066,1845.422804288,1,20000000,1700000,1,1,20000000,1640000,1
4.540294682000194,1845.44323888,1,20000000,1700000,1,1,20000000,1640000,1
4.560627516000068,1845.463571714,1,20000000,1700000,1,1,20000000,1640000,1
4.580980757000134,1845.483924955,1,20000000,1700000,1,1,20000000,1640000,1
4.601362257000119,1845.504306455,1,20000000,1700000,1,1,20000000,1640000,1
4.621701108000025,1845.524645306,1,20000000,1700000,1,1,20000000,1640000,1
4.642046145000222,1845.544990343,1,20000000,1700000,1,1,20000000,1640000,1
4.662405905000014,1845.565350103,1,20000000,1700000,1,1,20000000,1640000,1
4.682749738000211,1845.585693936,1,20000000,1700000,1,1,20000000,1640000,1
4.703463127000077,1845.606407325,1,20000000,1700000,1,1,20000000,1640000,1
4.723852608000016,1845.626796806,1,20000000,1700000,1,1,20000000,1640000,1
4.744191664000027,1845.647135862,1,20000000,1700000,1,1,20000000,1640000,1
4.764534108000134,1845.667478306,1,20000000,1700000,1,1,20000000,1640000,1
4.784900127000128,1845.687844325,1,20000000,1700000,1,1,20000000,1640000,1
4.805256830000189,1845.708201028,1,20000000,1700000,1,1,20000000,1640000,1
4.825545868000063,1845.728490066,1,20000000,1700000,1,1,20000000,1640000,1
4.845835923000095,1845.748780121,1,20000000,1700000,1,1,20000000,1640000,1
4.866176923000012,1845.769121121,1,20000000,1700000,1,1,20000000,1640000,1
4.8865119420001975,1845.78945614,1,20000000,1700000,1,1,20000000,1640000,1
4.9068428860000495,1845.809787084,1,20000000,1700000,1,1,20000000,1640000,1
4.9271788860000925,1845.830123084,1,20000000,1700000,1,1,20000000,1640000,1
4.947548108000092,1845.850492306,1,20000000,1700000,1,1,20000000,1640000,1
4.967887923000035,1845.870832121,1,20000000,1700000,1,1,20000000,1640000,1
4.988221645000067,1845.891165843,1,20000000,1700000,1,1,20000000,1640000,1
5.008558645000221,1845.911502843,1,20000000,1700000,1,1,20000000,1640000,1
5.028923497000051,1845.931867695,1,20000000,1700000,1,1,20000000,1640000,1
5.049290312000039,1845.95223451,1,20000000,1700000,1,1,20000000,1640000,1
5.0704617930000495,1845.973405991,1,20000000,1700000,1,1,20000000,1640000,1
5.0908284410002125,1845.993772639,1,20000000,1700000,1,1,20000000,1640000,1
5.1111771640000825,1846.014121362,1,20000000,1700000,1,1,20000000,1640000,1
5.131543534000002,1846.034487732,1,20000000,1700000,1,1,20000000,1640000,1
5.1518906640001205,1846.054834862,1,20000000,1700000,1,1,20000000,1640000,1
5.172262701000136,1846.075206899,1,20000000,1700000,1,1,20000000,1640000,1
5.192622145000087,1846.095566343,1,20000000,1700000,1,1,20000000,1640000,1
5.2129554230000394,1846.115899621,1,20000000,1700000,1,1,20000000,1640000,1
5.233315275000223,1846.136259473,1,20000000,1700000,1,1,20000000,1640000,1
5.253643423000085,1846.156587621,1,20000000,1700000,1,1,20000000,1640000,1
5.273976867000101,1846.176921065,1,20000000,1700000,1,1,20000000,1640000,1
5.294315867000023,1846.197260065,1,20000000,1700000,1,1,20000000,1640000,1
5.31466346000002,1846.217607658,1,20000000,1700000,1,1,20000000,1640000,1
5.335003775000132,1846.237947973,1,20000000,1700000,1,1,20000000,1640000,1
5.355348034000144,1846.258292232,1,20000000,1700000,1,1,20000000,1640000,1
5.37570134900011,1846.278645547,1,20000000,1700000,1,1,20000000,1640000,1
5.396041812000021,1846.29898601,1,20000000,1700000,1,1,20000000,1640000,1
5.416378589000033,1846.319322787,1,20000000,1700000,1,1,20000000,1640000,1
5.436714700000039,1846.339658898,1,20000000,1700000,1,1,20000000,1640000,1
5.457069441000158,1846.360013639,1,20000000,1700000,1,1,20000000,1640000,1
5.478885163000086,1846.381829361,1,20000000,1700000,1,1,20000000,1640000,1
5.499267719000045,1846.402211917,1,20000000,1700000,1,1,20000000,1640000,1
5.519642775000193,1846.422586973,1,20000000,1700000,1,1,20000000,1640000,1
5.540009052000187,1846.44295325,1,20000000,1700000,1,1,20000000,1640000,1
5.56037260800008,1846.463316806,1,20000000,1700000,1,1,20000000,1640000,1
5.581079867000199,1846.484024065,1,20000000,1700000,1,1,20000000,1640000,1
5.601442719000033,1846.504386917,1,20000000,1700000,1,1,20000000,1640000,1
5.621798478000073,1846.524742676,1,20000000,1700000,1,1,20000000,1640000,1
5.642162978000215,1846.545107176,1,20000000,1700000,1,1,20000000,1640000,1
5.66255101500019,1846.565495213,1,20000000,1700000,1,1,20000000,1640000,1
5.6829201450000255,1846.585864343,1,20000000,1700000,1,1,20000000,1640000,1
5.703268015000049,1846.606212213,1,20000000,1700000,1,1,20000000,1640000,1
5.723601663000181,1846.626545861,1,20000000,1700000,1,1,20000000,1640000,1
5.743925608000154,1846.646869806,1,20000000,1700000,1,1,20000000,1640000,1
5.7642607560001125,1846.667204954,1,20000000,1700000,1,1,20000000,1640000,1
5.784595052000213,1846.68753925,1,20000000,1700000,1,1,20000000,1640000,1
5.80495744100017,1846.707901639,1,20000000,1700000,1,1,20000000,1640000,1
5.825324330000058,1846.728268528,1,20000000,1700000,1,1,20000000,1640000,1
5.845662885000138,1846.748607083,1,20000000,1700000,1,1,20000000,1640000,1
5.866028774000142,1846.768972972,1,20000000,1700000,1,1,20000000,1640000,1
5.886362034000058,1846.789306232,1,20000000,1700000,1,1,20000000,1640000,1
5.906856367000046,1846.809800565,1,20000000,1500000,1,1,20000000,1640000,1
5.9273979410002084,1846.830342139,1,20000000,1500000,1,1,20000000,1640000,1
5.947775274000151,1846.850719472,1,20000000,1500000,1,1,20000000,1640000,1
5.968150941000204,1846.871095139,1,20000000,1500000,1,1,20000000,1640000,1
5.988503645000037,1846.891447843,1,20000000,1500000,1,1,20000000,1640000,1
6.008910848000141,1846.911855046,1,20000000,1500000,1,1,20000000,1640000,1
6.029312052000023,1846.93225625,1,20000000,1500000,1,1,20000000,1640000,1
6.0496931820000555,1846.95263738,1,20000000,1500000,1,1,20000000,1640000,1
6.070075830000178,1846.973020028,1,20000000,1500000,1,1,20000000,1640000,1
6.090436163000049,1846.993380361,1,20000000,1500000,1,1,20000000,1640000,1
6.1108005150001645,1847.013744713,1,20000000,1500000,1,1,20000000,1640000,1
6.131201422000004,1847.03414562,1,20000000,1500000,1,1,20000000,1640000,1
6.151569885000072,1847.054514083,1,20000000,1500000,1,1,20000000,1640000,1
6.171929941000144,1847.074874139,1,20000000,1500000,1,1,20000000,1640000,1
6.192306756000107,1847.095250954,1,20000000,1500000,1,1,20000000,1640000,1
6.212658107000152,1847.115602305,1,20000000,1500000,1,1,20000000,1640000,1
6.233002015000011,1847.135946213,1,20000000,1500000,1,1,20000000,1640000,1
6.253365052000163,1847.15630925,1,20000000,1500000,1,1,20000000,1640000,1
6.273744774000079,1847.176688972,1,20000000,1500000,1,1,20000000,1640000,1
6.294091867000134,1847.197036065,1,20000000,1500000,1,1,20000000,1640000,1
6.314431200000172,1847.217375398,1,20000000,1500000,1,1,20000000,1640000,1
6.334798867000018,1847.237743065,1,20000000,1500000,1,1,20000000,1640000,1
6.355144200000041,1847.258088398,1,20000000,1500000,1,1,20000000,1640000,1
6.376598848000185,1847.279543046,1,20000000,1500000,1,1,20000000,1640000,1
6.396952459000204,1847.299896657,1,20000000,1500000,1,1,20000000,1640000,1
6.417332644000226,1847.320276842,1,20000000,1500000,1,1,20000000,1640000,1
6.4376745700001266,1847.340618768,1,20000000,1500000,1,1,20000000,1640000,1
6.45801679200008,1847.36096099,1,20000000,1500000,1,1,20000000,1640000,1
6.478390607000165,1847.381334805,1,20000000,1500000,1,1,20000000,1640000,1
6.498756348000143,1847.401700546,1,20000000,1500000,1,1,20000000,1640000,1
6.519108885000151,1847.422053083,1,20000000,1500000,1,1,20000000,1640000,1
6.5394585330000154,1847.442402731,1,20000000,1500000,1,1,20000000,1640000,1
6.559893885000065,1847.462838083,1,20000000,1500000,1,1,20000000,1640000,1
6.580236718000151,1847.483180916,1,20000000,1500000,1,1,20000000,1640000,1
6.600569274000009,1847.503513472,1,20000000,1500000,1,1,20000000,1640000,1
6.6209036810000725,1847.523847879,1,20000000,1500000,1,1,20000000,1640000,1
6.641293422000217,1847.54423762,1,20000000,1500000,1,1,20000000,1640000,1
6.661592978000044,1847.564537176,1,20000000,1500000,1,1,20000000,1640000,1
6.681886385000098,1847.584830583,1,20000000,1500000,1,1,20000000,1640000,1
6.702179552000189,1847.60512375,1,20000000,1500000,1,1,20000000,1640000,1
6.7225132370001575,1847.625457435,1,20000000,1500000,1,1,20000000,1640000,1
6.7428421440001785,1847.645786342,1,20000000,1500000,1,1,20000000,1640000,1
6.763173940000115,1847.666118138,1,20000000,1500000,1,1,20000000,1640000,1
6.783892681000225,1847.686836879,1,20000000,1500000,1,1,20000000,1640000,1
6.804223737000029,1847.707167935,1,20000000,1500000,1,1,20000000,1640000,1
6.824549477000119,1847.727493675,1,20000000,1500000,1,1,20000000,1640000,1
6.844885533000024,1847.747829731,1,20000000,1500000,1,1,20000000,1640000,1
6.865271626000094,1847.768215824,1,20000000,1500000,1,1,20000000,1640000,1
6.885616589000165,1847.788560787,1,20000000,1500000,1,1,20000000,1640000,1
6.905953644000192,1847.808897842,1,20000000,1500000,1,1,20000000,1640000,1
6.926281588000165,1847.829225786,1,20000000,1500000,0,1,20000000,1640000,1
6.94833971800017,1847.851283916,1,20000000,1500000,0,1,20000000,1640000,1
6.968755200000032,1847.871699398,1,20000000,1500000,0,1,20000000,1640000,1
6.990844459000073,1847.893788657,1,20000000,1500000,0,1,20000000,1640000,1
7.011220329000025,1847.914164527,1,20000000,1500000,0,1,20000000,1640000,1
7.031573237000202,1847.934517435,1,20000000,1500000,0,1,20000000,1640000,1
7.051918792000151,1847.95486299,1,20000000,1500000,0,1,20000000,1640000,1
7.072299200000089,1847.975243398,1,20000000,1500000,0,1,20000000,1640000,1
7.0926777180000045,1847.995621916,1,20000000,1500000,0,1,20000000,1640000,1
7.113019625000106,1848.015963823,1,20000000,1500000,0,1,20000000,1640000,1
7.133358588000192,1848.036302786,1,20000000,1500000,0,1,20000000,1640000,1
7.153714236000042,1848.056658434,1,20000000,1500000,0,1,20000000,1640000,1
7.17409716200018,1848.07704136,1,20000000,1500000,0,1,20000000,1640000,1
7.195136848000175,1848.098081046,1,20000000,1500000,0,1,20000000,1640000,1
7.2155321990001084,1848.118476397,1,20000000,1500000,0,1,20000000,1640000,1
7.2359026990000075,1848.138846897,1,20000000,1500000,0,1,20000000,1640000,1
7.256337514000052,1848.159281712,1,20000000,1500000,0,1,20000000,1640000,1
7.2766758850000315,1848.179620083,1,20000000,1500000,0,1,20000000,1640000,1
7.297033088000035,1848.199977286,1,20000000,1500000,0,1,20000000,1640000,1
7.317401403000076,1848.220345601,1,20000000,1500000,0,1,20000000,1640000,1
7.337734662000003,1848.24067886,1,20000000,1500000,0,1,20000000,1640000,1
7.3580722180001885,1848.261016416,1,20000000,1500000,0,1,20000000,1640000,1
7.378426088000197,1848.281370286,1,20000000,1500000,0,1,20000000,1640000,1
7.398766773000034,1848.301710971,1,20000000,1500000,0,1,20000000,1640000,1
7.419157959000131,1848.322102157,1,20000000,1500000,0,1,20000000,1640000,1
7.439548588000207,1848.342492786,1,20000000,1500000,0,1,20000000,1640000,1
7.459908551000126,1848.362852749,1,20000000,1500000,0,1,20000000,1640000,1
7.480261255000187,1848.383205453,1,20000000,1500000,0,1,20000000,1640000,1
7.500602625000056,1848.403546823,1,20000000,1500000,0,1,20000000,1640000,1
7.520942477000062,1848.423886675,1,20000000,1500000,0,1,20000000,1640000,1
7.541318236000052,1848.444262434,1,20000000,1500000,0,1,20000000,1640000,1
7.561656273000153,1848.464600471,1,20000000,1500000,0,1,20000000,1640000,1
7.58199060700008,1848.484934805,1,20000000,1500000,0,1,20000000,1640000,1
7.602457347000154,1848.505401545,1,20000000,1500000,0,1,20000000,1640000,1
7.622815477000131,1848.525759675,1,20000000,1500000,0,1,20000000,1640000,1
7.643152088000079,1848.546096286,1,20000000,1500000,0,1,20000000,1640000,1
7.663486236000153,1848.566430434,1,20000000,1500000,0,1,20000000,1640000,1
7.683837310000172,1848.586781508,1,20000000,1500000,0,1,20000000,1640000,1
7.704131495000183,1848.607075693,1,20000000,1500000,0,1,20000000,1640000,1
7.724563532000047,1848.62750773,1,20000000,1500000,0,1,20000000,1640000,1
7.744900088000122,1848.647844286,1,20000000,1500000,0,1,20000000,1640000,1
7.765410514000223,1848.668354712,1,20000000,1500000,0,1,20000000,1640000,1
7.78578971800016,1848.688733916,1,20000000,1500000,0,1,20000000,1640000,1
7.806156255000133,1848.709100453,1,20000000,1500000,0,1,20000000,1640000,1
7.826529310000069,1848.729473508,1,20000000,1500000,0,1,20000000,1640000,1
7.846869218000165,1848.749813416,1,20000000,1500000,0,1,20000000,1640000,1
7.867223273000036,1848.770167471,1,20000000,1500000,0,1,20000000,1640000,1
7.887608551000085,1848.790552749,1,20000000,1500000,0,1,20000000,1640000,1
7.907946366000033,1848.810890564,1,20000000,1500000,0,1,20000000,1640000,1
7.928293495000162,1848.831237693,1,20000000,1500000,0,1,20000000,1640000,1
7.948629940000046,1848.851574138,1,20000000,1500000,0,1,20000000,1640000,1
7.968978736000054,1848.871922934,1,20000000,1500000,0,1,20000000,1640000,1
7.9893386620001365,1848.89228286,1,20000000,1500000,0,1,20000000,1640000,1
8.009674680000217,1848.912618878,1,20000000,1500000,0,1,20000000,1640000,1
8.030004866000127,1848.932949064,1,20000000,1500000,0,1,20000000,1640000,1
8.050463051000179,1848.953407249,1,20000000,1500000,0,1,20000000,1640000,1
8.070828310000024,1848.973772508,1,20000000,1500000,0,1,20000000,1640000,1
8.091181903000006,1848.994126101,1,20000000,1500000,0,1,20000000,1640000,1
8.1115392910001,1849.014483489,1,20000000,1500000,0,1,20000000,1640000,1
8.131882866000069,1849.034827064,1,20000000,1500000,0,1,20000000,1640000,1
8.152222588000086,1849.055166786,1,20000000,1500000,0,1,20000000,1640000,1
8.172559106000108,1849.075503304,1,20000000,1500000,0,1,20000000,1640000,1
8.192912458000137,1849.095856656,1,20000000,1500000,0,1,20000000,1640000,1
8.21343519900006,1849.116379397,1,20000000,1500000,0,1,20000000,1640000,1
8.233794143000068,1849.136738341,1,20000000,1500000,0,1,20000000,1640000,1
8.254132810000101,1849.157077008,1,20000000,1500000,0,1,20000000,1640000,1
8.274485606000098,1849.177429804,1,20000000,1500000,0,1,20000000,1640000,1
8.294825162000052,1849.19776936,1,20000000,1500000,0,1,20000000,1640000,1
8.315166458000022,1849.218110656,1,20000000,1500000,0,1,20000000,1640000,1
8.335507532000065,1849.23845173,1,20000000,1500000,0,1,20000000,1640000,1
8.355840569000065,1849.258784767,1,20000000,1500000,0,1,20000000,1640000,1
8.376199162000148,1849.27914336,1,20000000,1500000,0,1,20000000,1640000,1
8.396561810000094,1849.299506008,1,20000000,1500000,0,1,20000000,1640000,1
8.416904754000143,1849.319848952,1,20000000,1500000,0,1,20000000,1640000,1
8.437279662000037,1849.34022386,1,20000000,1500000,0,1,20000000,1640000,1
8.457614236000154,1849.360558434,1,20000000,1500000,0,1,20000000,1640000,1
8.477968013000009,1849.380912211,1,20000000,1500000,0,1,20000000,1640000,1
8.49843310600022,1849.401377304,1,20000000,1500000,0,1,20000000,1640000,1
8.518782310000006,1849.421726508,1,20000000,1500000,0,1,20000000,1640000,1
8.539127013000098,1849.442071211,1,20000000,1500000,0,1,20000000,1640000,1
8.559492384000123,1849.462436582,1,20000000,1500000,0,1,20000000,1640000,1
8.579839550000088,1849.482783748,1,20000000,1500000,0,1,20000000,1640000,1
8.60017301300013,1849.503117211,1,20000000,1500000,0,1,20000000,1640000,1
8.620534013000224,1849.523478211,1,20000000,1500000,0,1,20000000,1640000,1
8.640891513000042,1849.543835711,1,20000000,1500000,0,1,20000000,1640000,1
8.661324606000107,1849.564268804,1,20000000,1500000,0,1,20000000,1640000,1
8.681676902000163,1849.5846211,1,20000000,1500000,0,1,20000000,1640000,1
8.702050384000131,1849.604994582,1,20000000,1500000,0,1,20000000,1640000,1
8.72243453200008,1849.62537873,1,20000000,1500000,0,1,20000000,1640000,1
8.742775087000155,1849.645719285,1,20000000,1500000,0,1,20000000,1640000,1
8.763141106000148,1849.666085304,1,20000000,1500000,0,1,20000000,1640000,1
8.783483939000007,1849.686428137,1,20000000,1500000,0,1,20000000,1640000,1
8.803827013000046,1849.706771211,1,20000000,1500000,0,1,20000000,1640000,1
8.824183902000186,1849.7271281,1,20000000,1500000,0,1,20000000,1640000,1
8.844649217000097,1849.747593415,1,20000000,1500000,0,1,20000000,1640000,1
8.865009995000037,1849.767954193,1,20000000,1500000,0,1,20000000,1640000,1
8.885370902000204,1849.7883151,1,20000000,1500000,0,1,20000000,1640000,1
8.905755161000116,1849.808699359,1,20000000,1500000,0,1,20000000,1640000,1
8.92609553200009,1849.82903973,1,20000000,1500000,0,1,20000000,1640000,1
8.94642781000016,1849.849372008,1,20000000,1500000,0,1,20000000,1640000,1
8.96675919800009,1849.869703396,1,20000000,1500000,0,1,20000000,1640000,1
8.989917476000073,1849.892861674,1,20000000,1500000,0,1,20000000,1640000,1
9.010321532000034,1849.91326573,1,20000000,1500000,0,1,20000000,1640000,1
9.03069793900022,1849.933642137,1,20000000,1500000,0,1,20000000,1640000,1
9.051058087000001,1849.954002285,1,20000000,1500000,0,1,20000000,1640000,1
9.071467995000148,1849.974412193,1,20000000,1500000,0,1,20000000,1640000,1
9.091839069000116,1849.994783267,1,20000000,1500000,0,1,20000000,1640000,1
9.112277365000182,1850.015221563,1,20000000,1500000,0,1,20000000,1640000,1
9.132676587000105,1850.035620785,1,20000000,1500000,0,1,20000000,1640000,1
9.15303682800004,1850.055981026,1,20000000,1500000,0,1,20000000,1640000,1
9.173395754000012,1850.076339952,1,20000000,1500000,0,1,20000000,1640000,1
9.193740050000088,1850.096684248,1,20000000,1500000,0,1,20000000,1640000,1
9.21409718000018,1850.117041378,1,20000000,1500000,0,1,20000000,1640000,1
9.234473976000118,1850.137418174,1,20000000,1500000,0,1,20000000,1640000,1
9.25480223500017,1850.157746433,1,20000000,1500000,0,1,20000000,1640000,1
9.275157383000078,1850.178101581,1,20000000,1500000,0,1,20000000,1640000,1
9.295617809000078,1850.198562007,1,20000000,1500000,0,1,20000000,1640000,1
9.315960717000053,1850.218904915,1,20000000,1500000,0,1,20000000,1640000,1
9.3362910310002,1850.239235229,1,20000000,1500000,0,1,20000000,1640000,1
9.356639439000219,1850.259583637,1,20000000,1500000,0,1,20000000,1640000,1
9.37697864300003,1850.279922841,1,20000000,1500000,0,1,20000000,1640000,1
9.39734653100004,1850.300290729,1,20000000,1500000,0,1,20000000,1640000,1
9.417720976000055,1850.320665174,1,20000000,1500000,0,1,20000000,1640000,1
9.438059420000172,1850.341003618,1,20000000,1500000,0,1,20000000,1640000,1
9.458404587000132,1850.361348785,1,20000000,1500000,0,1,20000000,1640000,1
9.478739161000021,1850.381683359,1,20000000,1500000,0,1,20000000,1640000,1
9.499090550000119,1850.402034748,1,20000000,1500000,0,1,20000000,1640000,1
9.519437217000132,1850.422381415,1,20000000,1500000,0,1,20000000,1640000,1
9.539776031000201,1850.442720229,1,20000000,1500000,0,1,20000000,1640000,1
9.560111568000139,1850.463055766,1,20000000,1500000,0,1,20000000,1640000,1
9.580571142000053,1850.48351534,1,20000000,1500000,0,1,20000000,1640000,1
9.600905050000165,1850.503849248,1,20000000,1500000,0,1,20000000,1640000,1
9.621273550000069,1850.524217748,1,20000000,1500000,0,1,20000000,1640000,1
9.641611476000207,1850.544555674,1,20000000,1500000,0,1,20000000,1640000,1
9.661958142000003,1850.56490234,1,20000000,1500000,0,1,20000000,1640000,1
9.682295346000046,1850.585239544,1,20000000,1500000,0,1,20000000,1640000,1
9.702634402000058,1850.6055786,1,20000000,1500000,0,1,20000000,1640000,1
9.722985883000092,1850.625930081,1,20000000,1500000,0,1,20000000,1640000,1
9.743430661000048,1850.646374859,1,20000000,1500000,0,1,20000000,1640000,1
9.763795939000147,1850.666740137,1,20000000,1500000,0,1,20000000,1640000,1
9.784157939000124,1850.687102137,1,20000000,1500000,0,1,20000000,1640000,1
9.804496383000014,1850.707440581,1,20000000,1500000,0,1,20000000,1640000,1
9.824837457000058,1850.727781655,1,20000000,1500000,0,1,20000000,1640000,1
9.845205013000168,1850.748149211,1,20000000,1500000,0,1,20000000,1640000,1
9.865558920000012,1850.768503118,1,20000000,1500000,0,1,20000000,1640000,1
9.88589545700006,1850.788839655,1,20000000,1500000,0,1,20000000,1640000,1
9.906257550000191,1850.809201748,1,20000000,1500000,0,1,20000000,1640000,1
9.926598605000208,1850.829542803,1,20000000,1500000,0,1,20000000,1640000,1
9.946948031000147,1850.849892229,1,20000000,1500000,0,1,20000000,1640000,1
9.967284346000042,1850.870228544,1,20000000,1500000,0,1,20000000,1640000,1
9.987620476000075,1850.890564674,1,20000000,1500000,0,1,20000000,1640000,1
10.007975068000178,1850.910919266,1,20000000,1500000,0,1,20000000,1640000,1
10.028402124000195,1850.931346322,1,20000000,1500000,0,1,20000000,1640000,1
10.048739124000122,1850.951683322,1,20000000,1500000,0,1,20000000,1640000,1
10.069070661000069,1850.972014859,1,20000000,1500000,0,1,20000000,1640000,1
10.089450679000038,1850.992394877,1,20000000,1500000,0,1,20000000,1640000,1
10.109813735000216,1851.012757933,1,20000000,1500000,0,1,20000000,1640000,1
10.130150512,1851.03309471,1,20000000,1500000,0,1,20000000,1640000,1
10.150480846000164,1851.053425044,1,20000000,1500000,0,1,20000000,1640000,1
10.170832327000198,1851.073776525,1,20000000,1500000,0,1,20000000,1640000,1
10.191192068000191,1851.094136266,1,20000000,1500000,0,1,20000000,1640000,1
10.211630920000061,1851.114575118,1,20000000,1500000,0,1,20000000,1640000,1
10.231997105000119,1851.134941303,1,20000000,1500000,0,1,20000000,1640000,1
10.252335068000093,1851.155279266,1,20000000,1500000,0,1,20000000,1640000,1
10.27266579000002,1851.175609988,1,20000000,1500000,0,1,20000000,1640000,1
10.29301442000019,1851.195958618,1,20000000,1500000,0,1,20000000,1640000,1
10.313368401000162,1851.216312599,1,20000000,1500000,0,1,20000000,1640000,1
10.333693272000119,1851.23663747,1,20000000,1500000,0,1,20000000,1640000,1
10.354023772000119,1851.25696797,1,20000000,1500000,0,1,20000000,1640000,1
10.374465105000127,1851.277409303,1,20000000,1500000,0,1,20000000,1640000,1
10.394810420000113,1851.297754618,1,20000000,1500000,0,1,20000000,1640000,1
10.415147457000103,1851.318091655,1,20000000,1500000,0,1,20000000,1640000,1
10.435490142000162,1851.33843434,1,20000000,1500000,0,1,20000000,1640000,1
10.455843364000202,1851.358787562,1,20000000,1500000,0,1,20000000,1640000,1
10.476178975000039,1851.379123173,1,20000000,1500000,0,1,20000000,1640000,1
10.4966204750001,1851.399564673,1,20000000,1500000,0,1,20000000,1640000,1
10.516979049000156,1851.419923247,1,20000000,1500000,0,1,20000000,1640000,1
10.537444605000019,1851.440388803,1,20000000,1500000,0,1,20000000,1640000,1
10.557797938000022,1851.460742136,1,20000000,1500000,0,1,20000000,1640000,1
10.578135068000165,1851.481079266,1,20000000,1500000,0,1,20000000,1640000,1
10.598489512000015,1851.50143371,1,20000000,1500000,0,1,20000000,1640000,1
10.618832679000207,1851.521776877,1,20000000,1500000,0,1,20000000,1640000,1
10.63917356800016,1851.542117766,1,20000000,1500000,0,1,20000000,1640000,1
10.659606827000061,1851.562551025,1,20000000,1500000,0,1,20000000,1640000,1
10.679958068000133,1851.582902266,1,20000000,1500000,0,1,20000000,1640000,1
10.700441345000172,1851.603385543,1,20000000,1500000,0,1,20000000,1640000,1
10.720869068000184,1851.623813266,1,20000000,1500000,0,1,20000000,1640000,1
10.741390123000201,1851.644334321,1,20000000,1500000,0,1,20000000,1640000,1
10.761832753000135,1851.664776951,1,20000000,1500000,0,1,20000000,1640000,1
10.782255845000009,1851.685200043,1,20000000,1500000,0,1,20000000,1640000,1
10.80265880800016,1851.705603006,1,20000000,1500000,0,1,20000000,1640000,1
10.82290223400014,1851.725846432,1,20000000,1500000,0,1,20000000,1640000,1
10.843150586000093,1851.746094784,1,20000000,1500000,0,1,20000000,1640000,1
10.863372401000106,1851.766316599,1,20000000,1500000,0,1,20000000,1640000,1
10.883596586000067,1851.786540784,1,20000000,1500000,0,1,20000000,1640000,1
10.903937345000031,1851.806881543,1,20000000,1500000,0,1,20000000,1640000,1
10.924211345000003,1851.827155543,1,20000000,1500000,0,1,20000000,1640000,1
10.944473864000202,1851.847418062,1,20000000,1500000,0,1,20000000,1640000,1
10.964753882000196,1851.86769808,1,20000000,1500000,0,1,20000000,1640000,1
10.985007512000038,1851.88795171,1,20000000,1500000,0,1,20000000,1640000,1
11.005517993000012,1851.908462191,1,20000000,1500000,0,1,20000000,1640000,1
11.025987882000209,1851.92893208,1,20000000,1500000,0,1,20000000,1640000,1
11.04645134500015,1851.949395543,1,20000000,1500000,0,1,20000000,1640000,1
11.066702530000157,1851.969646728,1,20000000,1500000,0,1,20000000,1640000,1
11.08694041900003,1851.989884617,1,20000000,1500000,0,1,20000000,1640000,1
11.107177179000018,1852.010121377,1,20000000,1500000,0,1,20000000,1640000,1
11.127431049000052,1852.030375247,1,20000000,1500000,0,1,20000000,1640000,1
11.147845549000067,1852.050789747,1,20000000,1500000,0,1,20000000,1640000,1
11.168340808000039,1852.071285006,1,20000000,1500000,0,1,20000000,1640000,1
11.188579956000012,1852.091524154,1,20000000,1500000,0,1,20000000,1640000,1
11.208813012000064,1852.11175721,1,20000000,1500000,0,1,20000000,1640000,1
11.229044308000084,1852.131988506,1,20000000,1500000,0,1,20000000,1640000,1
11.249289938000175,1852.152234136,1,20000000,1500000,0,1,20000000,1640000,1
11.269519438000088,1852.172463636,1,20000000,1500000,0,1,20000000,1640000,1
11.289746049000087,1852.192690247,1,20000000,1500000,0,1,20000000,1640000,1
11.309980290000112,1852.212924488,1,20000000,1500000,0,1,20000000,1640000,1
11.330219456000123,1852.233163654,1,20000000,1500000,0,1,20000000,1640000,1
11.350448715000084,1852.253392913,1,20000000,1500000,0,1,20000000,1640000,1
11.37067730800004,1852.273621506,1,20000000,1500000,0,1,20000000,1640000,1
11.39091153000004,1852.293855728,1,20000000,1500000,0,1,20000000,1640000,1
11.411140067000133,1852.314084265,1,20000000,1500000,0,1,20000000,1640000,1
11.431366845000184,1852.334311043,1,20000000,1500000,0,1,20000000,1640000,1
11.45159443800003,1852.354538636,1,20000000,1500000,0,1,20000000,1640000,1
11.471830512000224,1852.37477471,1,20000000,1500000,0,1,20000000,1640000,1
11.492106678000027,1852.395050876,1,20000000,1500000,0,1,20000000,1640000,1
11.512347641000133,1852.415291839,1,20000000,1500000,0,1,20000000,1640000,1
11.532580901000074,1852.435525099,1,20000000,1500000,0,1,20000000,1640000,1
11.552817308000158,1852.455761506,1,20000000,1500000,0,1,20000000,1640000,1
11.573053215000073,1852.475997413,1,20000000,1500000,0,1,20000000,1640000,1
11.593291234000162,1852.496235432,1,20000000,1500000,0,1,20000000,1640000,1
11.61351817800005,1852.516462376,1,20000000,1500000,0,1,20000000,1640000,1
11.633755197000028,1852.536699395,1,20000000,1500000,0,1,20000000,1640000,1
11.65398964100018,1852.556933839,1,20000000,1500000,0,1,20000000,1640000,1
11.674228197000048,1852.577172395,1,20000000,1500000,0,1,20000000,1640000,1
11.694475141000112,1852.597419339,1,20000000,1500000,0,1,20000000,1640000,1
11.715487530000019,1852.618431728,1,20000000,1500000,0,1,20000000,1640000,1
11.735949493000135,1852.638893691,1,20000000,1500000,0,1,20000000,1640000,1
11.756928956000138,1852.659873154,1,20000000,1500000,0,1,20000000,1640000,1
11.777292437000142,1852.680236635,1,20000000,1500000,0,1,20000000,1640000,1
11.797751956000184,1852.700696154,1,20000000,1500000,0,1,20000000,1640000,1
11.818349437000052,1852.721293635,1,20000000,1500000,0,1,20000000,1640000,1
11.838914067000132,1852.741858265,1,20000000,1500000,0,1,20000000,1640000,1
11.85940280800014,1852.762347006,1,20000000,1500000,0,1,20000000,1640000,1
11.879825271000072,1852.782769469,1,20000000,1500000,0,1,20000000,1640000,1
11.90023214100006,1852.803176339,1,20000000,1500000,0,1,20000000,1640000,1
11.920432993000077,1852.823377191,1,20000000,1500000,0,1,20000000,1640000,1
11.940645697000036,1852.843589895,1,20000000,1500000,0,1,20000000,1640000,1
11.960861900000054,1852.863806098,1,20000000,1500000,0,1,20000000,1640000,1
11.98106808500006,1852.884012283,1,20000000,1500000,0,1,20000000,1640000,1
12.001340734000223,1852.904284932,1,20000000,1500000,0,1,20000000,1640000,1
12.021596085000056,1852.924540283,1,20000000,1500000,0,1,20000000,1640000,1
12.041838511000151,1852.944782709,1,20000000,1500000,0,1,20000000,1640000,1
12.062103345000196,1852.965047543,1,20000000,1500000,0,1,20000000,1640000,1
12.08242119700003,1852.985365395,1,20000000,1500000,0,1,20000000,1640000,1
12.102680159000101,1853.005624357,1,20000000,1500000,0,1,20000000,1640000,1
12.122911696000074,1853.025855894,1,20000000,1500000,0,1,20000000,1640000,1
12.143183085000146,1853.046127283,1,20000000,1500000,0,1,20000000,1640000,1
12.163644789000045,1853.066588987,1,20000000,1500000,0,1,20000000,1640000,1
12.183901048000052,1853.086845246,1,20000000,1500000,0,1,20000000,1640000,1
12.204137993000131,1853.107082191,1,20000000,1500000,0,1,20000000,1640000,1
12.224375585000189,1853.127319783,1,20000000,1500000,0,1,20000000,1640000,1
12.244606382000029,1853.14755058,1,20000000,1500000,0,1,20000000,1640000,1
12.264846733000013,1853.167790931,1,20000000,1500000,0,1,20000000,1640000,1
12.285086659000171,1853.188030857,1,20000000,1500000,0,1,20000000,1640000,1
12.305309789000148,1853.208253987,1,20000000,1500000,0,1,20000000,1640000,1
12.32553899300001,1853.228483191,1,20000000,1500000,0,1,20000000,1640000,1
12.345746622000206,1853.24869082,1,20000000,1500000,0,1,20000000,1640000,1
12.365975159000072,1853.268919357,1,20000000,1500000,0,1,20000000,1640000,1
12.386199826000166,1853.289144024,1,20000000,1500000,0,1,20000000,1640000,1
12.406421863000105,1853.309366061,1,20000000,1500000,0,1,20000000,1640000,1
12.426659882000195,1853.32960408,1,20000000,1500000,0,1,20000000,1640000,1
12.446889844000225,1853.349834042,1,20000000,1500000,0,1,20000000,1640000,1
12.467975770000066,1853.370919968,1,20000000,1500000,0,1,20000000,1640000,1
12.488215270000182,1853.391159468,1,20000000,1500000,0,1,20000000,1640000,1
12.508438974,1853.411383172,1,20000000,1500000,0,1,20000000,1640000,1
12.528666937000025,1853.431611135,1,20000000,1500000,0,1,20000000,1640000,1
12.54889890000004,1853.451843098,1,20000000,1500000,0,1,20000000,1640000,1
12.569477326000197,1853.472421524,1,20000000,1500000,0,1,20000000,1640000,1
12.589714307000122,1853.492658505,1,20000000,1500000,0,1,20000000,1640000,1
12.60994269600019,1853.512886894,1,20000000,1500000,0,1,20000000,1640000,1
12.63018147400021,1853.533125672,1,20000000,1500000,0,1,20000000,1640000,1
12.650408826000103,1853.553353024,1,20000000,1500000,0,1,20000000,1640000,1
12.670635530000027,1853.573579728,1,20000000,1500000,0,1,20000000,1640000,1
12.690856418000067,1853.593800616,1,20000000,1500000,0,1,20000000,1640000,1
12.71109849200002,1853.61404269,1,20000000,1500000,0,1,20000000,1640000,1
12.731330381000134,1853.634274579,1,20000000,1500000,0,1,20000000,1640000,1
12.751556011000048,1853.654500209,1,20000000,1500000,0,1,20000000,1640000,1
12.771795974000042,1853.674740172,1,20000000,1500000,0,1,20000000,1640000,1
12.792018066000082,1853.694962264,1,20000000,1500000,0,1,20000000,1640000,1
12.812247826000203,1853.715192024,1,20000000,1500000,0,1,20000000,1640000,1
12.83247736300018,1853.735421561,1,20000000,1500000,0,1,20000000,1640000,1
12.852680492000218,1853.75562469,1,20000000,1500000,0,1,20000000,1640000,1
12.872906733000036,1853.775850931,1,20000000,1500000,0,1,20000000,1640000,1
12.893139159000157,1853.796083357,1,20000000,1500000,0,1,20000000,1640000,1
12.913323826000124,1853.816268024,1,20000000,1500000,0,1,20000000,1640000,1
12.933562807000044,1853.836507005,1,20000000,1500000,0,1,20000000,1640000,1
12.953792511000074,1853.856736709,1,20000000,1500000,0,1,20000000,1640000,1
12.974018344000115,1853.876962542,1,20000000,1500000,0,1,20000000,1640000,1
12.994246066000187,1853.897190264,1,20000000,1500000,0,1,20000000,1640000,1
13.014479085000175,1853.917423283,1,20000000,1500000,0,1,20000000,1640000,1
13.034710622000148,1853.93765482,1,20000000,1500000,0,1,20000000,1640000,1
13.05544186300017,1853.958386061,1,20000000,1500000,0,1,20000000,1640000,1
13.075699289000113,1853.978643487,1,20000000,1500000,0,1,20000000,1640000,1
13.095951307000178,1853.998895505,1,20000000,1500000,0,1,20000000,1640000,1
13.11619212200003,1854.01913632,1,20000000,1500000,0,1,20000000,1640000,1
13.136435900000151,1854.039380098,1,20000000,1500000,0,1,20000000,1640000,1
13.156664288000002,1854.059608486,1,20000000,1500000,0,1,20000000,1640000,1
13.176887307000015,1854.079831505,1,20000000,1500000,0,1,20000000,1640000,1
13.19712712200021,1854.10007132,1,20000000,1500000,0,1,20000000,1640000,1
13.217363344000205,1854.120307542,1,20000000,1500000,0,1,20000000,1640000,1
13.23759493700004,1854.140539135,1,20000000,1500000,0,1,20000000,1640000,1
13.257832270000108,1854.160776468,1,20000000,1500000,0,1,20000000,1640000,1
13.278052770000158,1854.180996968,1,20000000,1500000,0,1,20000000,1640000,1
13.29829288100018,1854.201237079,1,20000000,1500000,0,1,20000000,1640000,1
13.31852804800019,1854.221472246,1,20000000,1500000,0,1,20000000,1640000,1
13.338758307000035,1854.241702505,1,20000000,1500000,0,1,20000000,1640000,1
13.358998492000183,1854.26194269,1,20000000,1500000,0,1,20000000,1640000,1
13.379225140000017,1854.282169338,1,20000000,1500000,0,1,20000000,1640000,1
13.399451640000052,1854.302395838,1,20000000,1500000,0,1,20000000,1640000,1
13.419677640000145,1854.322621838,1,20000000,1500000,0,1,20000000,1640000,1
13.439921455000103,1854.342865653,1,20000000,1500000,0,1,20000000,1640000,1
13.460148344000118,1854.363092542,1,20000000,1500000,0,1,20000000,1640000,1
13.48037099200019,1854.38331519,1,20000000,1500000,0,1,20000000,1640000,1
13.500596103000134,1854.403540301,1,20000000,1500000,0,1,20000000,1640000,1
13.520833288000176,1854.423777486,1,20000000,1500000,0,1,20000000,1640000,1
13.541062455000201,1854.444006653,1,20000000,1500000,0,1,20000000,1640000,1
13.561287510000056,1854.464231708,1,20000000,1500000,0,1,20000000,1640000,1
13.581534788000226,1854.484478986,1,20000000,1500000,0,1,20000000,1640000,1
13.601766270000098,1854.504710468,1,20000000,1500000,0,1,20000000,1640000,1
13.622004696000204,1854.524948894,1,20000000,1500000,0,1,20000000,1640000,1
13.642243047000193,1854.545187245,1,20000000,1500000,0,1,20000000,1640000,1
13.662469566000027,1854.565413764,1,20000000,1500000,0,1,20000000,1640000,1
13.682700640000121,1854.585644838,1,20000000,1500000,0,1,20000000,1640000,1
13.702933084000051,1854.605877282,1,20000000,1500000,0,1,20000000,1640000,1
13.723174140000083,1854.626118338,1,20000000,1500000,0,1,20000000,1640000,1
13.743407362000198,1854.64635156,1,20000000,1500000,0,1,20000000,1640000,1
13.763629936000143,1854.666574134,1,20000000,1500000,0,1,20000000,1640000,1
13.783857658000215,1854.686801856,1,20000000,1500000,0,1,20000000,1640000,1
13.804094436000014,1854.707038634,1,20000000,1500000,0,1,20000000,1640000,1
13.824319436000224,1854.727263634,1,20000000,1500000,0,1,20000000,1640000,1
13.844548492000058,1854.74749269,1,20000000,1500000,0,1,20000000,1640000,1
13.864774770000167,1854.767718968,1,20000000,1500000,0,1,20000000,1640000,1
13.885010770000008,1854.787954968,1,20000000,1500000,0,1,20000000,1640000,1
13.905253270000003,1854.808197468,1,20000000,1500000,0,1,20000000,1640000,1
13.926949251000224,1854.829893449,1,20000000,1500000,0,1,20000000,1640000,1
13.947179603000222,1854.850123801,1,20000000,1500000,0,1,20000000,1640000,1
13.967400307000162,1854.870344505,1,20000000,1500000,0,1,20000000,1640000,1
13.987621621000017,1854.890565819,1,20000000,1500000,0,1,20000000,1640000,1
14.007864084000175,1854.910808282,1,20000000,1500000,0,1,20000000,1640000,1
14.028402010000036,1854.931346208,1,20000000,1500000,0,1,20000000,1640000,1
14.048636658000078,1854.951580856,1,20000000,1500000,0,1,20000000,1640000,1
14.068895418000011,1854.971839616,1,20000000,1500000,0,1,20000000,1640000,1
14.08914143600009,1854.992085634,1,20000000,1500000,0,1,20000000,1640000,1
14.10937952900008,1855.012323727,1,20000000,1500000,0,1,20000000,1640000,1
14.129612177000126,1855.032556375,1,20000000,1500000,0,1,20000000,1640000,1
14.149841047000109,1855.052785245,1,20000000,1500000,0,1,20000000,1640000,1
14.170085380000046,1855.073029578,1,20000000,1500000,0,1,20000000,1640000,1
14.190317843000003,1855.093262041,1,20000000,1500000,0,1,20000000,1640000,1
14.21051143600016,1855.113455634,1,20000000,1500000,0,1,20000000,1640000,1
14.230750232000219,1855.13369443,1,20000000,1500000,0,1,20000000,1640000,1
14.250974529000132,1855.153918727,1,20000000,1500000,0,1,20000000,1640000,1
14.271199584000215,1855.174143782,1,20000000,1500000,0,1,20000000,1640000,1
14.29143504700005,1855.194379245,1,20000000,1500000,0,1,20000000,1640000,1
14.311669788000017,1855.214613986,1,20000000,1500000,0,1,20000000,1640000,1
14.331896473000143,1855.234840671,1,20000000,1500000,0,1,20000000,1640000,1
14.352120436000178,1855.255064634,1,20000000,1500000,0,1,20000000,1640000,1
14.372351380000055,1855.275295578,1,20000000,1500000,0,1,20000000,1640000,1
14.39258734300006,1855.295531541,1,20000000,1500000,0,1,20000000,1640000,1
14.412815677000026,1855.315759875,1,20000000,1500000,0,1,20000000,1640000,1
14.433039806000124,1855.335984004,1,20000000,1500000,0,1,20000000,1640000,1
14.453270158000123,1855.356214356,1,20000000,1500000,0,1,20000000,1640000,1
14.473509380000223,1855.376453578,1,20000000,1500000,0,1,20000000,1640000,1
14.493760436000002,1855.396704634,1,20000000,1500000,0,1,20000000,1640000,1
14.514020510000137,1855.416964708,1,20000000,1500000,0,1,20000000,1640000,1
14.534254880000162,1855.437199078,1,20000000,1500000,0,1,20000000,1640000,1
14.554491491000135,1855.457435689,1,20000000,1500000,0,1,20000000,1640000,1
14.574723825000092,1855.477668023,1,20000000,1500000,0,1,20000000,1640000,1
14.594965380000076,1855.497909578,1,20000000,1500000,0,1,20000000,1640000,1
14.615193936000196,1855.518138134,1,20000000,1500000,0,1,20000000,1640000,1
14.635420491000104,1855.538364689,1,20000000,1500000,0,1,20000000,1640000,1
14.655654232000188,1855.55859843,1,20000000,1500000,0,1,20000000,1640000,1
14.675893454000061,1855.578837652,1,20000000,1500000,0,1,20000000,1640000,1
14.696127065000155,1855.599071263,1,20000000,1500000,0,1,20000000,1640000,1
14.716352639000206,1855.619296837,1,20000000,1500000,0,1,20000000,1640000,1
14.736577991000104,1855.639522189,1,20000000,1500000,0,1,20000000,1640000,1
14.756837899000175,1855.659782097,1,20000000,1500000,0,1,20000000,1640000,1
14.77708319500016,1855.680027393,1,20000000,1500000,0,1,20000000,1640000,1
14.797367121000207,1855.700311319,1,20000000,1500000,0,1,20000000,1640000,1
14.81761173200016,1855.72055593,1,20000000,1500000,0,1,20000000,1640000,1
14.837840195000126,1855.740784393,1,20000000,1500000,0,1,20000000,1640000,1
14.858076787000073,1855.761020985,1,20000000,1500000,0,1,20000000,1640000,1
14.878315973000099,1855.781260171,1,20000000,1500000,0,1,20000000,1640000,1
14.898925084000211,1855.801869282,1,20000000,1500000,0,1,20000000,1640000,1
14.919154324000147,1855.822098522,1,20000000,1500000,0,1,20000000,1640000,1
14.939375510000218,1855.842319708,1,20000000,1500000,0,1,20000000,1640000,1
14.95957532400007,1855.862519522,1,20000000,1500000,0,1,20000000,1640000,1
14.979809232000207,1855.88275343,1,20000000,1500000,0,1,20000000,1640000,1
15.000056158000007,1855.903000356,1,20000000,1500000,0,1,20000000,1640000,1
15.020313454000188,1855.923257652,1,20000000,1500000,0,1,20000000,1640000,1
15.04057686100009,1855.943521059,1,20000000,1500000,0,1,20000000,1640000,1
15.060844528000189,1855.963788726,1,20000000,1500000,0,1,20000000,1640000,1
15.081100898000159,1855.984045096,1,20000000,1500000,0,1,20000000,1640000,1
15.10135541700015,1856.004299615,1,20000000,1500000,0,1,20000000,1640000,1
15.121594991000165,1856.024539189,1,20000000,1500000,0,1,20000000,1640000,1
15.141852565000136,1856.044796763,1,20000000,1500000,0,1,20000000,1640000,1
15.16210180600001,1856.065046004,1,20000000,1500000,0,1,20000000,1640000,1
15.182356324000011,1856.085300522,1,20000000,1500000,0,1,20000000,1640000,1
15.202593621000005,1856.105537819,1,20000000,1500000,0,1,20000000,1640000,1
15.222818621000215,1856.125762819,1,20000000,1500000,0,1,20000000,1640000,1
15.24306093500013,1856.146005133,1,20000000,1500000,0,1,20000000,1640000,1
15.263300602000072,1856.1662448,1,20000000,1500000,0,1,20000000,1640000,1
15.283529917000124,1856.186474115,1,20000000,1500000,0,1,20000000,1640000,1
15.30375830600019,1856.206702504,1,20000000,1500000,0,1,20000000,1640000,1
15.323979546000146,1856.226923744,1,20000000,1500000,0,1,20000000,1640000,1
15.344218972000135,1856.24716317,1,20000000,1500000,0,1,20000000,1640000,1
15.36445106500014,1856.267395263,1,20000000,1500000,0,1,20000000,1640000,1
15.385076787000116,1856.288020985,1,20000000,1500000,0,1,20000000,1640000,1
15.405336732000023,1856.30828093,1,20000000,1500000,0,1,20000000,1640000,1
15.42554825000002,1856.328492448,1,20000000,1500000,0,1,20000000,1640000,1
15.445754417000217,1856.348698615,1,20000000,1500000,0,1,20000000,1640000,1
15.465961806000223,1856.368906004,1,20000000,1500000,0,1,20000000,1640000,1
15.486166694000076,1856.389110892,1,20000000,1500000,0,1,20000000,1640000,1
15.50637345400014,1856.409317652,1,20000000,1500000,0,1,20000000,1640000,1
15.526595250000128,1856.429539448,1,20000000,1500000,0,1,20000000,1640000,1
15.546808676000182,1856.449752874,1,20000000,1500000,0,1,20000000,1640000,1
15.567031046000011,1856.469975244,1,20000000,1500000,0,1,20000000,1640000,1
15.58723891700015,1856.490183115,1,20000000,1500000,0,1,20000000,1640000,1
15.607444102000045,1856.5103883,1,20000000,1500000,0,1,20000000,1640000,1
15.627647231000083,1856.530591429,1,20000000,1500000,0,1,20000000,1640000,1
15.647848157000226,1856.550792355,1,20000000,1500000,0,1,20000000,1640000,1
15.668064305000144,1856.571008503,1,20000000,1500000,0,1,20000000,1640000,1
15.688271268000108,1856.591215466,1,20000000,1500000,0,1,20000000,1640000,1
15.708472509000103,1856.611416707,1,20000000,1500000,0,1,20000000,1640000,1
15.728681861000041,1856.631626059,1,20000000,1500000,0,1,20000000,1640000,1
15.748888324000063,1856.651832522,1,20000000,1500000,0,1,20000000,1640000,1
15.76909730500006,1856.672041503,1,20000000,1500000,0,1,20000000,1640000,1
15.789301472000034,1856.69224567,1,20000000,1500000,0,1,20000000,1640000,1
15.809576472000117,1856.71252067,1,20000000,1500000,0,1,20000000,1640000,1
15.82985128700011,1856.732795485,1,20000000,1500000,0,1,20000000,1640000,1
15.850152398000091,1856.753096596,1,20000000,1500000,0,1,20000000,1640000,1
15.870425546000206,1856.773369744,1,20000000,1500000,0,1,20000000,1640000,1
15.89069897200011,1856.79364317,1,20000000,1500000,0,1,20000000,1640000,1
15.910971435000192,1856.813915633,1,20000000,1500000,0,1,20000000,1640000,1
15.93124050900019,1856.834184707,1,20000000,1500000,0,1,20000000,1640000,1
15.951508157000035,1856.854452355,1,20000000,1500000,0,1,20000000,1640000,1
15.971777139000096,1856.874721337,1,20000000,1500000,0,1,20000000,1640000,1
15.992058176,1856.895002374,1,20000000,1500000,0,1,20000000,1640000,1
16.01233160200013,1856.9152758,1,20000000,1500000,0,1,20000000,1640000,1
16.03260562000014,1856.935549818,1,20000000,1500000,0,1,20000000,1640000,1
16.052889676000177,1856.955833874,1,20000000,1500000,0,1,20000000,1640000,1
16.073204065000027,1856.976148263,1,20000000,1500000,0,1,20000000,1640000,1
16.093481842000074,1856.99642604,1,20000000,1500000,0,1,20000000,1640000,1
16.11376121300009,1857.016705411,1,20000000,1500000,0,1,20000000,1640000,1
16.13404047200015,1857.03698467,1,20000000,1500000,0,1,20000000,1640000,1
16.15431475000014,1857.057258948,1,20000000,1500000,0,1,20000000,1640000,1
16.17459954600008,1857.077543744,1,20000000,1500000,0,1,20000000,1640000,1
16.194908657000042,1857.097852855,1,20000000,1500000,0,1,20000000,1640000,1
16.21518832400011,1857.118132522,1,20000000,1500000,0,1,20000000,1640000,1
16.235461157000145,1857.138405355,1,20000000,1500000,0,1,20000000,1640000,1
16.255735990000176,1857.158680188,1,20000000,1500000,0,1,20000000,1640000,1
16.27601243500021,1857.178956633,1,20000000,1500000,0,1,20000000,1640000,1
16.296287083000152,1857.199231281,1,20000000,1500000,0,1,20000000,1640000,1
16.316562620000013,1857.219506818,1,20000000,1500000,0,1,20000000,1640000,1
16.336840564000113,1857.239784762,1,20000000,1500000,0,1,20000000,1640000,1
16.35713058300007,1857.260074781,1,20000000,1500000,0,1,20000000,1640000,1
16.37740800900019,1857.280352207,1,20000000,1500000,0,1,20000000,1640000,1
16.397678250000126,1857.300622448,1,20000000,1500000,0,1,20000000,1640000,1
16.417947712000114,1857.32089191,1,20000000,1500000,0,1,20000000,1640000,1
16.438216046000207,1857.341160244,1,20000000,1500000,0,1,20000000,1640000,1
16.45848554600002,1857.361429744,1,20000000,1500000,0,1,20000000,1640000,1
16.478767268000183,1857.381711466,1,20000000,1500000,0,1,20000000,1640000,1
16.49905521200003,1857.40199941,1,20000000,1500000,0,1,20000000,1640000,1
16.519361305000075,1857.422305503,1,20000000,1500000,0,1,20000000,1640000,1
16.53964289800001,1857.442587096,1,20000000,1500000,0,1,20000000,1640000,1
16.559950712000045,1857.46289491,1,20000000,1500000,0,1,20000000,1640000,1
16.580227916000013,1857.483172114,1,20000000,1500000,0,1,20000000,1640000,1
16.600497323000127,1857.503441521,1,20000000,1500000,0,1,20000000,1640000,1
16.620769101000178,1857.523713299,1,20000000,1500000,0,1,20000000,1640000,1
16.641050675000088,1857.543994873,1,20000000,1500000,0,1,20000000,1640000,1
16.66133324900011,1857.564277447,1,20000000,1500000,0,1,20000000,1640000,1
16.681610194000086,1857.584554392,1,20000000,1500000,0,1,20000000,1640000,1
16.70188539700007,1857.604829595,1,20000000,1500000,0,1,20000000,1640000,1
16.722161472000153,1857.62510567,1,20000000,1500000,0,1,20000000,1640000,1
16.742433509000193,1857.645377707,1,20000000,1500000,0,1,20000000,1640000,1
16.762704842000176,1857.66564904,1,20000000,1500000,0,1,20000000,1640000,1
16.782977175000042,1857.685921373,1,20000000,1500000,0,1,20000000,1640000,1
16.80325213800006,1857.706196336,1,20000000,1500000,0,1,20000000,1640000,1
16.823520601000155,1857.726464799,1,20000000,1500000,0,1,20000000,1640000,1
16.84379800800002,1857.746742206,1,20000000,1500000,0,1,20000000,1640000,1
16.86409949000017,1857.767043688,1,20000000,1500000,0,1,20000000,1640000,1
16.884373786000197,1857.787317984,1,20000000,1500000,0,1,20000000,1640000,1
16.904644953000115,1857.807589151,1,20000000,1500000,0,1,20000000,1640000,1
16.924919879000072,1857.827864077,1,20000000,1500000,0,1,20000000,1640000,1
16.945210323000083,1857.848154521,1,20000000,1500000,0,1,20000000,1640000,1
16.965486805000182,1857.868431003,1,20000000,1500000,0,1,20000000,1640000,1
16.985757231000207,1857.888701429,1,20000000,1500000,0,1,20000000,1640000,1
17.006030305000195,1857.908974503,1,20000000,1500000,0,1,20000000,1640000,1
17.026299119000214,1857.929243317,1,20000000,1500000,0,1,20000000,1640000,1
17.046568305000164,1857.949512503,1,20000000,1500000,0,1,20000000,1640000,1
17.06686469400006,1857.969808892,1,20000000,1500000,0,1,20000000,1640000,1
17.087146731000075,1857.990090929,1,20000000,1500000,0,1,20000000,1640000,1
17.10752010100009,1858.010464299,1,20000000,1500000,0,1,20000000,1640000,1
17.12787511900001,1858.030819317,1,20000000,1500000,0,1,20000000,1640000,1
17.14818256400008,1858.051126762,1,20000000,1500000,0,1,20000000,1640000,1
17.168465934000096,1858.071410132,1,20000000,1500000,0,1,20000000,1640000,1
17.18876397100007,1858.091708169,1,20000000,1500000,0,1,20000000,1640000,1
17.209051175000013,1858.111995373,1,20000000,1500000,0,1,20000000,1640000,1
17.229341360000035,1858.132285558,1,20000000,1500000,0,1,20000000,1640000,1
17.24961711900005,1858.152561317,1,20000000,1500000,0,1,20000000,1640000,1
17.269892434000212,1858.172836632,1,20000000,1500000,0,1,20000000,1640000,1
17.290168545000142,1858.193112743,1,20000000,1500000,0,1,20000000,1640000,1
17.310441082000125,1858.21338528,1,20000000,1500000,0,1,20000000,1640000,1
17.33071049,1858.233654688,1,20000000,1500000,0,1,20000000,1640000,1
17.350979193000057,1858.253923391,1,20000000,1500000,0,1,20000000,1640000,1
17.37124969300021,1858.274193891,1,20000000,1500000,0,1,20000000,1640000,1
17.39151678600001,1858.294460984,1,20000000,1500000,0,1,20000000,1640000,1
17.41178291600022,1858.314727114,1,20000000,1500000,0,1,20000000,1640000,1
17.432070564000014,1858.335014762,1,20000000,1500000,0,1,20000000,1640000,1
17.45234821200006,1858.35529241,1,20000000,1500000,0,1,20000000,1640000,1
17.472652027000095,1858.375596225,1,20000000,1500000,0,1,20000000,1640000,1
17.492982916000074,1858.395927114,1,20000000,1500000,0,1,20000000,1640000,1
17.513291878000018,1858.416236076,1,20000000,1500000,0,1,20000000,1640000,1
17.53359576700018,1858.436539965,1,20000000,1500000,0,1,20000000,1640000,1
17.553878749000205,1858.456822947,1,20000000,1500000,0,1,20000000,1640000,1
17.57417991500006,1858.477124113,1,20000000,1500000,0,1,20000000,1640000,1
17.594464915000117,1858.497409113,1,20000000,1500000,0,1,20000000,1640000,1
17.614739638000174,1858.517683836,1,20000000,1500000,0,1,20000000,1640000,1
17.63501380400021,1858.537958002,1,20000000,1500000,0,1,20000000,1640000,1
17.655286527000044,1858.558230725,1,20000000,1500000,0,1,20000000,1640000,1
17.67556247100015,1858.578506669,1,20000000,1500000,0,1,20000000,1640000,1
17.69582954500015,1858.598773743,1,20000000,1500000,0,1,20000000,1640000,1
17.716110341000103,1858.619054539,1,20000000,1500000,0,1,20000000,1640000,1
17.736394878000056,1858.639339076,1,20000000,1500000,0,1,20000000,1640000,1
17.75677078600006,1858.659714984,1,20000000,1500000,0,1,20000000,1640000,1
17.77706486000011,1858.680009058,1,20000000,1500000,0,1,20000000,1640000,1
17.797349952000104,1858.70029415,1,20000000,1500000,0,1,20000000,1640000,1
17.817622156000198,1858.720566354,1,20000000,1500000,0,1,20000000,1640000,1
17.837895415000048,1858.740839613,1,20000000,1500000,0,1,20000000,1640000,1
17.85819930400021,1858.761143502,1,20000000,1500000,0,1,20000000,1640000,1
17.878482471000098,1858.781426669,1,20000000,1500000,0,1,20000000,1640000,1
17.898751730000185,1858.801695928,1,20000000,1500000,0,1,20000000,1640000,1
17.919022397000163,1858.821966595,1,20000000,1500000,0,1,20000000,1640000,1
17.939298063000024,1858.842242261,1,20000000,1500000,0,1,20000000,1640000,1
17.95957063700007,1858.862514835,1,20000000,1500000,0,1,20000000,1640000,1
17.97984298900019,1858.882787187,1,20000000,1500000,0,1,20000000,1640000,1
18.00017043400021,1858.903114632,1,20000000,1500000,0,1,20000000,1640000,1
18.020516600000064,1858.923460798,1,20000000,1500000,0,1,20000000,1640000,1
18.040803619000144,1858.943747817,1,20000000,1500000,0,1,20000000,1640000,1
18.061095452000018,1858.96403965,1,20000000,1500000,0,1,20000000,1640000,1
18.081387730000188,1858.984331928,1,20000000,1500000,0,1,20000000,1640000,1
18.101668582000002,1859.00461278,1,20000000,1500000,0,1,20000000,1640000,1
18.12194919300009,1859.024893391,1,20000000,1500000,0,1,20000000,1640000,1
18.142285397000023,1859.045229595,1,20000000,1500000,0,1,20000000,1640000,1
18.162574137000092,1859.065518335,1,20000000,1500000,0,1,20000000,1640000,1
18.182888415000207,1859.085832613,1,20000000,1500000,0,1,20000000,1640000,1
18.203167026000074,1859.106111224,1,20000000,1500000,0,1,20000000,1640000,1
18.22345724800016,1859.126401446,1,20000000,1500000,0,1,20000000,1640000,1
18.24373778500012,1859.146681983,1,20000000,1500000,0,1,20000000,1640000,1
18.26400913700013,1859.166953335,1,20000000,1500000,0,1,20000000,1640000,1
18.284277841000176,1859.187222039,1,20000000,1500000,0,1,20000000,1640000,1
18.304551841000148,1859.207496039,1,20000000,1500000,0,1,20000000,1640000,1
18.324824748000083,1859.227768946,1,20000000,1500000,0,1,20000000,1640000,1
18.345098915000108,1859.248043113,1,20000000,1500000,0,1,20000000,1640000,1
18.36537424800008,1859.268318446,1,20000000,1500000,0,1,20000000,1640000,1
18.38565180400019,1859.288596002,1,20000000,1500000,0,1,20000000,1640000,1
18.405924026000093,1859.308868224,1,20000000,1500000,0,1,20000000,1640000,1
18.42619569300018,1859.329139891,1,20000000,1500000,0,1,20000000,1640000,1
18.446464100000185,1859.349408298,1,20000000,1500000,0,1,20000000,1640000,1
18.466736785000194,1859.369680983,1,20000000,1500000,0,1,20000000,1640000,1
18.48701019300006,1859.389954391,1,20000000,1500000,0,1,20000000,1640000,1
18.507286526000144,1859.410230724,1,20000000,1500000,0,1,20000000,1640000,1
18.527580100000023,1859.430524298,1,20000000,1500000,0,1,20000000,1640000,1
18.547865896000076,1859.450810094,1,20000000,1500000,0,1,20000000,1640000,1
18.568175693000057,1859.471119891,1,20000000,1500000,0,1,20000000,1640000,1
18.588451322000083,1859.49139552,1,20000000,1500000,0,1,20000000,1640000,1
18.608742267000025,1859.511686465,1,20000000,1500000,0,1,20000000,1640000,1
18.62902532200019,1859.53196952,1,20000000,1500000,0,1,20000000,1640000,1
18.649328156000138,1859.552272354,1,20000000,1500000,0,1,20000000,1640000,1
18.66961363700011,1859.572557835,1,20000000,1500000,0,1,20000000,1640000,1
18.6899031370001,1859.592847335,1,20000000,1500000,0,1,20000000,1640000,1
18.71017626700018,1859.613120465,1,20000000,1500000,0,1,20000000,1640000,1
18.73045073000003,1859.633394928,1,20000000,1500000,0,1,20000000,1640000,1
18.75027461800005,1859.653218816,1,20000000,1500000,0,1,20000000,1640000,1
