t_monotonic_s,stamp_sec,stamp_nanosec,x_m,y_m,yaw_rad,vx_mps,vy_mps,yaw_rate_rps,odom_source,odom_prediction_age_s,planner_state,planner_path_forward_span_m,planner_path_length_m,planner_path_max_curvature_m_inv,local_path_source,tracker_state,path_age_s,odom_age_s,path_deviation_m,cmd_linear_x_mps,cmd_angular_z_rps,tracker_desired_steering_deg,raw_curvature_m_inv,filtered_curvature_m_inv,fusion_state,fusion_confidence,desired_speed_pct,applied_speed_pct,desired_steering_deg,applied_steering_deg,bridge_state
4.446963619000002,1775230453,815876876,0.036268002044236934,-0.07981506454473866,-0.04952154656662539,-0.018620731418663793,-0.0071256012505098495,-0.00012914213237244363,corrected,0.0,tracking,1.1505415779806651,1.1652240223802282,0.973241722854492,tracking,tracking,0.0,0.06038641929626465,0.013826325679513229,0.06336069307532205,0.12251489324077611,30.117296271327252,1.9336103709461103,1.9336103709461103,tracking,high,21.320014439069208,20.0,30.117296271327252,1.1986490099997837,tracking
4.460697574000008,1775230453,868244943,0.03529394289219565,-0.08018780807214378,-0.04952830205184901,-0.018620731418663793,-0.0071256012505098495,-0.00012914213237244363,corrected,0.0,tracking,1.149976571048691,1.1638803626861371,0.964043335482408,tracking,tracking,0.0,0.06038641929626465,0.013826325679513229,0.06336069307532205,0.12251489324077611,30.117296271327252,1.9336103709461103,1.9336103709461103,tracking,high,21.320014439069208,20.08602994444743,30.117296271327252,2.281982343333117,tracking
4.481203821000008,1775230453,892312085,0.03484591901205313,-0.08035925351372304,-0.049531409274542595,-0.018620731418663793,-0.0071256012505098495,-0.00012914213237244363,corrected,0.0,tracking,1.149976571048691,1.1638803626861371,0.964043335482408,tracking,tracking,0.0,0.017734766006469727,0.014577619023454187,0.056825884446421976,0.11726706427440507,26.23755854307638,1.6429183422577862,2.0636205739124005,tracking,high,21.18387259263379,20.08602994444743,31.7610770060343,3.36531567666645,tracking
4.538313872000003,1775230453,893190397,0.028255763422854352,-0.08186693519824727,-0.04711226678876174,-0.0191886730762923,-0.002534576341713065,-0.0008966590871520167,corrected,0.0,tracking,1.149976571048691,1.1638803626861371,0.964043335482408,tracking,tracking,0.0,0.027172088623046875,0.01431070529084444,0.06364473658394489,0.11773600805687667,29.46809699200971,1.8834598734217638,1.8498938698817229,tracking,high,21.32593201216552,20.24842601273387,29.0288800096014,6.69419776999949,tracking
4.549165373000008,1775230453,960320656,0.026968737804659863,-0.08203693469066056,-0.04717240764432603,-0.0191886730762923,-0.002534576341713065,-0.0008966590871520167,corrected,0.0,tracking,1.149976571048691,1.1638803626861371,0.964043335482408,tracking,tracking,0.0,0.060193777084350586,0.007690503408588607,0.06310017747261351,0.11735041850820727,28.79200655451137,1.8319099648772261,1.8597478360364237,tracking,high,21.32593201216552,20.324292512996735,29.0288800096014,7.777531103332823,tracking
4.588495316000007,1775230453,968483573,0.03089735858331772,-0.0831553278388063,-0.04908690381737275,-0.019445670757609185,-0.0004682542471979286,5.931406357982753e-06,corrected,0.0,tracking,1.149976571048691,1.1638803626861371,0.964043335482408,tracking,tracking,0.0,0.027857303619384766,0.006430755460188068,0.06357942063910145,0.11706717389131954,28.647511778292944,1.8209797468974167,1.841274624942446,tracking,high,21.314587030679448,20.38039085228798,29.158211867845754,10.187617136666228,tracking
4.594799667000004,1775230454,8390497,0.0301226758446388,-0.08317398229856442,-0.049086667520143464,-0.019445670757609185,-0.0004682542471979286,5.931406357982753e-06,corrected,0.0,tracking,1.149976571048691,1.1638803626861371,0.964043335482408,tracking,tracking,0.0,0.027857303619384766,0.006430755460188068,0.06357942063910145,0.11706717389131954,28.647511778292944,1.8209797468974167,1.841274624942446,tracking,high,21.324571263314613,20.38039085228798,28.91548734344121,11.293929161666677,tracking
4.618906332999998,1775230454,26698088,0.029766786518455872,-0.0831825521592082,-0.04908655896517314,-0.019445670757609185,-0.0004682542471979286,5.931406357982753e-06,corrected,0.0,tracking,1.149976571048691,1.1638803626861371,0.964043335482408,tracking,tracking,0.0,0.011626005172729492,0.009693720468100795,0.0661429448086035,0.11853760715753307,29.597676392963276,1.8934180804150675,1.792142873295753,tracking,high,21.324571263314613,20.454485864532653,28.91548734344121,12.469271121666262,tracking
4.664450376000005,1775230454,24299411,0.028326854055455944,-0.08150715827644937,-0.04192701048525926,-0.020258616599074037,-0.0027286402146527214,0.0027749527196659716,corrected,0.0,tracking,1.149976571048691,1.1638803626861371,0.964043335482408,tracking,tracking,0.0,0.02608323097229004,0.00934536259971542,0.06676863717931154,0.11990636602181898,29.543319697668416,1.8892376480812443,1.7958486362362405,tracking,high,21.39101327456899,20.454485864532653,28.313770791063906,14.651043289999365,tracking
4.666084556000001,1775230454,74406606,0.027312977505513873,-0.08164371766654079,-0.04178813330794025,-0.020258616599074037,-0.0027286402146527214,0.0027749527196659716,corrected,0.0,tracking,1.149976571048691,1.1638803626861371,0.964043335482408,tracking,tracking,0.0,0.02608323097229004,0.00934536259971542,0.06676863717931154,0.11990636602181898,29.543319697668416,1.8892376480812443,1.7958486362362405,tracking,high,21.39101327456899,20.529883302884713,28.313770791063906,15.858061829999329,tracking
4.680375938000012,1775230454,92616605,0.02694398731904044,-0.08169341708489444,-0.04173759035420612,-0.020258616599074037,-0.0027286402146527214,0.0027749527196659716,corrected,0.0,tracking,1.149976571048691,1.1638803626861371,0.964043335482408,tracking,tracking,0.0,0.011663675308227539,0.011129546608511074,0.06594789840077216,0.12004546443730355,28.76568072893309,1.8299163115608896,1.8203076572323036,tracking,high,21.373914550016085,20.529883302884713,28.638613888052966,16.94139516333266,tracking
4.714495924000005,1775230454,98026459,0.027059593251593135,-0.08183933167933369,-0.04455498685879339,-0.02053117114054833,0.019740063029951287,0.012764749985858985,corrected,0.0,tracking,1.149976571048691,1.1638803626861371,0.964043335482408,tracking,tracking,0.0,0.026816368103027344,0.01075666128337909,0.0665843404162436,0.12032803006696091,28.720334710458705,1.8264846168136983,1.8071520918393937,tracking,high,21.387173758671743,20.59969609989934,28.46414160847972,19.266212636666175,tracking
4.7220559560000055,1775230454,136245766,0.026276063261646256,-0.08108599270604629,-0.04406784638543083,-0.02053117114054833,0.019740063029951287,0.012764749985858985,corrected,0.0,tracking,1.149976571048691,1.1638803626861371,0.964043335482408,tracking,tracking,0.0,0.026816368103027344,0.01075666128337909,0.0665843404162436,0.12032803006696091,28.720334710458705,1.8264846168136983,1.8071520918393937,tracking,high,21.387173758671743,20.59969609989934,28.46414160847972,19.266212636666175,tracking
4.746393658000002,1775230454,160444487,0.025779263532722127,-0.08060833568906021,-0.04375897338985997,-0.02053117114054833,0.019740063029951287,0.012764749985858985,predicted,0.038162946701049805,tracking,1.149976571048691,1.1638803626861371,0.964043335482408,tracking,tracking,0.0,0.016394376754760742,0.010237959468368467,0.06690356675563289,0.12048558936245274,28.52336569227336,1.811612823708765,1.8008843953347011,tracking,high,21.39382430740902,20.657714278368562,28.38081460370454,21.450329614998846,tracking
4.79610026200001,1775230454,175202941,0.03434330598813655,-0.08234293812019643,-0.04533929029283653,-0.03322020762371441,0.07945083509925235,0.076943461566288,predicted,0.038162946701049805,tracking,1.1507121124549884,1.1625370081730295,0.9607834740400994,tracking,tracking,0.0,0.025569438934326172,0.009840256497337458,0.06710493932923557,0.12045236148145719,28.272198733850846,1.792729286787047,1.7949850292015654,tracking,high,21.398019569359075,20.759481836405083,28.302264615958887,24.707497901665537,tracking
4.802016244000001,1775230454,216544460,0.03297183221515425,-0.07906286420210383,-0.04216273159290518,-0.03322020762371441,0.07945083509925235,0.076943461566288,corrected,0.0,tracking,1.1507121124549884,1.1625370081730295,0.9607834740400994,tracking,tracking,0.0,0.025569438934326172,0.009840256497337458,0.06710493932923557,0.12045236148145719,28.272198733850846,1.792729286787047,1.7949850292015654,tracking,high,21.398019569359075,20.759481836405083,28.302264615958887,24.707497901665537,tracking
4.814647186000002,1775230454,226960224,0.032625967912873734,-0.07823568070107144,-0.04136165301594064,-0.03322020762371441,0.07945083509925235,0.076943461566288,corrected,0.0,tracking,1.1507121124549884,1.1625370081730295,0.9607834740400994,tracking,tracking,0.0,0.04412102699279785,0.018158090531692744,0.07213552568791586,0.12408777955776326,30.324945098524342,1.9497900269077542,1.7202034417079246,tracking,high,21.50282345183158,20.759481836405083,27.296495584906097,25.808700406665356,tracking
4.864418568000005,1775230454,252707385,0.05047102929826854,-0.08130191626675756,-0.03928735998776129,-0.05285188658650507,0.1335194448628532,0.21434629982116507,corrected,0.0,tracking,1.1507121124549884,1.1625370081730295,0.9607834740400994,tracking,tracking,0.0,0.025759458541870117,0.016437390115319323,0.06937559515964245,0.1245087281674139,28.66560365225177,1.8223466429914918,1.7947050094619412,tracking,high,21.445324899159218,20.85692992497098,28.2985332687916,28.2985332687916,tracking
4.872286877000008,1775230454,285651319,0.048733028866917626,-0.07691121486037435,-0.03223871923701128,-0.05285188658650507,0.1335194448628532,0.21434629982116507,corrected,0.0,tracking,1.1507121124549884,1.1625370081730295,0.9607834740400994,tracking,tracking,0.0,0.025759458541870117,0.016437390115319323,0.06937559515964245,0.1245087281674139,28.66560365225177,1.8223466429914918,1.7947050094619412,tracking,high,21.445324899159218,20.85692992497098,28.2985332687916,28.2985332687916,tracking
4.878179987999999,1775230454,292362669,0.04837826392499723,-0.07601497404171438,-0.03079993327272135,-0.05285188658650507,0.1335194448628532,0.21434629982116507,corrected,0.0,tracking,1.1507121124549884,1.1625370081730295,0.9607834740400994,tracking,tracking,0.0,0.033479928970336914,0.011552082114752928,0.07109074525724096,0.11996357728136722,22.72706412365315,1.3962139453234814,1.687471088497955,tracking,high,21.481057192859186,20.85692992497098,26.850417721099728,27.111473238791888,tracking
4.911594069000003,1775230454,325748694,0.04661351184302129,-0.07155669008016972,-0.023642798432243844,-0.05285188658650507,0.1335194448628532,0.21434629982116507,corrected,0.0,tracking,1.1507121124549884,1.1625370081730295,0.9607834740400994,tracking,tracking,0.0,0.027163982391357422,0.009425998734321678,0.07632799148816477,0.11568506040574869,20.710684542547625,1.2602721126023877,1.5156308734219284,tracking,high,21.590166489336767,20.898007193697516,24.4507830883399,25.706144461100106,tracking
4.930378363000003,1775230454,327293023,0.06979225555446354,-0.07767831313554466,-0.013657325405565275,-0.07056649182616766,0.17649829767572178,0.3315256137171927,corrected,0.0,tracking,1.1507121124549884,1.1625370081730295,0.9607834740400994,tracking,tracking,0.0,0.027163982391357422,0.009425998734321678,0.07632799148816477,0.11568506040574869,20.710684542547625,1.2602721126023877,1.5156308734219284,tracking,high,21.590166489336767,20.945182998269903,24.4507830883399,24.622811127766774,tracking
4.943689710000001,1775230454,358758999,0.06757382873580309,-0.07212966608112864,-0.003235023070417037,-0.07056649182616766,0.17649829767572178,0.3315256137171927,corrected,0.0,tracking,1.1507121124549884,1.1625370081730295,0.9607834740400994,tracking,tracking,0.0,0.02518463134765625,0.018167461581769313,0.07248122080007684,0.11310814365197408,22.761265432588004,1.3985533783670003,1.5605165366068747,tracking,high,21.510025433334935,20.945182998269903,25.08687696437224,25.08687696437224,tracking
4.977148588000006,1775230454,392164821,0.06521698788509968,-0.06623482297249762,0.007837556694324132,-0.07056649182616766,0.17649829767572178,0.3315256137171927,corrected,0.0,tracking,1.1507121124549884,1.1625370081730295,0.9607834740400994,tracking,tracking,0.0,0.027098417282104492,0.011743028530378816,0.08348265260268532,0.10950071376188841,18.492071527062926,1.114804855659772,1.3116582948439541,tracking,high,21.739221929222612,20.98620133655032,21.479513105331822,24.00354363103891,tracking
5.007058569000009,1775230454,403321397,0.09151293774719596,-0.06587792800229658,0.03803825038206876,-0.08723732729268155,0.20874994041872144,0.41829097084835765,corrected,0.0,tracking,1.1471777657911197,1.1599145535690873,0.9654038008233725,tracking,tracking,0.0,0.027032136917114258,0.010380400706686535,0.09133689165605713,0.10556289070539362,16.05606080530388,0.9593485985218884,1.1557530455810412,tracking,high,21.739221929222612,21.0439031032068,21.479513105331822,22.85695923103927,tracking
5.011049815000007,1775230454,425513198,0.08958058588871029,-0.06125400900058814,0.047303611437833314,-0.08723732729268155,0.20874994041872144,0.41829097084835765,corrected,0.0,tracking,1.1471777657911197,1.1599145535690873,0.9654038008233725,tracking,tracking,0.0,0.027032136917114258,0.010380400706686535,0.09133689165605713,0.10556289070539362,16.05606080530388,0.9593485985218884,1.1557530455810412,tracking,high,21.90285190950119,21.0439031032068,19.122756689317512,21.773625897705937,tracking
5.044534600000006,1775230454,458997113,0.0866610719103675,-0.05426791270506567,0.06130227891545112,-0.08723732729268155,0.20874994041872144,0.41829097084835765,corrected,0.0,tracking,1.1471777657911197,1.1599145535690873,0.9654038008233725,tracking,tracking,0.0,0.027155637741088867,0.02160841926848872,0.11739550072877004,0.09837643350993307,9.52191799246027,0.5591196263989745,0.8379915150004043,tracking,high,22.44573959851604,21.107006085972987,14.111577002027845,19.56528911770553,tracking
5.099097393000008,1775230454,481046118,0.11028264748537348,-0.05558436498481448,0.06771852830754586,-0.1144796219000728,0.2344486398609547,0.5098012795006127,corrected,0.0,tracking,1.1471777657911197,1.1599145535690873,0.9654038008233725,tracking,tracking,0.0,0.027730941772460938,0.02007373757989714,0.12136783810435949,0.0921456186690681,8.95645687619354,0.5253516623596959,0.7592260034312852,tracking,high,22.528496627174157,21.298587567868964,12.831235610451262,16.307698396039218,tracking
5.111266040000004,1775230454,520544273,0.10576755344993931,-0.04633767428229063,0.08782516980518393,-0.1144796219000728,0.2344486398609547,0.5098012795006127,corrected,0.0,tracking,1.1471777657911197,1.1599145535690873,0.9654038008233725,tracking,tracking,0.0,0.03830218315124512,0.01327877743698041,0.1258640814990771,0.08659945144107768,8.317155437000972,0.48730009215548525,0.6880394343616822,tracking,high,22.622168364564107,21.298587567868964,11.66273415835208,15.105377861039319,tracking
5.11247800000001,1775230454,526127978,0.10512750753682555,-0.04502689170555337,0.09067542577239313,-0.1144796219000728,0.2344486398609547,0.5098012795006127,corrected,0.0,tracking,1.1471777657911197,1.1599145535690873,0.9654038008233725,tracking,tracking,0.0,0.03830218315124512,0.01327877743698041,0.1258640814990771,0.08659945144107768,8.317155437000972,0.48730009215548525,0.6880394343616822,tracking,high,22.622168364564107,21.298587567868964,11.66273415835208,15.105377861039319,tracking
5.144980269000001,1775230454,559028023,0.10136188133628225,-0.03731507429832285,0.10744453300122109,-0.1144796219000728,0.2344486398609547,0.5098012795006127,corrected,0.0,tracking,1.1471777657911197,1.1599145535690873,0.9654038008233725,tracking,tracking,0.0,0.026577234268188477,0.005113010291738033,0.1551895329528007,0.07755862123435259,4.021997911169293,0.2343754521790713,0.4997670896911665,tracking,high,23.233115269850014,21.384319930530726,8.526850231619445,12.938711194372651,tracking
5.187586562000007,1775230454,557459436,0.14919996423119816,-0.04384630048978501,0.09957753576369983,-0.13953655816292984,0.25800059578570034,0.5640037507803195,corrected,0.0,tracking,1.1471777657911197,1.1599145535690873,0.9654038008233725,tracking,tracking,0.0,0.029430389404296875,0.0018407787497793564,0.186680030963635,0.0,0.8806441869731881,0.05123783689738543,0.0,tracking,high,23.233115269850014,21.64410844946884,8.526850231619445,10.765050549372098,tracking
5.195539537000002,1775230454,608865887,0.142034778949574,-0.030598001291983232,0.12853905973330548,-0.13953655816292984,0.25800059578570034,0.5640037507803195,corrected,0.0,tracking,1.1471777657911197,1.1599145535690873,0.9654038008233725,tracking,tracking,0.0,0.029430389404296875,0.0018407787497793564,0.186680030963635,0.0,0.8806441869731881,0.05123783689738543,0.0,tracking,high,23.889167311742398,21.64410844946884,0.0,9.681717216038765,tracking
5.236611761000006,1775230454,611547730,0.17382208575326605,-0.028946631786940354,0.15442154660878202,-0.16201065660905778,0.2804954806177218,0.612621814018056,corrected,0.0,tracking,1.1471777657911197,1.1599145535690873,0.9654038008233725,tracking,tracking,0.0,0.010447263717651367,0.00576448528035048,0.17474539367068354,-0.021985537855742143,-2.1615691565081274,-0.12581469184346566,-0.12581469184346566,tracking,high,23.64052903480591,21.775814202253507,-2.1615691565081274,7.4143138527055585,tracking
5.246721211000008,1775230454,658142159,0.16628249251074195,-0.015893034730500244,0.1829315186431473,-0.16201065660905778,0.2804954806177218,0.612621814018056,predicted,0.04653763771057129,tracking,1.1471777657911197,1.1599145535690873,0.9654038008233725,tracking,tracking,0.0,0.04385042190551758,0.00576448528035048,0.1763885767523194,-0.02202275043889266,-2.1615691565081274,-0.12581469184346566,-0.12485360925507369,tracking,high,23.64052903480591,21.91159643534175,-2.1615691565081274,6.330791282705204,tracking
5.247878985,1775230454,661050317,0.16581086477055035,-0.015076486903174811,0.1847149164009542,-0.16201065660905778,0.2804954806177218,0.612621814018056,predicted,0.04653763771057129,tracking,1.1471777657911197,1.1599145535690873,0.9654038008233725,tracking,tracking,0.0,0.04385042190551758,0.00576448528035048,0.1763885767523194,-0.02202275043889266,-2.1615691565081274,-0.12581469184346566,-0.12485360925507369,tracking,high,23.64052903480591,21.91159643534175,-2.1615691565081274,6.330791282705204,tracking
5.282273915000005,1775230454,692313942,0.16074637081844373,-0.006308127494511873,0.2038656286871827,-0.16201065660905778,0.2804954806177218,0.612621814018056,predicted,0.04653763771057129,tracking,1.1471777657911197,1.1599145535690873,0.9654038008233725,tracking,tracking,0.0,0.02704334259033203,0.015251254663689286,0.13286287481612918,-0.029499838223143563,-8.167385126173349,-0.47840397180949823,-0.22203221376903673,tracking,high,23.67476201567332,22.052872844956255,-2.145072686152319,4.046013527704884,tracking
5.321363257000002,1775230454,686684793,0.21197549301337468,-0.007129715934111172,0.21982184998206336,-0.1967626099214369,0.3067051890026448,0.6275271357873027,predicted,0.04653763771057129,tracking,1.1503268830688236,1.1623290621172895,0.9703008916637628,tracking,tracking,0.0,0.02765798568725586,0.018201300700740962,0.1203083435709968,-0.03797756182292366,-10.813530791314912,-0.6366832124254445,-0.3156685620936357,tracking,high,22.506423824395767,22.052872844956255,-5.409809315269334,1.8793468610382174,tracking
5.331740445999998,1775230454,742854673,0.20093473940857634,0.01008014127627736,0.2550336846356024,-0.1967626099214369,0.3067051890026448,0.6275271357873027,corrected,0.0,tracking,1.1503268830688236,1.1623290621172895,0.9703008916637628,tracking,tracking,0.0,0.02765798568725586,0.018201300700740962,0.1203083435709968,-0.03797756182292366,-10.813530791314912,-0.6366832124254445,-0.3156685620936357,tracking,high,22.506423824395767,22.086037072690146,-5.409809315269334,0.7871564760386345,tracking
5.345290275000011,1775230454,758924827,0.197771988592638,0.015010102751976142,0.26512051953541993,-0.1967626099214369,0.3067051890026448,0.6275271357873027,corrected,0.0,tracking,1.1503268830688236,1.1623290621172895,0.9703008916637628,tracking,tracking,0.0,0.009773015975952148,0.008627409324603834,0.09571789790647572,-0.04925242797206498,-17.502708579258023,-1.0511692096941037,-0.5145581866015138,tracking,high,21.994122873051577,22.086037072690146,-8.77533778726989,-0.3841350739615852,tracking
5.402430336999998,1775230454,764383884,0.24708010815483508,0.014227854709586193,0.2739705787048601,-0.2225793787327606,0.3328851157203312,0.5711570032221034,corrected,0.0,tracking,1.1503268830688236,1.1623290621172895,0.9703008916637628,tracking,tracking,0.0,0.027352333068847656,0.012386152188654678,0.09255532372481158,-0.059323671166124026,-18.82924779570881,-1.1366583230043688,-0.640953634849866,tracking,high,21.928235910933573,22.069105536200542,-10.88433349522114,-3.654954530628551,tracking
5.4126858430000055,1775230454,823938884,0.23383658672307783,0.034034591476734516,0.3079545445876656,-0.2225793787327606,0.3328851157203312,0.5711570032221034,corrected,0.0,tracking,1.1503268830688236,1.1623290621172895,0.9703008916637628,tracking,tracking,0.0,0.060456037521362305,0.012386152188654678,0.09337908506054197,-0.06775063091736933,-18.82924779570881,-1.1366583230043688,-0.7255439574444691,tracking,high,21.945397605427956,22.069105536200542,-12.279647663277629,-4.811764340628592,tracking
5.413824986999998,1775230454,827130874,0.233124532922534,0.035099524415008757,0.3097817332390448,-0.2225793787327606,0.3328851157203312,0.5711570032221034,corrected,0.0,tracking,1.1503268830688236,1.1623290621172895,0.9703008916637628,tracking,tracking,0.0,0.060456037521362305,0.012386152188654678,0.09337908506054197,-0.06775063091736933,-18.82924779570881,-1.1366583230043688,-0.7255439574444691,tracking,high,21.945397605427956,22.069105536200542,-12.279647663277629,-4.811764340628592,tracking
5.475334555000003,1775230454,840258018,0.2839354029199055,0.03350497374376163,0.28627426542910656,-0.2314170254172233,0.38585280941374767,0.3423030737156125,corrected,0.0,tracking,1.1503268830688236,1.1623290621172895,0.9703008916637628,tracking,tracking,0.0,0.058931827545166016,0.01983379676812539,0.08619080378934234,-0.08343036447453278,-21.998610189474196,-1.3466600324502676,-0.9679729252606077,tracking,high,21.779962065765268,22.04130102011886,-14.991614117034295,-8.11301211729611,tracking
5.481439629000008,1775230454,895247125,0.27122312052282493,0.054700777588059926,0.30507777969352284,-0.2314170254172233,0.38585280941374767,0.3423030737156125,corrected,0.0,tracking,1.1503268830688236,1.1623290621172895,0.9703008916637628,tracking,tracking,0.0,0.058931827545166016,0.01983379676812539,0.08619080378934234,-0.08343036447453278,-21.998610189474196,-1.3466600324502676,-0.9679729252606077,tracking,high,21.7956417456113,22.04130102011886,-16.192867969642208,-9.224092152296182,tracking
5.543938045000004,1775230454,917013909,0.3272861178452748,0.05088802328839248,0.29343171103385796,-0.21523258710736679,0.4415169406949535,0.057281779570650074,corrected,0.0,tracking,1.1503268830688236,1.1623290621172895,0.9703008916637628,tracking,tracking,0.0,0.05747580528259277,0.03968627297116866,0.08821844923166251,-0.09448198262082591,-21.800633230566493,-1.3332809471692988,-1.0710002663129488,tracking,high,21.83788435899297,22.00944370946404,-17.812216033839302,-13.614419933961797,tracking
5.550440766000008,1775230454,964349687,0.3171100593254967,0.07176266075090643,0.2961399567919095,-0.21523258710736679,0.4415169406949535,0.057281779570650074,corrected,0.0,tracking,1.1503268830688236,1.1623290621172895,0.9703008916637628,tracking,tracking,0.0,0.05747580528259277,0.03968627297116866,0.08821844923166251,-0.09448198262082591,-21.800633230566493,-1.3332809471692988,-1.0710002663129488,tracking,high,21.83788435899297,22.00944370946404,-17.812216033839302,-13.614419933961797,tracking
5.578816158999999,1775230454,992259600,0.31110276513739993,0.08408571176947718,0.2977387318943383,-0.21523258710736679,0.4415169406949535,0.057281779570650074,corrected,0.0,tracking,1.1503268830688236,1.1623290621172895,0.9703008916637628,tracking,tracking,0.0,0.02195572853088379,0.05102350096363107,0.09491667993239306,-0.09785849344799476,-19.693055395064,-1.1930503277796454,-1.030993641135542,tracking,high,21.977430831924856,21.997472363759634,-17.18673851200821,-15.893587062294987,tracking
5.601771905000007,1775230454,993409282,0.36999424949732757,0.06451320337405914,0.2631651074176748,-0.1889384980566181,0.4889965595202828,-0.16587706651832182,corrected,0.0,tracking,1.1503268830688236,1.1623290621172895,0.9703008916637628,tracking,tracking,0.0,0.02195572853088379,0.05102350096363107,0.09491667993239306,-0.09785849344799476,-19.693055395064,-1.1930503277796454,-1.030993641135542,tracking,high,21.977430831924856,21.996161909972653,-17.18673851200821,-16.97692039562832,tracking
5.612437206999999,1775230455,25616186,0.36392063688055637,0.08023247553938614,0.2578328270491881,-0.1889384980566181,0.4889965595202828,-0.16587706651832182,corrected,0.0,tracking,1.1503268830688236,1.1623290621172895,0.9703008916637628,tracking,tracking,0.0,0.027090787887573242,0.06442272754475481,0.09324513408130822,-0.10120356436328712,-20.537587358136985,-1.2487753050324188,-1.0853495505195936,tracking,high,21.942606960027256,21.996161909972653,-18.035501396834473,-18.035501396834473,tracking
5.647125402,1775230455,59040792,0.35760575548698903,0.09657618159715171,0.2522887266580534,-0.1889384980566181,0.4889965595202828,-0.16587706651832182,corrected,0.0,tracking,1.1480085666491502,1.152656497514722,0.9608073911231666,tracking,tracking,0.0,0.027031660079956055,0.06123981609867374,0.10842888544273258,-0.10176703225235728,-16.10185004255749,-0.9622338281794168,-0.9385601616840948,tracking,high,22.25893511339026,21.99292653273542,-15.72552347416299,-16.922843096833827,tracking
5.693937562000002,1775230455,69760576,0.4222326556861575,0.0758913039235764,0.24545519309216726,-0.16493154874389399,0.5176843964049876,-0.27187266235116053,corrected,0.0,tracking,1.1480085666491502,1.152656497514722,0.9608073911231666,tracking,tracking,0.0,0.027018070220947266,0.08725755784325814,0.10693641064788091,-0.1027794634089888,-16.766352891968015,-1.0042571013797832,-0.9611269238072703,tracking,high,22.22784188849752,22.030667530526628,-16.084285717953183,-16.084285717953183,tracking
5.701162670000002,1775230455,115518812,0.4146947999556681,0.09955099986256054,0.23302981467624445,-0.16493154874389399,0.5176843964049876,-0.27187266235116053,corrected,0.0,tracking,1.1480085666491502,1.152656497514722,0.9608073911231666,tracking,tracking,0.0,0.027018070220947266,0.08725755784325814,0.10693641064788091,-0.1027794634089888,-16.766352891968015,-1.0042571013797832,-0.9611269238072703,tracking,high,22.22784188849752,22.030667530526628,-16.084285717953183,-16.084285717953183,tracking
5.711224252000008,1775230455,125690394,0.4130185106377256,0.10481250883624203,0.23026662447272853,-0.16493154874389399,0.5176843964049876,-0.27187266235116053,corrected,0.0,tracking,1.1480085666491502,1.152656497514722,0.9608073911231666,tracking,tracking,0.0,0.0037386417388916016,0.0912251140116323,0.11623354386720217,-0.10239254820910132,-14.559559614717514,-0.8657564001979976,-0.8809208151313506,tracking,high,22.421532163900046,22.030667530526628,-14.803473001698976,-14.979729472952986,tracking
5.798101424000009,1775230455,146845740,0.481286386205224,0.086440949704012,0.2270264920070717,-0.14204830918768382,0.5327342107027512,-0.3239277766576447,corrected,0.0,tracking,1.1480085666491502,1.152656497514722,0.9608073911231666,tracking,tracking,0.0,0.060425519943237305,0.09693458033630147,0.11762392890593665,-0.10239314761508748,-14.687613096403224,-0.8737134344064376,-0.8705129013074444,tracking,high,22.45049851887368,22.11372246987344,-14.636124501682932,-14.636124501682932,tracking
5.816903592000003,1775230455,220993727,0.47076273762003923,0.12590856220008273,0.20302830358779803,-0.14204830918768382,0.5327342107027512,-0.3239277766576447,corrected,0.0,tracking,1.1480085666491502,1.152656497514722,0.9608073911231666,tracking,tracking,0.0,0.07257485389709473,0.08081902377498774,0.1227135257258072,-0.10193324794785784,-13.716354663907877,-0.8135871646854265,-0.8306602499191401,tracking,high,22.45049851887368,22.11372246987344,-14.636124501682932,-14.636124501682932,tracking
5.8190662890000056,1775230455,225940509,0.4700579662648404,0.12855171799535275,0.20142113895875693,-0.14204830918768382,0.5327342107027512,-0.3239277766576447,corrected,0.0,tracking,1.1480085666491502,1.152656497514722,0.9608073911231666,tracking,tracking,0.0,0.07257485389709473,0.08081902377498774,0.1227135257258072,-0.10193324794785784,-13.716354663907877,-0.8135871646854265,-0.8306602499191401,tracking,high,22.556531785954316,22.11372246987344,-13.992991155525585,-13.992991155525585,tracking
5.852796949999998,1775230455,224667549,0.5549836966258935,0.09225896412780504,0.19147659716191043,-0.10342513106890718,0.549879726640085,-0.37871769615062745,corrected,0.0,tracking,1.1480085666491502,1.152656497514722,0.9608073911231666,tracking,tracking,0.0,0.02677464485168457,0.13512728515840383,0.0976526172381608,-0.10596210939114435,-20.902475793210325,-1.27304126645662,-1.085092365038388,tracking,high,22.034429525795016,22.14452767236787,-18.031504363256744,-15.07632448885892,tracking
5.861261184,1775230455,274139961,0.5498726363362301,0.119432905372788,0.17276113644377336,-0.10342513106890718,0.549879726640085,-0.37871769615062745,corrected,0.0,tracking,1.1480085666491502,1.152656497514722,0.9608073911231666,tracking,tracking,0.0,0.02677464485168457,0.13512728515840383,0.0976526172381608,-0.10596210939114435,-20.902475793210325,-1.27304126645662,-1.085092365038388,tracking,high,22.034429525795016,22.136498016768073,-18.031504363256744,-16.165580513858647,tracking
5.91159251900001,1775230455,276542083,0.610384863299766,0.09870160006131543,0.1583341491967009,-0.08159756026735412,0.5575641994925713,-0.39254014701951057,corrected,0.0,tracking,1.1480085666491502,1.152656497514722,0.9608073911231666,tracking,tracking,0.0,0.045252084732055664,0.13160702528115906,0.10306873233733022,-0.11133161275582637,-19.66649238358446,-1.1913072762201142,-1.0801686431094626,tracking,high,22.147265257027712,22.13605436976414,-17.954947641017156,-17.954947641017156,tracking
5.915444341000011,1775230455,329523391,0.60606616727742,0.12821167711094164,0.13755826366789606,-0.08159756026735412,0.5575641994925713,-0.39254014701951057,corrected,0.0,tracking,1.1480085666491502,1.152656497514722,0.9608073911231666,tracking,tracking,0.0,0.045252084732055664,0.13160702528115906,0.10306873233733022,-0.11133161275582637,-19.66649238358446,-1.1913072762201142,-1.0801686431094626,tracking,high,22.147265257027712,22.13605436976414,-17.954947641017156,-17.954947641017156,tracking
5.966722450000006,1775230455,352159640,0.6882401072454967,0.10503118570474632,0.12770921799873042,-0.054850149292280596,0.5604286507934564,-0.41515371372673415,corrected,0.0,tracking,1.1480085666491502,1.152656497514722,0.9608073911231666,tracking,tracking,0.0,0.023175477981567383,0.1449800392995998,0.10315680605424184,-0.11368430082399261,-19.889386263362788,-1.205951471180714,-1.1020533222424045,tracking,high,22.149100126130037,22.13770784721763,-18.29471205162557,-18.29471205162557,tracking
5.980867946000004,1775230455,386037838,0.6863848576069875,0.12398710588381918,0.1136670724940211,-0.054850149292280596,0.5604286507934564,-0.41515371372673415,corrected,0.0,tracking,1.1480085666491502,1.152656497514722,0.9608073911231666,tracking,tracking,0.0,0.03793835639953613,0.13250131583556587,0.08647588083118807,-0.11834325526693408,-25.835510379729943,-1.613945758297734,-1.3685117067261239,tracking,high,22.149100126130037,22.13853725712546,-18.29471205162557,-18.29471205162557,tracking
5.98242444200001,1775230455,392274227,0.6860428732743922,0.12748131365867282,0.11107863713796017,-0.054850149292280596,0.5604286507934564,-0.41515371372673415,corrected,0.0,tracking,1.1480085666491502,1.152656497514722,0.9608073911231666,tracking,tracking,0.0,0.03793835639953613,0.13250131583556587,0.08647588083118807,-0.11834325526693408,-25.835510379729943,-1.613945758297734,-1.3685117067261239,tracking,high,22.149100126130037,22.13853725712546,-18.29471205162557,-18.29471205162557,tracking
6.010985951000009,1775230455,425596593,0.6842150728773697,0.14615677258886733,0.09724425140581676,-0.054850149292280596,0.5604286507934564,-0.41515371372673415,corrected,0.0,tracking,1.1480085666491502,1.152656497514722,0.9608073911231666,tracking,tracking,0.0,0.02716541290283203,0.15721986163667026,0.08837095120886782,-0.12397607766587429,-26.929832923103735,-1.6932794203510668,-1.4029053209221718,tracking,high,21.84106148351808,22.13853725712546,-22.82484303404952,-20.461378718292234,tracking
6.073459361000005,1775230455,429353656,0.7642093304249804,0.10403387129345024,0.09990125876842065,-0.02993589693516839,0.5566874394730373,-0.4347844999444473,corrected,0.0,tracking,1.1480085666491502,1.152656497514722,0.9608073911231666,tracking,tracking,0.0,0.027109861373901367,0.17785787885737434,0.09049656819587669,-0.1301357732134765,-27.67379886855684,-1.7480951116673882,-1.4380188752771499,tracking,high,21.88534517074743,22.102541090303784,-23.335640866067234,-23.335640866067234,tracking
6.079310028999998,1775230455,493200599,0.762299931195077,0.13954102748552033,0.0721694292807063,-0.02993589693516839,0.5566874394730373,-0.4347844999444473,corrected,0.0,tracking,1.1480085666491502,1.152656497514722,0.9608073911231666,tracking,tracking,0.0,0.06062459945678711,0.17785787885737434,0.09049656819587669,-0.1351867235625103,-27.67379886855684,-1.7480951116673882,-1.493832597827393,tracking,high,21.88534517074743,22.086399150267727,-23.335640866067234,-23.335640866067234,tracking
6.151785558,1775230455,506127024,0.8207116506477853,0.10194330490215991,0.06318095337692618,0.01533253837438296,0.5540157324589972,-0.45046620040894264,corrected,0.0,tracking,1.0349777671442955,1.102339719054385,0.9745145600863682,tracking,tracking,0.0,0.05952286720275879,0.1758033999849681,0.08709399972041798,-0.13828254266167261,-26.482899902146293,-1.6606967331504054,-1.5877390303072072,tracking,high,21.814458327508707,22.033795159128445,-25.46947399050027,-25.46947399050027,tracking
6.1628149149999985,1775230455,571468500,0.821712645882747,0.1381126002102211,0.0337719599597633,0.01533253837438296,0.5540157324589972,-0.45046620040894264,corrected,0.0,tracking,1.0349777671442955,1.102339719054385,0.9745145600863682,tracking,tracking,0.0,0.05952286720275879,0.1758033999849681,0.08709399972041798,-0.13828254266167261,-26.482899902146293,-1.6606967331504054,-1.5877390303072072,tracking,high,21.814458327508707,22.017676941087792,-25.46947399050027,-25.46947399050027,tracking
6.1897324110000085,1775230455,582828078,0.8854214153309128,0.09783971446036965,0.036814908248202986,0.05950368790178587,0.5476617158280563,-0.46747708135627275,corrected,0.0,tracking,1.0349777671442955,1.102339719054385,0.9745145600863682,tracking,tracking,0.0,0.015302181243896484,0.17904317427544145,0.10762670624976603,-0.13505276941442804,-18.54327603367099,-1.1181180038669052,-1.2548258152675895,tracking,high,22.242223046870127,22.017676941087792,-20.628733567594672,-24.293096580500453,tracking
6.197753349999999,1775230455,610973107,0.8870928171860146,0.11322300985063384,0.02368392278245995,0.05950368790178587,0.5476617158280563,-0.46747708135627275,corrected,0.0,tracking,1.0349777671442955,1.102339719054385,0.9745145600863682,tracking,tracking,0.0,0.015302181243896484,0.17904317427544145,0.10762670624976603,-0.13505276941442804,-18.54327603367099,-1.1181180038669052,-1.2548258152675895,tracking,high,22.242223046870127,22.033928913871456,-20.628733567594672,-23.20976324716712,tracking
6.2114031070000095,1775230455,625622694,0.8879644816128329,0.12124565941154011,0.016835891063087173,0.05950368790178587,0.5476617158280563,-0.46747708135627275,corrected,0.0,tracking,1.0349777671442955,1.102339719054385,0.9745145600863682,tracking,tracking,0.0,0.008340120315551758,0.15907789777769124,0.1025364884289343,-0.13323730008600537,-20.083747224282522,-1.218754714694374,-1.2994135271011267,tracking,high,22.136176842269464,22.033928913871456,-21.297033225569898,-22.12642991383379,tracking
6.2484485350000085,1775230455,660130167,0.8900178200861893,0.14014423378814456,0.0007043081241343703,0.05950368790178587,0.5476617158280563,-0.46747708135627275,predicted,0.04273796081542969,tracking,1.0349777671442955,1.102339719054385,0.9745145600863682,tracking,tracking,0.0,0.027052640914916992,0.16816395219226085,0.10166832074969714,-0.1318906790387558,-20.358754567929935,-1.236924846583585,-1.2972642615339811,tracking,high,22.11809001561869,22.041167103467416,-21.264956484391085,-21.264956484391085,tracking
6.2681120710000044,1775230455,658648894,0.95721969052603,0.08910515054550425,0.003070681009719269,0.11718476599943674,0.5288406700749356,-0.47597442485848107,predicted,0.04273796081542969,tracking,1.0349777671442955,1.102339719054385,0.9745145600863682,tracking,tracking,0.0,0.027052640914916992,0.16816395219226085,0.10166832074969714,-0.1318906790387558,-20.358754567929935,-1.236924846583585,-1.2972642615339811,tracking,high,22.11809001561869,22.046695408028263,-21.264956484391085,-21.264956484391085,tracking
6.280330016000008,1775230455,692424573,0.961171693608159,0.10694006227883825,-0.012981340582100731,0.11718476599943674,0.5288406700749356,-0.47597442485848107,corrected,0.0,tracking,1.0349777671442955,1.102339719054385,0.9745145600863682,tracking,tracking,0.0,0.027830839157104492,0.14303968863710317,0.09683994084612933,-0.13157654830968585,-21.958166632074068,-1.3439238725733118,-1.3587012462011943,tracking,high,22.017498767627693,22.046695408028263,-22.176318796249404,-22.176318796249404,tracking
6.312943568999998,1775230455,725692476,0.9650692435297797,0.12452923348740913,-0.02881218742024309,0.11718476599943674,0.5288406700749356,-0.47597442485848107,corrected,0.0,tracking,1.0349777671442955,1.102339719054385,0.9745145600863682,tracking,tracking,0.0,0.02693963050842285,0.16352498854222738,0.09410921554242321,-0.1317658070706368,-22.918134961326068,-1.4092986016947233,-1.4001371312168516,tracking,high,21.960608657133818,22.044758258018348,-22.784409366463223,-22.784409366463223,tracking
6.396043790000007,1775230455,735211448,1.0415824165937797,0.07786739549720703,-0.045110294772331215,0.16956879063193675,0.5210277965059844,-0.48838788120097654,corrected,0.0,tracking,1.0349777671442955,1.102339719054385,0.9745145600863682,tracking,tracking,0.0,0.06036686897277832,0.16725615200003924,0.10924640287177878,-0.12754012723721006,-18.07765238123788,-1.0880624291100347,-1.1674537914708496,tracking,high,22.27596672649539,22.0867257583229,-19.3020984975597,-19.3020984975597,tracking
6.410121008000004,1775230455,816433952,1.0553462888213134,0.12015914028925331,-0.084752662741547,0.16956879063193675,0.5210277965059844,-0.48838788120097654,corrected,0.0,tracking,1.0349777671442955,1.102339719054385,0.9745145600863682,tracking,tracking,0.0,0.08520770072937012,0.13404142461878507,0.10668553269366812,-0.12639799898463927,-18.819139781929994,-1.1360019228331277,-1.1847716910930426,tracking,high,22.22261526445142,22.0867257583229,-19.566815821941983,-19.566815821941983,tracking
6.435493749000003,1775230455,812141112,1.1117807259774757,0.06155378137085832,-0.07688165352767634,0.18393150188663174,0.5189657757928241,-0.4960331282920367,corrected,0.0,tracking,1.0349777671442955,1.102339719054385,0.9745145600863682,tracking,tracking,0.0,0.08520770072937012,0.13404142461878507,0.10668553269366812,-0.12639799898463927,-18.819139781929994,-1.1360019228331277,-1.1847716910930426,tracking,high,22.22261526445142,22.0974004473277,-19.566815821941983,-19.566815821941983,tracking
6.441802582000008,1775230455,854467859,1.119555982852158,0.08349179728748499,-0.0978502475491615,0.18393150188663174,0.5189657757928241,-0.4960331282920367,corrected,0.0,tracking,1.0349777671442955,1.102339719054385,0.9745145600863682,tracking,tracking,0.0,0.040746212005615234,0.13079013460871733,0.09932923566291467,-0.1266652115134727,-21.11846978439545,-1.287460959306061,-1.2752057404662396,tracking,high,22.22261526445142,22.0974004473277,-19.566815821941983,-19.566815821941983,tracking
6.446906123000005,1775230455,859297734,1.1204457538781207,0.08600230095885368,-0.10024981424080937,0.18393150188663174,0.5189657757928241,-0.4960331282920367,corrected,0.0,tracking,1.0349777671442955,1.102339719054385,0.9745145600863682,tracking,tracking,0.0,0.040746212005615234,0.13079013460871733,0.09932923566291467,-0.1266652115134727,-21.11846978439545,-1.287460959306061,-1.2752057404662396,tracking,high,22.06935907631072,22.0974004473277,-20.93493753260486,-20.650149155275315,tracking
6.488141595000002,1775230455,892294397,1.1265127293177917,0.10312037254240161,-0.11661145308865517,0.18393150188663174,0.5189657757928241,-0.4960331282920367,corrected,0.0,tracking,1.0318890154459213,1.1258051018747544,0.9728101614672235,tracking,tracking,0.0,0.0347750186920166,0.15985296184510198,0.0942001907378091,-0.12772362404758797,-22.885477379930453,-1.4070595835242468,-1.3558743676335634,tracking,high,22.06935907631072,22.093257611083466,-20.93493753260486,-20.93493753260486,tracking
6.513095430000007,1775230455,888408556,1.2065033037038901,0.04389077427086341,-0.12391841036787309,0.2811813614512067,0.4961913451178848,-0.5147010250727585,corrected,0.0,tracking,1.0318890154459213,1.1258051018747544,0.9728101614672235,tracking,tracking,0.0,0.027161121368408203,0.18026140408086758,0.09117022723667793,-0.12908733453483848,-23.999128104158387,-1.4840348381491202,-1.4158935262904162,tracking,high,21.899379734097458,22.093257611083466,-23.01423490855031,-23.01423490855031,tracking
6.520105446000002,1775230455,934615088,1.2194798818854877,0.06679010781744914,-0.14767196948549635,0.2811813614512067,0.4961913451178848,-0.5147010250727585,corrected,0.0,tracking,1.0318890154459213,1.1258051018747544,0.9728101614672235,tracking,tracking,0.0,0.027161121368408203,0.18026140408086758,0.09117022723667793,-0.12908733453483848,-23.999128104158387,-1.4840348381491202,-1.4158935262904162,tracking,high,21.899379734097458,22.093257611083466,-23.01423490855031,-23.01423490855031,tracking
6.555660454000005,1775230455,942799416,1.2749066953115744,0.022563984322919395,-0.1536500835864365,0.313403676731344,0.4827849923068382,-0.5376380291941726,corrected,0.0,tracking,1.0318890154459213,1.1258051018747544,0.9728101614672235,tracking,tracking,0.0,0.02378988265991211,0.01533780568057944,0.09527753867531154,-0.08216975701089127,22.50231668048678,1.3808697806508985,-0.8624252699359795,tracking,high,21.899379734097458,22.066027602296355,-23.01423490855031,-23.01423490855031,tracking
6.563371561000011,1775230455,977081909,1.2856335298529424,0.03908821526220874,-0.17205176362561747,0.313403676731344,0.4827849923068382,-0.5376380291941726,corrected,0.0,tracking,1.0318890154459213,1.1258051018747544,0.9728101614672235,tracking,tracking,0.0,0.02378988265991211,0.01533780568057944,0.09527753867531154,-0.08216975701089127,22.50231668048678,1.3808697806508985,-0.8624252699359795,tracking,high,21.984948722402322,22.066027602296355,-14.505907090075901,-21.83019354355027,tracking
6.578638924000003,1775230455,992354975,1.2904179320853768,0.0464583827697158,-0.18025931439191933,0.313403676731344,0.4827849923068382,-0.5376380291941726,corrected,0.0,tracking,1.0318890154459213,1.1258051018747544,0.9728101614672235,tracking,tracking,0.0,0.00883626937866211,0.038733624192047844,0.08,-0.039022767685399376,30.572853436502992,1.9691967405230189,-0.4877845960674922,tracking,high,21.666666666666668,22.066027602296355,-8.325309018030705,-20.746860210216937,tracking
6.624739110000007,1775230456,18780567,1.3556895058346767,-0.0068511217615661035,-0.20086131693527665,0.34972331934316814,0.46533516804964337,-0.5503165407135934,corrected,0.0,tracking,1.0318890154459213,1.1258051018747544,0.9728101614672235,tracking,tracking,0.0,0.02774500846862793,0.031190379499077825,0.08,-0.003546077186365782,30.65786550415504,1.9758744663653962,-0.044325964829572274,tracking,high,21.666666666666668,21.985539633108683,-0.7618623073815814,-17.419231728551004,tracking
6.627797176000001,1775230456,42898446,1.364112357528328,0.004356163802587288,-0.21411532188896262,0.34972331934316814,0.46533516804964337,-0.5503165407135934,corrected,0.0,tracking,1.0318890154459213,1.1258051018747544,0.9728101614672235,tracking,tracking,0.0,0.02774500846862793,0.031190379499077825,0.08,-0.003546077186365782,30.65786550415504,1.9758744663653962,-0.044325964829572274,tracking,high,21.666666666666668,21.985539633108683,-0.7618623073815814,-17.419231728551004,tracking
6.6437921320000015,1775230456,58832791,1.3696838450024145,0.011769478605013903,-0.2228824859406104,0.34972331934316814,0.46533516804964337,-0.5503165407135934,corrected,0.0,tracking,1.0318890154459213,1.1258051018747544,0.9728101614672235,tracking,tracking,0.0,0.009573936462402344,0.0841791630471332,0.08,0.040237388439679646,41.95103370706721,2.9961924814235825,0.5029673554959956,tracking,high,21.666666666666668,21.962167589212306,8.580641806494722,-16.335898395217672,tracking
6.677080504000003,1775230456,92129959,1.3813302716322475,0.027265991400185187,-0.2412090339861963,0.34972331934316814,0.46533516804964337,-0.5503165407135934,corrected,0.0,tracking,1.0318890154459213,1.1258051018747544,0.9728101614672235,tracking,tracking,0.0,0.027052879333496094,0.11068072726272302,0.09679527178667849,0.06636130669168878,29.878345125337468,1.915075645699255,0.6855841764455048,tracking,high,22.01656816222247,21.94031116471902,11.622250093138174,-14.167022291884022,tracking
6.698256964999999,1775230456,95102507,1.4414046048361342,-0.03700540322157618,-0.24514096287719464,0.3955326015841326,0.4527378188678611,-0.5543745780145082,corrected,0.0,tracking,1.0318890154459213,1.1258051018747544,0.9728101614672235,tracking,tracking,0.0,0.027052879333496094,0.11068072726272302,0.09679527178667849,0.06636130669168878,29.878345125337468,1.915075645699255,0.6855841764455048,tracking,high,22.01656816222247,21.945875973514845,11.622250093138174,-13.077106516883743,tracking
6.710410432000003,1775230456,125424035,1.4533860919104307,-0.023291053751810224,-0.2619340965258418,0.3955326015841326,0.4527378188678611,-0.5543745780145082,corrected,0.0,tracking,1.0318890154459213,1.1258051018747544,0.9728101614672235,tracking,tracking,0.0,0.02434849739074707,0.16957349320869886,0.08,0.09014642296999323,36.663191665293176,2.481260519639474,1.1268302871249154,tracking,high,21.666666666666668,21.945875973514845,18.677777290867503,-11.99377318355041,tracking
6.746506296000007,1775230456,160446069,1.4672277865659729,-0.007447457995893476,-0.28133447870151845,0.3955326015841326,0.4527378188678611,-0.5543745780145082,predicted,0.030292034149169922,tracking,1.0501114663138642,1.061396461403014,0.9491626062269848,tracking,tracking,0.0,0.027281761169433594,0.15628876800105118,0.08,0.1109933818627104,37.68108850791233,2.5745357657858294,1.38741727328388,tracking,high,21.666666666666668,21.90605533185768,22.59830825610708,-9.785117773550887,tracking
6.808191960000002,1775230456,171387076,1.5338887853586136,-0.07400000489455352,-0.28726574446603553,0.4451874054529882,0.4417759235399819,-0.5648969179417508,predicted,0.030292034149169922,tracking,1.0501114663138642,1.061396461403014,0.9491626062269848,tracking,tracking,0.0,0.05893850326538086,0.1624756451781482,0.12,0.17298560027374993,42.781336306335376,3.0846842330600315,1.4415466689479162,tracking,high,21.666666666666668,21.85747599377665,25.937642979499614,-6.472850871884033,tracking
6.8141609070000015,1775230456,228543419,1.5593078443031974,-0.048775732816742995,-0.31951990951853576,0.4451874054529882,0.4417759235399819,-0.5648969179417508,corrected,0.0,tracking,1.0501114663138642,1.061396461403014,0.9491626062269848,tracking,tracking,0.0,0.05893850326538086,0.1624756451781482,0.12,0.17298560027374993,42.781336306335376,3.0846842330600315,1.4415466689479162,tracking,high,22.5,21.85747599377665,23.38674482312824,-5.207259791884438,tracking
6.867911389,1775230456,248275643,1.6105429957265827,-0.11514687190717537,-0.32769550034579226,0.4842410421724403,0.4226989680494203,-0.5721165548733206,corrected,0.0,tracking,1.0501114663138642,1.061396461403014,0.9491626062269848,tracking,tracking,0.0,0.024184465408325195,0.23189445098650738,0.12,0.2122867782853401,44.37194795260951,3.2610456509659786,1.7690564857111675,tracking,high,22.5,21.981227751975176,27.955649811159244,-1.8992455802179824,tracking
6.8770027720000115,1775230456,290061177,1.6307505700014664,-0.09750747324229794,-0.3515701552586162,0.4842410421724403,0.4226989680494203,-0.5721165548733206,corrected,0.0,tracking,1.0501114663138642,1.061396461403014,0.9491626062269848,tracking,tracking,0.0,0.0377192497253418,0.31315702367704307,0.12,0.23901309054048248,42.047797344023394,3.006385756782573,1.9917757545040207,tracking,high,22.5,22.02090869394033,30.859698991918467,-0.7687361352180238,tracking
6.878444731000002,1775230456,292987613,1.6321695912858898,-0.09626879502147861,-0.3532466871876199,0.4842410421724403,0.4226989680494203,-0.5721165548733206,corrected,0.0,tracking,1.0501114663138642,1.061396461403014,0.9491626062269848,tracking,tracking,0.0,0.0377192497253418,0.31315702367704307,0.12,0.23901309054048248,42.047797344023394,3.006385756782573,1.9917757545040207,tracking,high,22.5,22.02090869394033,30.859698991918467,-0.7687361352180238,tracking
6.9117614729999985,1775230456,325688320,1.6479989924952867,-0.08245114849148939,-0.37194865933975085,0.4842410421724403,0.4226989680494203,-0.5721165548733206,corrected,0.0,tracking,1.0501114663138642,1.061396461403014,0.9491626062269848,tracking,tracking,0.0,0.026384353637695312,0.30268332749125954,0.12,0.2645193161324775,43.58493438216441,3.172619531911195,2.2043276344373126,tracking,high,22.5,22.05481009452539,30.859698991918467,0.3145971981153095,tracking
6.942219538000003,1775230456,324891452,1.6911624228969446,-0.15292769367078085,-0.36245175989016876,0.5160516713327747,0.38989054289487746,-0.5793614848384845,corrected,0.0,tracking,1.0501114663138642,1.061396461403014,0.9491626062269848,tracking,tracking,0.0,0.027038097381591797,0.2961054023610205,0.12,0.28097746421673553,41.665363514746964,2.966278934634445,2.3414788684727963,tracking,high,22.5,22.11855966061726,33.47659591612055,2.5379275064489155,tracking
6.947693153000003,1775230456,362229702,1.7103997645563083,-0.13839337860102707,-0.38404916078479184,0.5160516713327747,0.38989054289487746,-0.5793614848384845,corrected,0.0,tracking,1.0501114663138642,1.061396461403014,0.9491626062269848,tracking,tracking,0.0,0.027038097381591797,0.2961054023610205,0.12,0.28097746421673553,41.665363514746964,2.966278934634445,2.3414788684727963,tracking,high,22.5,22.148824448193615,33.47659591612055,3.686091601448786,tracking
6.977643237000009,1775230456,392233471,1.725884744948509,-0.12669407066885988,-0.40143385640945745,0.5160516713327747,0.38989054289487746,-0.5793614848384845,corrected,0.0,tracking,1.0501114663138642,1.061396461403014,0.9491626062269848,tracking,tracking,0.0,0.023901700973510742,0.2977621688038723,0.12,0.2919037178438709,40.5038592769426,2.847323943803137,2.4325309820322576,tracking,high,22.5,22.198476965788057,36.1204461760314,5.852758268115452,tracking
7.016827167000002,1775230456,400894188,1.7654130864994686,-0.1973606117670037,-0.39822277043409615,0.5477378329376779,0.34879086554392297,-0.5674598337727745,corrected,0.0,tracking,1.0501114663138642,1.061396461403014,0.9491626062269848,tracking,tracking,0.0,0.027139663696289062,0.28629862978539133,0.08,0.2822407730892341,41.77529446927184,2.977758642865275,3.5280096636154266,tracking,high,21.666666666666668,22.22173984689145,46.6252125038552,8.02700408644886,tracking
7.022238948999998,1775230456,436823331,1.7850617896797347,-0.18484862559963514,-0.41857895028883524,0.5477378329376779,0.34879086554392297,-0.5674598337727745,corrected,0.0,tracking,1.0501114663138642,1.061396461403014,0.9491626062269848,tracking,tracking,0.0,0.027139663696289062,0.28629862978539133,0.08,0.2822407730892341,41.77529446927184,2.977758642865275,3.5280096636154266,tracking,high,21.666666666666668,22.22173984689145,46.6252125038552,8.02700408644886,tracking
7.044784035000006,1775230456,459032566,1.7972239791293196,-0.17710393401556382,-0.43117905491618846,0.5477378329376779,0.34879086554392297,-0.5674598337727745,corrected,0.0,tracking,1.0501114663138642,1.061396461403014,0.9491626062269848,tracking,tracking,0.0,0.01580810546875,0.34874356628158043,0.08,0.27778064630904503,43.99391615588717,3.2182786372134053,3.472258078863063,tracking,high,21.666666666666668,22.141708648819858,46.1694349185151,10.261722026448416,tracking
7.093570716000002,1775230456,478014533,1.8473986547738754,-0.24243683733930652,-0.427605868992552,0.5488899400473572,0.32047756619386997,-0.46933486214651476,corrected,0.0,tracking,1.0501114663138642,1.061396461403014,0.9491626062269848,tracking,tracking,0.0,0.027045011520385742,0.3413245683321134,0.08,0.2756836057684647,44.942333396664125,3.3266302635449807,3.4460450721058082,tracking,high,21.666666666666668,22.046163677279488,45.952493227127626,13.51860782311529,tracking
7.100283865000009,1775230456,513877583,1.867050604991831,-0.23096275352521786,-0.44440950242343347,0.5488899400473572,0.32047756619386997,-0.46933486214651476,corrected,0.0,tracking,1.0501114663138642,1.061396461403014,0.9491626062269848,tracking,tracking,0.0,0.027045011520385742,0.3413245683321134,0.08,0.2756836057684647,44.942333396664125,3.3266302635449807,3.4460450721058082,tracking,high,21.666666666666668,22.046163677279488,45.952493227127626,13.51860782311529,tracking
7.111277020000003,1775230456,525711365,1.8735461170420424,-0.22717025207610195,-0.4499635671461246,0.5488899400473572,0.32047756619386997,-0.46933486214651476,corrected,0.0,tracking,1.0501114663138642,1.061396461403014,0.9491626062269848,tracking,tracking,0.0,0.005428791046142578,0.40206347511905915,0.08,0.27612690909079596,46.20709855562251,3.4768300250454796,3.4515863636349495,tracking,high,21.666666666666668,22.017384503814526,45.998495772908846,14.626391383115335,tracking
7.145602481000012,1775230456,558948108,1.8917891686454602,-0.21651877470104186,-0.4655625050838159,0.5488899400473572,0.32047756619386997,-0.46933486214651476,corrected,0.0,tracking,1.0512981571648075,1.0972090039202869,0.933736665513863,tracking,tracking,0.0,0.026990890502929688,0.3985316713913021,0.08,0.2772467763594202,46.63611641953853,3.529354923956076,3.4655847044927524,tracking,high,21.666666666666668,21.963530244326282,45.998495772908846,16.945576628116143,tracking
7.175676362000004,1775230456,553914621,1.9372704673754848,-0.28010422056885287,-0.45950534140580857,0.47199373390645916,0.3099350057075439,-0.013015092414099427,corrected,0.0,tracking,1.0512981571648075,1.0972090039202869,0.933736665513863,tracking,tracking,0.0,0.027467727661132812,0.3893860935549112,0.08,0.280362761712815,47.84508425709182,3.6819725762562787,3.5045345214101875,tracking,high,21.666666666666668,21.944613867172855,46.11436700301458,18.028909961449475,tracking
7.18187116,1775230456,595563563,1.9569031508429975,-0.2672124056453864,-0.46004670704545725,0.47199373390645916,0.3099350057075439,-0.013015092414099427,corrected,0.0,tracking,1.0512981571648075,1.0972090039202869,0.933736665513863,tracking,tracking,0.0,0.027467727661132812,0.3893860935549112,0.08,0.280362761712815,47.84508425709182,3.6819725762562787,3.5045345214101875,tracking,high,21.666666666666668,21.92350986915299,46.434227284083015,19.112243294782807,tracking
7.21991383400001,1775230456,610970725,2.038802047349191,-0.3135931690038395,-0.42609616812351,0.3785803996450957,0.311712824143,0.4033805520454105,corrected,0.0,tracking,1.0512981571648075,1.0972090039202869,0.933736665513863,tracking,aborted_path_loss,0.0,0.0238192081451416,0.4519626855150544,,,,,,tracking,,21.666666666666668,21.90377541835229,46.434227284083015,20.196913374782504,tracking
7.227689720000001,1775230456,641500697,2.0503380742365698,-0.3040947176211861,-0.41380443590862526,0.3785803996450957,0.311712824143,0.4033805520454105,corrected,0.0,tracking,1.0512981571648075,1.0972090039202869,0.933736665513863,tracking,aborted_path_loss,0.0,0.0238192081451416,0.4519626855150544,,,,,,tracking,,21.666666666666668,21.90377541835229,46.434227284083015,20.196913374782504,tracking
7.247072778000003,1775230456,660183627,2.0574107144065215,-0.2982712976987873,-0.40626847921660336,0.3785803996450957,0.311712824143,0.4033805520454105,predicted,0.0304718017578125,tracking,1.0512981571648075,1.0972090039202869,0.933736665513863,tracking,aborted_path_loss,0.0,0.011095523834228516,,,,,,,tracking,,21.666666666666668,21.90377541835229,46.434227284083015,20.196913374782504,tracking
7.304694157,1775230456,685389373,2.158049948127357,-0.3540549245187135,-0.3716349085291989,0.2022833074349648,0.3280981982420023,0.9954212013350203,predicted,0.0304718017578125,tracking,1.0512981571648075,1.0972090039202869,0.933736665513863,tracking,aborted_path_loss,0.0,0.02578449249267578,,,,,,,tracking,,21.666666666666668,21.90377541835229,46.434227284083015,20.196913374782504,tracking
7.312832838000006,1775230456,726623334,2.1663639900682163,-0.3405697674116133,-0.3307221227849743,0.2022833074349648,0.3280981982420023,0.9954212013350203,corrected,0.0,tracking,1.0512981571648075,1.0972090039202869,0.933736665513863,tracking,aborted_path_loss,0.0,0.05953621864318848,,,,,,,tracking,,21.666666666666668,21.90377541835229,46.434227284083015,20.196913374782504,tracking
7.3467594860000105,1775230456,758931264,2.1729153914565233,-0.3299435668678306,-0.29848316089004445,0.2022833074349648,0.3280981982420023,0.9954212013350203,corrected,0.0,tracking,1.0512981571648075,1.0972090039202869,0.933736665513863,tracking,aborted_path_loss,0.0,0.02606654167175293,,,,,,,tracking,,21.666666666666668,21.90377541835229,46.434227284083015,20.196913374782504,tracking
7.402457482000003,1775230456,759530522,2.279204250094788,-0.38832964033455103,-0.29295110466880164,-0.01981706564207751,0.3514379459284056,1.375830137243061,corrected,0.0,tracking,1.0512981571648075,1.0972090039202869,0.933736665513863,tracking,aborted_path_loss,0.0,0.02733898162841797,,,,,,,tracking,,21.666666666666668,21.90377541835229,46.434227284083015,20.196913374782504,tracking
7.40782865300001,1775230456,822013129,2.277967162340984,-0.3663909947761031,-0.2070643924360956,-0.01981706564207751,0.3514379459284056,1.375830137243061,corrected,0.0,tracking,1.0512981571648075,1.0972090039202869,0.933736665513863,tracking,aborted_path_loss,0.0,0.05999636650085449,,,,,,,tracking,,21.666666666666668,21.90377541835229,46.434227284083015,20.196913374782504,tracking
7.4110146069999985,1775230456,825522286,2.277897406034064,-0.3651539290236715,-0.20222145397806857,-0.01981706564207751,0.3514379459284056,1.375830137243061,corrected,0.0,tracking,1.0512981571648075,1.0972090039202869,0.933736665513863,tracking,aborted_path_loss,0.0,0.05999636650085449,,,,,,,tracking,,21.666666666666668,21.90377541835229,46.434227284083015,20.196913374782504,tracking
7.442841631000007,1775230456,836609403,2.390450853520478,-0.4187783670377117,-0.2311180808693342,-0.1606034595121497,0.319136042278532,1.1035730271202142,corrected,0.0,tracking,1.0512981571648075,1.0972090039202869,0.933736665513863,tracking,aborted_path_loss,0.0,0.027189970016479492,,,,,,,tracking,,21.666666666666668,21.90377541835229,46.434227284083015,20.196913374782504,tracking
7.461705283000001,1775230456,864499568,2.3859804352354455,-0.40989517359251165,-0.20039998143179746,-0.1606034595121497,0.319136042278532,1.1035730271202142,corrected,0.0,tracking,1.0512981571648075,1.0972090039202869,0.933736665513863,tracking,aborted_path_loss,0.0,0.027189970016479492,,,,,,,tracking,,0.0,0.0,0.0,0.0,tracking
7.479209308999998,1775230456,892329695,2.3815114720026607,-0.40101487148985776,-0.1696918802621571,-0.1606034595121497,0.319136042278532,1.1035730271202142,corrected,0.0,tracking,1.0512981571648075,1.0972090039202869,0.933736665513863,tracking,aborted_path_loss,0.0,0.021535634994506836,,,,,,,tracking,,0.0,0.0,0.0,0.0,tracking
7.530326188000004,1775230456,913136324,2.4819407105058544,-0.4235823428555232,-0.20757348297787348,-0.15317779493934625,0.2813160253606169,0.2855331311638566,corrected,0.0,tracking,1.0512981571648075,1.0972090039202869,0.933736665513863,tracking,aborted_path_loss,0.0,0.027063369750976562,,,,,,,tracking,,0.0,0.0,0.0,0.0,tracking
7.538349129000011,1775230456,952100458,2.4759811968150043,-0.41263750124022264,-0.19646457123883126,-0.15317779493934625,0.2813160253606169,0.2855331311638566,corrected,0.0,tracking,1.0512981571648075,1.0972090039202869,0.933736665513863,tracking,aborted_path_loss,0.0,0.027063369750976562,,,,,,,tracking,,0.0,0.0,0.0,0.0,tracking
7.544419038000001,1775230456,958954717,2.4749306865822147,-0.4107082048731739,-0.19450635349449794,-0.15317779493934625,0.2813160253606169,0.2855331311638566,corrected,0.0,tracking,1.0512981571648075,1.0972090039202869,0.933736665513863,tracking,aborted_path_loss,0.0,0.039447784423828125,,,,,,,tracking,,0.0,0.0,0.0,0.0,tracking
7.580244607000012,1775230456,992277551,2.469826335332213,-0.4013338970221985,-0.18499151881790352,-0.15317779493934625,0.2813160253606169,0.2855331311638566,corrected,0.0,tracking,1.0512981571648075,1.0972090039202869,0.933736665513863,tracking,aborted_path_loss,0.0,0.027189970016479492,,,,,,,tracking,,0.0,0.0,0.0,0.0,tracking
7.6089436430000035,1775230456,990310075,2.564667529423882,-0.41050307111951617,-0.1941083188896011,-0.1459300244101011,0.23702394600086593,0.03852673751890183,corrected,0.0,tracking,1.0512981571648075,1.0972090039202869,0.933736665513863,tracking,aborted_path_loss,0.0,0.02736377716064453,,,,,,,tracking,,0.0,0.0,0.0,0.0,tracking
7.6169592700000095,1775230457,30777840,2.5587705954135567,-0.40092509308460483,-0.19255147937216482,-0.1459300244101011,0.23702394600086593,0.03852673751890183,corrected,0.0,tracking,1.0512981571648075,1.0972090039202869,0.933736665513863,tracking,aborted_path_loss,0.0,0.02736377716064453,,,,,,,tracking,,0.0,0.0,0.0,0.0,tracking
7.646160770000009,1775230457,59017915,2.554649954076875,-0.39423222317231127,-0.19146359586203984,-0.1459300244101011,0.23702394600086593,0.03852673751890183,corrected,0.0,tracking,1.0512981571648075,1.0972090039202869,0.933736665513863,tracking,aborted_path_loss,0.0,0.021912097930908203,,,,,,,tracking,,0.0,0.0,0.0,0.0,tracking
7.695745235000004,1775230457,66527044,2.6502479445058875,-0.38102862240429125,-0.14531571724597767,-0.15590210693542167,0.16186392635379854,-0.0392897516987578,corrected,0.0,tracking,1.0512981571648075,1.0972090039202869,0.933736665513863,tracking,aborted_path_loss,0.0,0.027036666870117188,,,,,,,tracking,,0.0,0.0,0.0,0.0,tracking
7.706085986000005,1775230457,117729339,2.642274579470634,-0.3727503496071646,-0.14732512904031878,-0.15590210693542167,0.16186392635379854,-0.0392897516987578,corrected,0.0,tracking,1.0512981571648075,1.0972090039202869,0.933736665513863,tracking,aborted_path_loss,0.0,0.027036666870117188,,,,,,,tracking,,0.0,0.0,0.0,0.0,tracking
7.7111170100000095,1775230457,125630763,2.6410422094861397,-0.37147085282336917,-0.14763570541188661,-0.15590210693542167,0.16186392635379854,-0.0392897516987578,corrected,0.0,tracking,1.0512981571648075,1.0972090039202869,0.933736665513863,tracking,aborted_path_loss,0.0,0.001991748809814453,,,,,,,tracking,,0.0,0.0,0.0,0.0,tracking
7.762190398000001,1775230457,142867719,2.7248231193444346,-0.3744088399974699,-0.12527618444583583,-0.16736724254714533,0.07802843756887934,-0.0012356682090329113,corrected,0.0,tracking,1.0512981571648075,1.0972090039202869,0.933736665513863,tracking,aborted_path_loss,0.0,0.027249813079833984,,,,,,,tracking,,0.0,0.0,0.0,0.0,tracking
7.771495133000002,1775230457,185315999,2.7177287230667173,-0.37110135492081986,-0.12532856219795294,-0.16736724254714533,0.07802843756887934,-0.0012356682090329113,corrected,0.0,tracking,1.0512981571648075,1.0972090039202869,0.933736665513863,tracking,aborted_path_loss,0.0,0.027249813079833984,,,,,,,tracking,,0.0,0.0,0.0,0.0,tracking
7.78929723600001,1775230457,192313777,2.7165570377661497,-0.370555102428789,-0.1253372127215253,-0.16736724254714533,0.07802843756887934,-0.0012356682090329113,corrected,0.0,tracking,1.0512981571648075,1.0972090039202869,0.933736665513863,tracking,aborted_path_loss,0.0,0.043853759765625,,,,,,,tracking,,0.0,0.0,0.0,0.0,tracking
7.83432169400001,1775230457,220624223,2.76036692012297,-0.4196205463499603,-0.16170736977665578,-0.19664447735525523,-0.2809197131859988,0.043032179194111536,corrected,0.0,tracking,1.0512981571648075,1.0972090039202869,0.933736665513863,tracking,aborted_path_loss,0.0,0.02721691131591797,,,,,,,tracking,,0.0,0.0,0.0,0.0,tracking
7.842651395000004,1775230457,256184280,2.7533855625880808,-0.42959387986395947,-0.16017962268454305,-0.19664447735525523,-0.2809197131859988,0.043032179194111536,corrected,0.0,tracking,1.0512981571648075,1.0972090039202869,0.933736665513863,tracking,aborted_path_loss,0.0,0.03199172019958496,,,,,,,tracking,,0.0,0.0,0.0,0.0,tracking
7.845088500000003,1775230457,259274309,2.752776121412348,-0.4304645071126531,-0.16004625722096574,-0.19664447735525523,-0.2809197131859988,0.043032179194111536,corrected,0.0,tracking,1.0512981571648075,1.0972090039202869,0.933736665513863,tracking,aborted_path_loss,0.0,0.03199172019958496,,,,,,,tracking,,0.0,0.0,0.0,0.0,tracking
7.884986935000001,1775230457,292245650,2.7462944034351002,-0.4397240722914474,-0.15862784744290356,-0.19664447735525523,-0.2809197131859988,0.043032179194111536,corrected,0.0,fallback_curve_window,1.0442267890876806,1.1069518291528666,0.9731013895189213,fallback_curve_window,aborted_path_loss,0.0,0.026880264282226562,,,,,,,tracking,,0.0,0.0,0.0,0.0,tracking
7.95011873,1775230457,297625988,2.743319638730134,-0.438297807501625,-0.18743664856800737,-0.2676984749572406,-0.46595616463392003,-0.02369530335621098,corrected,0.0,fallback_curve_window,1.0442267890876806,1.1069518291528666,0.9731013895189213,fallback_curve_window,aborted_path_loss,0.0,0.06057929992675781,,,,,,,tracking,,0.0,0.0,0.0,0.0,tracking
7.961462979000004,1775230457,371977279,2.723430458174773,-0.4729169299705449,-0.18919713736735905,-0.2676984749572406,-0.46595616463392003,-0.02369530335621098,corrected,0.0,fallback_curve_window,1.0442267890876806,1.1069518291528666,0.9731013895189213,fallback_curve_window,aborted_path_loss,0.0,0.06057929992675781,,,,,,,tracking,,0.0,0.0,0.0,0.0,tracking
